smiles,target
CC#Cc1c(C)occ1,25.4899
C#C[C@H]1Cn2cncc12,129.7229
[NH][C]1OC[C@]21O[C@H]2C=O,-38.0387
C1COCCOC=NC1,-53.595
C[C@H]1[C@H]2[C@@H]3C[C@@]2(C=O)[C@H]13,54.1684
C1CN(C1)c1ncc[nH]1,50.08
O[C@]12C[C@]1(OC2)C=O,-51.5242
C[C@H]1O[C@H]2C[C@@]12C#C,63.7906
COCCc1cnn[nH]1,7.3285
CCc1ccc([nH]1)C#C,66.2036
C[C@]12C[C@]1(O[C]2[NH])C=O,-11.0526
C[C@]12[N][CH]N3[C@H]1[C@H]2[C]3[NH],109.8388
ON=C1C=CC[C@]21CN2,51.9045
O[C@H]1C=CN(C=O)[C]1[NH],-34.0901
[NH][C]1CO[C]([NH])OCO1,-81.3012
CC(C)(O)[C@@H](O)CCO,-149.9373
C#CC[C@@]12[C@@H]3[C@H]4[C@@H]([C@H]13)N24,203.3991
CN1[C@@H]2C[C@@H](C2)CC1=O,-27.1061
CC[C@@H](C)CC[C@@H](C)O,-89.6694
C1N[C@]21[CH][C]1C[C@@H]3[C@H]1[C@H]23,161.8662
CC(C)(COC=O)C#N,-67.8064
CCOC(=O)[C@@H](O)C=O,-166.2232
N[C@@]12[C@H]3O[C@@H]1[C@H]3NC2=O,11.9666
O[C@H]1C[C@]21CCCOC2,-62.8926
CCO[C@H]1OCCC1=O,-118.0337
CO[C@H]1[C@H]2O[C@]1(C)[C@H]2C,-22.5719
COC(C)(C)[C@@H](N)C#N,-27.1609
C[C@@](C=O)(C#N)[C@H]1CO1,-13.2056
CN=C1OCC21COC2,-20.5756
C[C@@]12C[C@H]3C[C@@H]1[C@H]1[C@@H]2N31,67.9602
OC1(CC1)C1(O)CCC1,-48.4423
O[C@H]1[C@H]2N=CO[C@@]12C#C,38.5958
Nc1cnc([nH]1)O[CH][NH],8.8454
CC#C[C@@H](C=O)N(C)C,18.7611
N[C@]1(CCC=C1)C#N,50.7246
C[C@]12CC(=O)[C@H]1[C@H]2C#N,35.5216
CN=c1cconc1N,33.3418
CO[C@H]1[C@H]2[C@H]3[C@@H]1O[C@@]23C,3.9798
C[C@H]1N2CC[C@@]12C#C,107.0031
O[C@H]1C[C@H]2C[C@@]12N1CC1,39.3986
CC[C@]12C[C@H]1[C@@H](C)C2=O,-12.1165
NC(=O)[C@@]12C[C@H]3C[C@@H]1N23,33.6527
CC1=Cc2cccn2C1,42.5842
C[C@H]1[C@H]2CC=C[C@@]12C,26.0215
O=C[C@H]1CCCOCC1,-77.954
O=c1nconc1C#N,39.9549
Oc1c[nH]c2c1C=CC2,20.9809
O=C1CN2C[C@H]1OCC2,-44.7247
OCCC1CC2(CC2)C1,-14.2562
N#C[C@H]1C[C@H]1NC1CC1,77.301
N1[C@H]2[C@@H]1[C@@H]1[C@H]3[C@@H]4[C@H]([C@@H]23)N14,143.5514
C[C@@H](CC(=O)C)N1CC1,-22.4323
C1[C@H]2C[C@H]3CCC3=C[C@@H]12,57.1033
CCC(=NO)[C@@H](C)CO,-63.3044
CN1[C@H]2[C@@H]1[C]1[CH]CO[C@@H]21,74.7197
Fc1cc(=O)nco1,-90.366
CCc1c([nH]nn1)C#C,97.3332
C1N[C@H]1c1ccccc1,52.2278
O=C1N[C@H]2CC=C[C]2[CH]1,4.6055
N#CC[C@]12CCC[C@H]1N2,49.6435
C#CC[C@@]12C[C@@H](CC1)O2,45.2578
COCCC1(CC1)OC,-69.1995
C[C@H]1[C@@H](CC1(C)C)C#N,15.9787
O[C@H]1CC(=O)[C@H]1CC#C,0.4493
C[C@H]1C(=O)CC(=C1C)C,-42.6587
Cn1ncnc1C#N,68.517
C[C@H]1C[C@H]1CCC1CC1,15.8649
O=C[C@H]1C[C@]2(CN2)CO1,-28.0329
O=C1C[C@@H](CC#N)C=C1,8.405
COC(C)(C)C(C)C,-77.824
O=C1NC[C@H]2CC[C@@H]12,-26.7874
CCc1n[nH]cc1O,-12.1046
CC(=O)NCC(C)(C)C,-85.6663
OC[C@H]1OCCC[C@H]1O,-133.309
C[C@@H](O)C(C)(C)C1CC1,-49.9124
CC[C@@](C)(O)CCC#C,-17.6611
CC1=CC2(CC2)C(=O)C1,-7.02
C[C@]12[C@@H](O)[C@H]1C[C@]12CN1,32.592
C1[C@H]2OC=N[C@@H]12,10.9608
Cn1c(O)cc(C)c1O,-61.3455
CO[C@H]1C[C@@H](O)C(=C1)C,-72.7557
[NH]C1=C(N2[C@@H](CO1)C2)[NH],36.3846
C[C@H]1NCc2c1nn[nH]2,70.9745
Nc1c(O)c(N)c(O)[nH]1,-42.5503
O[C@@]1(C#N)[C@H]2CN[C@@H]12,54.7426
O=C1CCC[C@H]2C[C@@H]12,-22.8357
Cc1cc(C=O)ccc1,-18.6774
C[C]([NH])Oc1cocc1,-35.3988
O=c1oc(ncn1)C#C,21.5836
NC[C@H]1N[CH][N][C@H]1C#N,55.337
N[C@H]1[C@@H](O[C]1[NH])[C@H]1CO1,-16.4682
CC(=O)[C@]12CC[C@H]1[C@H]2O,-39.8643
O=C1N[C@H]2[C@@H]1C12CCC1,29.8114
CN1C[C@]21C[C@@]1(C)O[C@@H]21,36.5026
C(CC1CC1)CN1CC1,34.9666
C[C@H]1C=CNC(=O)C=C1,-10.6812
OCCCC[C@H]1C[C@H]1O,-77.4048
CC[C@@H](C=O)C(F)(F)F,-220.447
C[C@H]1C[C@]23O[C@@H]4[C@H]2O[C@]134,91.9063
C[C@H]1C[C@@H](C)C21CC2,15.4042
CO[C@H]1CC[C@@H](C)CC1,-71.072
O[C@H]1[C@@H](O)[C@H]1OCC#N,-54.4385
C1N[C@]21[C@H]1O[C@@H]2[C@H]2O[C@@H]12,48.9605
CN1C[C@H]1C(=O)C(=O)C,-40.3811
CC1(C)N2C[C@@H]3[C@H]2[C@]13O,42.6347
Nc1cn2cn[nH]c2n1,73.0838
COCCCCCC#C,-7.6705
Oc1c[nH]c(c1)N(=O)=O,-25.2654
C#C[C@H]1OCC2(CC2)O1,16.1583
C1N[C@]21CC[C@H]1O[C@@H]21,18.478
NCC(=O)OC1CCC1,-78.1771
Cc1coc2c1nco2,-11.9564
OC[C@H]1[C@H]2C[C@]3(CO3)[C@@H]12,-7.8657
C1C[C@@]2(O1)C=C[C@H]1N[C@@H]21,43.9228
O[C@H]1[C@H]2C[C@@H]1C2=O,-10.6527
O[C@H]1[C@H]2C[C@H]2[C@H]1[C@H]1CO1,-5.7052
CN1C[C@]21CCC2(C)C,26.1614
CC(=O)[C@@]12C[C@]1(O)CN2,-22.7537
CCC(C=O)(C=O)C#N,-33.6888
C[C@@]12C[C@H]3[C@@H](C=C1)N23,79.2138
COc1c([nH]nc1)C=O,-28.8962
Cc1cc(C)n[nH]c1=O,-18.2957
CO[C@H]1[C@H]2OC[C@@]12C#N,13.4391
[NH][C]1OCC=C[C@]21CN2,25.8666
C[C@H]1C[C@@](C)(CO1)C#C,3.0278
CCC(CC)C1CCC1,-20.4396
C[N]C1=C(CNN=C1)C,54.1531
O[C@H]1C[C@H]2N[C@@]12C#N,46.2241
C1CN=CO1,-21.8956
CC#C[C@H]1[C@@H](C)[C@H]1C=O,28.4713
C#CCN1C[C@H]1C1CC1,110.6164
C1[C@H]2C[C@@H]3OC=N[C@H]2[C@H]13,12.3911
C1N[C@H]1[C@H]1COC=N1,13.2744
[NH][CH]O[C@H]1CC[C@H]2C[C@@H]12,-5.8712
O[C@H]1[C@H]2C[C@@H]3C=C[C@H]2[C@H]13,21.8009
CCC[C@@]1(O)C[C@H]1CO,-80.351
CC[C@]12CC[C@H]1[C@]2(C)O,-18.34
CCC[C@@]1(C)COC1=O,-93.4284
CCc1c(N)oc(O)c1,-62.5604
N#C[C@@]12C[C@H]3[C@@H](CN1)[C@@H]23,93.6243
O=C1CC[C@@H](NC1)C#N,1.3184
CC[C@H]1[C@@H](C)CN1C=O,-42.9268
O=COC1CC2(CC2)C1,-43.7555
O[C@]12C[C@]1(O[C]2[NH])C#N,26.2078
C[C@@H](C#N)C(=O)N(C)C,-29.5976
O[C@H]1CCC=CCOC1,-61.5572
C[C@H]1C[C@H]1C(=O)[C@H]1CN1,2.6454
C1OCC1c1cocc1,-20.5729
CC1=C[C@]2(C[C@H]2O)OC1,-36.9464
OCC(=O)c1n[nH]nc1,-18.4402
O=C1OCCCNC=C1,-55.9
C[C@@H](CO)[C@]12C[C@H]1OC2,-36.1908
C1C[C@@H](N1)c1ncno1,39.0396
CC1=C(C)[C@@H]2[C@H]3O[C@@H]2[C@@H]13,55.1687
Nc1cc(=O)cc[nH]1,-12.9588
O[C@@]12[C@H]3N[C@@H]1C(=O)[C@@H]23,25.9753
O[C@H]1[C@H]2N[C@H]2[C@H]2O[C@@H]12,-5.2538
CC1=C(CC[C@H]1O)C#N,-7.3378
OC[C@H]1[C@H]2N[C@@H]1C2=NO,48.2475
O=C[C@H]1CO[C@@H]2C[C@H]1C2,-41.1589
NC1=COC(=O)[C]([NH])N1,-39.7147
C1[C@H]2CN1c1c2[nH]cn1,117.6043
C[C@H]1[C@@H]2[C@H]3[C@H](CN13)C2=O,45.3196
C[C@H]1C[C@H]2O[C@H]3[C@@H]1[C@@]23O,-22.7998
CN=c1occ(CO)o1,-81.9215
C1[C@H]2[C@@H]3[C@H]4CC[C@@H]([C@H]13)[C@@H]24,56.6916
CC[C@@]1(C)COC1(C)C,-55.4263
C1[C@H]2Cc3ccnn3[C@@H]12,70.7296
C[C@H]1[C@H]2CC(=CN12)C=O,17.9063
CC(C)(C)N1C[C@H]1CO,-27.5966
CC1=C[C@H]2C[C@@]2(O)C1,-6.4741
Cc1c(CO)occ1,-59.1215
O=C[C@H]1CC[C@@H](C1)C#N,-8.2841
C[C@@]12[C@H]3[C@H]4N1[C@@H]2[C@@]34CO,96.9624
O[C@H]1COC[C@@H](O)C1=O,-153.4302
COC(=O)c1nocc1,-69.0289
CO[C@H]1CC(=O)C=C1,-55.0533
CC(=O)[C@@H](O)COC=O,-165.3943
O[C@]12C[C@H]1C=CCC2=O,-35.9275
CO[C@H]1C[C@@H]2C[C@H]1C2,-18.2404
CC(C)CN1C[C@H]1C#N,41.4653
C[C@H]1[C@@H](C)[C@H]1C1(O)CC1,-14.1646
C1[C@H]2C[C@H]3OC[C@@H]1[C@@H]23,6.415
C1CC2(C1)[C@H]1[C@H]3C[C@@H]2N13,98.0461
C1CN2CCO[C@H](C2)O1,-60.0251
C[C@@]12C[C@H]3C[C@]1(C#N)[C@@H]23,92.3269
CN=COc1ncc[nH]1,3.3807
C[C]1[C]2C[C@@]3(O)[C@@H](C1)[C@@H]23,75.3645
NC(=O)c1n[nH]nc1O,-42.5243
O[C@H]1[C@@]2(O)[C@@H]3O[C@H]2[C@]13O,-49.9346
COC[C@H]1C=C[C@H]2N[C@@H]12,16.8014
C[C@H]1CC=C[C@H]1OC=O,-69.5976
C[C@H]1C[C@H]2C[C@@H](O1)[C@H]2O,-63.9217
CCCN1[C@@H](C)[C@H]1C#C,67.7526
CCC(C)(C)CC(C)C,-55.4664
Nc1n[nH]c(O)c1N,0.472
C1[C@H]2C[C@H]3O[C@@]12CCO3,-36.1081
CN=C1C[C@@H](N)C(=O)O1,-69.2524
CC[C@H]1[C@@H](O)[C@H]1OC,-68.5401
C[C@@]1(CO)CC[C@H]1O,-79.0779
CN1C(C)(C)[C@]1(C)C=O,-22.4718
N=C(NCC#C)C#N,105.9287
O=C[C@]12O[C@H]1C[C@H]1O[C@@H]21,-40.6237
CN1C[C@H]1C(=O)[C@H]1CO1,-13.0267
CCC(=O)C(C)(C)C,-74.9878
C[C@]12C[C@H]1C[C@]12C[C@H]1O,20.4249
C1[C@H]2OC[C@H]3CC[C@H]3[C@@H]12,6.8525
OCCn1cnc(O)c1,-56.9896
O=C(C[C@H]1CN1)C#N,34.4194
Nc1nc(O[CH][NH])n[nH]1,15.2351
C[C@]1(N[C@H]1C#C)C=O,51.2834
OC[C@@]12CO[C@@H](CO1)C2,-104.3941
N[C@]1(CO[C]1[NH])[C@H]1CN1,27.3668
C[C@@]12N[C@H]3[C@@H]1O[CH][N][C@@H]23,50.362
OC[C@H]1C[C@]2(C[C@@H]12)C#N,29.5522
C[C@]12N[C@H]1C(=O)C=C2,20.5819
N#C[C@@]12C[C@@H](C1)N2,102.9251
CC#C[C@@H](O)C#CC#C,121.7798
COc1nc(C)c[nH]1,-25.8101
C[C@@]12C[C@H]3[C@@H]1OC[C@H]3O2,-39.9127
C[C@H]1O[C@]21[C@H]1O[C@@H]2C1=O,-1.614
Cc1c(N)[nH]cc1C=O,-12.8828
C[C@]12C[C@]1(CO2)C=O,-26.7137
CO[C@H]1[C@H]2[C@@H]3[C@H]2[C@H]2[C@@H]3[C@@H]12,52.4202
CC[C@@H](CCO)C1CC1,-46.832
CCOC1(CC1)C#N,2.3572
FC(F)(F)c1conc1,-153.1365
C[C@H]1[C@H]2[C@@H]3[C@@H](C)[C@@]2(C)N13,80.7364
O[C@H]1[C@H]2C[C@@]1(O2)C=O,-32.8507
CN=c1oncoc1=O,-42.5137
CC1=C[C@]2(C)[C@H]3CN2[C@@H]13,97.5893
C[C@H]1C[C@H]2[C@H]3O[C@@H]1[C@@]23C,3.4432
COCC(=O)N(C)C=N,-70.5192
C1C[C@H]2OC=NC[C@@H]12,-4.0063
C[C@H]1O[C]([NH])[C@H]2OC[C@@H]12,-42.1444
[nH]1ncn2nnnc12,122.0103
CC1(C)NCC(=O)C1=O,-59.8577
OCC[C@]12CC[C@H]1N2,2.8688
OC[C@@]1(O)[C@H]2CC[C@@H]1O2,-83.195
NC1=CC(=O)OCOC1,-98.3441
C[C@H]1[C@H]2CCN2[C@H]1C#N,77.1071
C1CC21C=C[C@H]1O[C@@H]21,36.5742
NC1=Nc2c(C1)nco2,24.9569
C[C@H]1OC[C@@H]2CO[C@H]1C2,-78.4429
C[C@H]1O[C@@H](C#N)[C@H]2C[C@@H]12,11.9838
O[C@]12[C@H]3[C@H]4[C@H](N4[C@@H]13)C2=O,42.2906
O[C@@]12CO[C@@H](C1)[C@H]1N[C@@H]21,-23.9529
O[C@H]1COCC[C@H]1C=O,-113.5796
CC(=O)C(O)(C#N)C#N,-1.1553
C[C@H]1[C@@H]2[C@H]3[C@@H](C2=O)[C@@]13C,25.5427
CCC#CC(=O)C(=O)N,-33.8557
CC(=O)[C@@]1(C)O[C@H]1C#C,-0.7311
CC(C)[C@@]1(C)CC1(C)C,-22.9527
CCC(C)(C)[C@@H](C)C=O,-67.932
CC(=O)[C@H]1NC1(C)C,-28.1804
C[C@H]1[C@H]2N[C@@H]3[C@H]2N1C3=O,54.3404
CO[C@H]1C[C@H]2C[C@@]2(C)C1,-33.0595
CC(C)C(C)(C)[C@H]1CO1,-47.7475
CC[C@@]1(C)[C@H]2CN2[C@H]1C,30.4272
FC1=NNC(=O)[C]([NH])N1,-36.3068
Nc1cc(c[nH]1)C#C,83.707
CC[C@H]1[C@@H](O)CC21CC2,-17.7728
FC1=N[C]([NH])NC(=O)N1,-76.5314
C#C[C@]12N[C@H]1[C@H]1C[C@@H]21,158.8553
COC1(CCC1)[C@H]1CN1,2.6367
Nc1cc2c(CCO2)o1,-25.203
CC[C@H]1C[C@@H](OC)C=C1,-36.6501
CCC1=CCC[C@H]1C=O,-29.3931
C[C@@H](O)[C@@]1(O)C[C@H]1C=O,-99.7324
CC[C@H]1[C@H]2N3[C@@H]1C[C@@]23C,57.7714
C[C@H]1[C@H]2C[C@H]2O[C]1[NH],-8.328
CC1(C)[C@H]2N1CC12CC1,65.0844
C[C@@]12C[C@H]3C[C@@H]1[C@@H]2CC3,6.2243
CC(C)(CO)C(=O)CO,-129.7448
CO[C@@H](C)c1cnc[nH]1,-21.8604
OC[C@]12N[C@H]1C[C@H]2C#N,45.7542
[NH][C](OC(=O)C=O)C#N,-40.8754
CN1CC[C@H]2OC(=O)[C@@H]12,-57.2473
CC(=O)[C@H]1OCC=C1C,-60.9643
C[C@@]1(O)CC=C[C@@H](O)C1,-78.9072
CC[C@H]1[C@@H](C=O)N1C,-12.7907
C[C@H]1C[C@H]2CCC[C@@]12O,-41.2906
C[C@@H](C=O)[C@H]1C[C@@H](O)C1,-68.4159
CC[C@@H](C)C(=O)C=O,-82.0549
Nc1nncc(F)c1N,0.4727
COC[C@H]1C[C@]1(C)OC,-69.342
C[C@H]1[C@H]2N[C@H]2[C@@]2(C)N[C@@H]12,59.8181
C[C@]1(C[C@@H](O)CO1)C#C,-25.7259
O[C@H]1C[C@H]2CO[C@@]12C=O,-62.9422
C[C]1[N][C@@H]2C[C@@H](C2)O1,-7.2562
O=CC[C@@]12C[C@@H](C1)CO2,-39.5719
C[C@]12CN1CC(=O)NC2,-12.2991
CCCC[C@H]1NCC1=O,-30.2724
CN1C[C@@](O)(C#C)[C]1[NH],54.7013
NC1=N[C@H]2[C@@H](O)[C@H]2CO1,-40.3198
CC[C@]12CC[C@H]1OCO2,-69.4977
CC[C@H]1CCO[C@H]1C#N,-20.735
C[C@H]1O[C@H]2CN[C@@]12CO,-32.9933
O[C@H]1C[C@]21OCC=C2,-27.6293
O[C@H]1[C@H]2C[C@H]2[C@H]2OC[C@@H]12,-26.0943
CCC[C@@]1(C)CCO1,-50.9322
CC(C)(CO)CCC=O,-99.025
NC1=NC2(CC2)CC1=O,0.2541
Fc1ncccc1C#N,8.1663
C[C@H]1OC[C@]1(O)C(=O)N,-113.4569
CC[C@H]1C[C@H]2CC[C@@H]1O2,-48.9129
O[C@H]1[C@H]2[C@@H](C#C)[C@H]2C1=O,36.0892
C[C@]12C[C@H]1[CH][C]1CC[C@@H]21,66.4689
CCCCCC#C,24.417
C#C[C@]12CC[C@H]1OC2,62.1007
CO[C@@]1(C)CCN2C[C@@H]12,-12.7191
CCc1noc(C=O)c1,-26.4134
C[C@@]1(O)[C@H]2O[C@]31CC[C@@H]23,48.1916
FC1=CCNC(=C1F)[NH],-54.8333
C#C[C@]1(CCO1)C1CC1,58.8553
CC#C[C@@](C)(O)CCO,-49.3879
C[C@H]1CC=CC[C@@H](O)C1,-43.1229
CCC[C@H]1O[C@@H](C)[C@H]1O,-87.7192
C1[C@H]2[C@H]3N[C@H]3[C@H]3CN3[C@@H]12,99.3423
C[C@@]12C[C@](O1)(C=O)C2=O,-29.2991
CC(=O)COCC1CC1,-63.2264
CCC1(CC)COC=N1,-45.5887
C[C@@]12C[C@H]3C[C@@H](O)[C@@H]1[C@@H]23,-0.6845
O[C@H]1[C@H]2CC[C@@H]1[C@]12CO1,-22.4472
CCO[C@H]1[C@H]2O[C@H]2C1=O,-53.6237
C[C@@]12C[C@@]3(O)[C@@H](O1)[C@@]23O,-33.8716
CC(C)c1coc(C)c1,-38.6878
OC1=NC(=O)O[C]([NH])O1,-135.4196
CCN=c1ncocn1,9.3502
O[C@]12CCO[C@H]1C=CC2,-55.1549
CCCC(=O)CC,-71.034
CC[C@]12C[C@H]1OC=NC2,-7.0578
NC(=O)C1(CNC1)C#N,13.5207
C(N1CC1)[C@]12C[C@H]1OC2,47.9628
[NH]C1=CCOC=C1C=O,-17.3887
C[C]1[C]2[C@@H](O)C[C@H]2OC1,-28.5679
O[C@H]1[C@H]2[C@H]3N[C@]1(C#N)[C@@H]23,82.8136
CO[C@H]1[C@H]2O[C@H]2[C@H]1O,-63.8521
C[C@H]1[C@H]2C[C@@H]3N2C[C@]13O,26.8653
Cc1c[nH]c(c1)C1CC1,35.1019
Cc1coc(C)c1C,-36.8449
C[C@H]1CN=CN1C=O,-26.2951
C[C@]12C[C]([NH])OC[C@H]1O2,-44.8571
CO[C@@H](C)C1CCC1,-43.303
O=CC[C@H]1CCOCO1,-113.6072
N=CN(C=O)C(=O)C#N,-13.8985
C[C@@H](C=O)C1=CCCC1,-27.5212
CCCn1cnc(N)n1,16.2696
O=CN[C@H]1[C@H]2C[C@@H]1C2=O,-7.516
Nc1n[nH]c(O)cc1=O,-37.9257
O=CN[C@H]1C[C@H]2CO[C@@H]12,-36.0989
Cn1ccc(CO)c1,-19.081
CCO[C@]12CC[C@H]1OC2,-43.4805
C[C@H]1[C@H]2O[C@]3(C)[C@H]2O[C@H]13,-19.8687
Nc1c2CCn2nc1O,38.3726
OC[C@H]1C[C@H]2[C@H]3[C@@H]1CN23,21.7869
CCC1=NC[C@@H](O1)C=O,-62.3979
C[C@H]1C[C@@H](NC1=O)C=O,-81.4641
O[C@]12C[C@H]1[C@H]1C[C@@H]2C1=O,-3.0868
N[C@H]1C[C@]1(O)C(=O)O,-111.4772
C1CC21CCCCO2,-30.916
C[C@@]1(O)CCC=C1C#C,20.6827
C[C@H]1C[C@@H](O)C[C@H]2C[C@@H]12,-37.5462
CC#C[C@H]1C[C@H]2[C@@H](C)[C@@H]12,83.0257
CC#C[C@H]1O[C@H]2[C@@H](O)[C@@H]12,29.518
C[C@@H](O)[C@H]1[C@@H](C)O[C@H]1C,-86.6179
CN1[C@H]2C=C[C@]3(CO3)[C@@H]12,50.4313
O=C1C[C@H]2O[C@H]3C[C@@]12C3,9.3178
O=CC1(CCCC1)C#N,-7.8461
C#CC[C@H]1C=C[C@H]2N[C@@H]12,113.5417
OC[C@H]1CCCC1=NO,-52.9205
COCc1c(C)nno1,-22.5858
C[C@@H](CCO)[C@H]1O[C@H]1C,-80.4715
O=C1CC[C@H]2C[C@H]2O1,-60.5672
O=CCOc1c[nH]nc1,-18.6772
CC(C)[C@@H](O)CCCO,-116.9805
Cn1cncc1O[CH][NH],7.4119
C[C@@H](NC(=O)C)C1CC1,-46.5864
C[C@@H](C#N)N(C)CC=O,-2.7151
CCc1nn(C)c(O)n1,-28.2776
[NH][CH]O[C@]12C[C@H]1O[C]2[NH],13.9696
C#C[C@H]1N[C@H]1C1CCC1,101.2119
C1[C@H]2C[C@]31OCCC[C@@H]23,17.7874
CCNc1c(O)cn[nH]1,-2.0722
CC[C@@H](O)CC[C@@H](C)O,-122.2635
C[C@@H](O)C1(CC1)NC=O,-71.9654
C[C@H]1COC[C@H]1CC#N,-20.5524
C[C@H]1CN(CC#N)C1=O,-1.41
C[C@H]1CN1[C@@]12C[C@@H](C1)C2,79.787
CC[C@H]1C[C@]2(CN2)CO1,-20.0057
COCC(=O)[C@@H](O)C=O,-141.7573
CC(C)(O)COCC#N,-67.2716
CCO[C@H]1COC1(C)C,-84.7774
O[C@]1(C[C@H]1CC=O)C#C,8.6565
CC1=C(CC#C)COC1,31.1702
C1[C@@]23CCO[C@@]12CCO3,-35.6293
CO[C@H]1CC[C@H]1C(C)C,-49.3207
O[C@]12C[C@@H]3[C@H]4[C@H]([C@@H]14)N3C2,45.3893
ON=C1C[C@H]2CC[C@@H]12,40.5161
C[C@]12CC[C@H]1COC2,-30.7535
CC(=O)[C@H]1C[C@H]1CC#C,28.551
Nc1c2CCCn2nc1,43.2357
C[C@@]12N[C]([NH])[C@]1(O)[C@H]2O,-9.6409
C[C@]12[C@@H](C#C)[C@H]1N1C[C@@H]21,157.7723
C[C@@]1(O)CC=CC1(C)C,-44.3214
N#CCNC1CCC1,44.4911
O[C@@]12[C@H]3C[C@]41OC[C@@H]2[C@@H]34,41.8385
CN(C1CC1)C(=O)C#C,39.3702
O[C@H]1CCCOCC1,-90.8449
O[C@H]1[C@H]2O[C@H]3C[C@]1(O)[C@@H]23,-49.0153
CN(C)c1nonc1C,25.7654
C[C@@H](C=O)[C@H]1C[C@@H](C)C1,-38.8571
COCC1=CCC(=O)C1,-59.0711
C[C@H]1CC[C@]1(N)C(=O)O,-85.8515
C1[C@H]2C[C@@H]1[C@H]1CC[C@@H]2C1,30.5773
O=C1[C@H]2CO[C@@H]1[C@H]1C[C@@H]21,-19.3982
O[C@]12C[C@H]1[C@]1(CCO1)C2,-13.1977
CCC1=CCOC21CC2,-5.8282
CC1=C(C)C=CCC=C1,32.7961
[NH][C]1OCC=CC21CC2,13.0362
ON=C1CO[C]([NH])C1,-22.0833
O=CCC(=O)C1CCC1,-55.1279
C[C@H]1[C@H]2[C@@H]3[C@@H](C)[C@@]2(C)[C@H]13,63.7167
CCCc1nonn1,29.7864
C[C@H]1CC=C[C@H]2C[C@@]12C,17.544
C[C@H]1C[C@H]1[C@H]1CCC=C1,24.5564
CC[C@@]12C[C@]1(O)[C@H]1C[C@@H]21,17.8427
C[C@]12C[C@]3(C)[C@@H]4[C@H]1[C@H]2[C@H]34,69.5863
CO[C@H]1C(=O)C[C@]21CN2,-16.2872
C[C@@H](CC1(O)CC1)C#C,21.7226
ON=C1C[C@H]2CC[C]2[CH]1,48.7245
C[C@]1(CC(=O)O1)C(=O)N,-124.4736
C[C@H]1C[C@@H](O)[C@@H](C)CO1,-104.5697
CCC1=C[C@H]2N[C@H]2CC1,30.6467
C[C@H]1C[C@H]1C(C)(C)C,-14.6032
C[C@H]1N=C(C)O[C@H]1C#C,22.1476
CN=C1OCCOC1=O,-96.2507
C[C@H]1O[C]([NH])[C@]1(O)CO,-102.9988
C[C@H]1[C@@H](N)[C@H]1CC(=O)O,-78.6985
O[C@]12C[C@H]1C(=O)C2,-27.1612
ON=C1CN[C@H]2CN[C@@H]12,45.6819
C[C@@]1(O)C[C@H]1C1(C)CC1,-15.9781
C[C@H]1C=C[C@@H](CO)[C@H]1O,-70.2564
CCN=C(N)[C@@H](O)C#N,-3.5688
C1O[C@H]2[C@H]3C[C@@]12[C@H]1N[C@@H]31,91.1153
C1OCC21CCOC=N2,-36.8099
C[C@@]1(O)CC21CC(=O)C2,-41.3722
N[C@@H](C#C)C(F)(F)F,-114.8929
OCCC(=O)CC#C,-25.1418
C[C@]12CC3(COC3)[C@H]1N2,33.0746
O[C@H]1C=C[C@@H](C=O)[C@H]1O,-91.2994
C[C@@H](CC=O)[C@H]1O[C@H]1C,-66.187
C1[CH][C]2[C@@H]3[C@H]4[C@@H]3N1[C@@H]24,178.7907
CN1[C@H]2[C@H]3N[C@H]3[C@@H](O)[C@@H]12,42.1154
O=C[C@@]12C[C@@](C1)(C2)C=O,0.1236
COC1(CC1)C1CC1,-0.714
O[C@@]12[C@H]3O[C@@H]1C(=O)O[C@@H]23,-75.5804
[NH][C]1OCC[C@H]1NC=O,-71.1456
C[C@H]1CCC[C@@]2(C)C[C@@H]12,-9.1201
O=c1[nH]c(=O)cco1,-109.8453
Cc1cocc1C=O,-45.9577
C[C@H]1[C@H]2C[C@@]3(C)C[C@H]3N12,54.8912
C1[C@H]2C[C@H]3C=CC[C@@H]1[C@@H]23,54.8894
CCC(=NC)N(C)C=O,-41.8101
C[C@@]12O[C]3[N]C[C@]1(O)[C@@H]23,67.2775
CC(C)OC(=O)C#N,-66.1668
C[C@]12CCC[C@H]1COC2,-50.4735
CC(C)O[C@@H](C)CC#C,-14.9923
O[C@H]1C[C@H]1[C@@]12C[C@@H](C1)O2,8.4313
CC(C)(CO)NCC#N,-23.83
N[C]1N=C([NH])OC(=O)O1,-99.6236
CNc1coc(=O)o1,-99.5245
CN1C[C@]1(CO)CC#C,42.1546
C[C@H]1[C@H]2COC[C@@]12CO,-61.069
CCOC1(CCO)CC1,-76.997
O=CCCN1[C@H]2C[C@@H]1C2,41.1004
CCO[C@@H](C#C)C#CC,62.8199
CC[C@@H](CO)N1CC1,-26.742
C[C@]12O[C@H]1[C@H]1CC[CH][C]21,44.085
C[C@H]1[C@@H]2C[C@@H](C=C2)[C@H]1C,16.2745
C[C@]12CN1CCNC2=O,-13.8666
OC[C@H]1Cn2cncc12,25.5083
COc1c(N)nc[nH]1,-6.9844
O[C@@]12[C@H]3N[C@@H]1[C@H]3[C@]12CO1,62.5856
O[C@H]1[C@H]2O[C@@H]1C2=O,-29.1523
C[C@]1(OC[C@H]1O)C#N,-32.1093
O[C@H]1CO[C@H]1CCC=O,-94.5905
O[C@@]12[C@H]3O[C@@H]1[C@H]3[C@]12NC1,67.2066
C[C@@]12C[C@@H]3[C@H]4[C@@H]3[C@@H]1C[C@@H]24,52.4221
CC(=O)C(C)(C)C(=O)C,-99.3615
O=C1C[C@H]2CO[C@@]12C#N,15.4652
NC(=O)C[C@H]1CN1,-22.8193
C[C@H]1CC[C@H]2CC(=O)N12,-30.3089
NC(=O)O[C@H]1CC[C@H]1O,-122.5232
CC1=CN(C=O)[C]([NH])C1,-12.6713
C[C@H]1CCC[C@H]1O,-61.6351
C[C@H]1CC=C(C)C21CC2,18.6421
C1[N][C]2N[C@@H]3[C@H]4N[C@@]13[C@@H]24,204.0719
CO[C@@H](C#N)C(C)C,-31.8369
CC1=C[C@@]2(C)C[C@H]3[C@@H]1N23,69.2215
CN1CCC=CNC1=O,-34.0366
C[C@H]1C=CNC(=O)N1C,-39.4483
C1CN1[C@H]1[C@H]2[C@H]3O[C@H]3[C@@H]12,102.1977
C[N]C1=CCC(=NN1)F,8.3715
OC[C@@](O)(C#C)C#N,12.3101
C[C@H]1[C@H]2C[C@@H]1N2CC#N,101.0403
CC[C@@]1(C)CC(=NO)C1,-3.8386
Cc1c(N)c(N)c(C)o1,-23.4248
O[C@H]1[C@H]2COC(=O)[C@@H]1N2,-80.9847
C[C@@]12O[C@H]3[C@@H]1CO[C@@H]23,-3.6534
CO[C@H]1C=CC[C@]1(C)O,-68.9788
Nc1noc(CC=O)c1,-19.897
CN1[C@H]2C[C@@H]3[C@@H](O)[C@H]2[C@H]13,33.6864
C[C@]12CN1[C@H]1C[C@@H]21,91.0957
CC1(C)OC(=O)CC1=O,-130.4039
C[C@@]1(C=O)[C@H]2CC[C@@]12O,-33.438
CCc1noc(=NC)o1,-37.1999
C[C@@H](NCCC#C)C#N,78.3941
ON=C1CO[C@H]2[C@@H](O)[C@@H]12,-36.7045
CO[C@H]1[C@H]2C[C@]1(C)O2,-19.5292
O=CCCCCCC#C,2.6381
CNc1nonn1,46.3115
CCN1CC(=O)[C@H]1C,-25.3491
CC[C@H]1CC=CNC1=O,-42.5366
CC[C@H]1[C@H]2C=C[C@@H](O)[C@@H]12,-4.5205
CN1CC(=O)[C@H]1C#N,28.2541
NC(=O)c1n[nH]c(N)c1,-9.875
N#C[C@H]1OC[C@]21CN2,54.7244
C#C[C@@H](C#N)C1COC1,76.4936
CO[C@H]1C[C@@H](O)C[C@H]1C,-95.5223
O[C@H]1[C@H]2[C@@H]1N1CC=C[C@@H]21,52.0102
CNCC(=O)C(F)(F)F,-202.1403
Nc1n[nH]c(C=O)n1,4.4547
CCc1nccc(C)n1,10.0012
C1[C@H]2OC[C@@H]3N=CO[C@]123,-13.3336
CO[C@]1(C[C@H]1N)C#N,17.9066
CO[C@@](C)(C#N)C(=O)N,-61.0132
OC[C@@]12C[C@H]3C[C@@H](C1)N23,30.3606
N[C@H]1[C@@H](C#N)C21COC2,45.2158
C1CCOCOCC1,-89.5849
C[C@@]12C[C@H]3[C@@H]1C(=O)CN23,38.3367
CC[C@@H](C)[C@H]1CCCO1,-68.6856
C[C@@H](O)[C@@]1(C)CO1,-76.7261
C[C@H]1CCC[C@H]1[C@H]1CO1,-30.2062
CC(C)[C@@]1(C)OC[C@H]1C,-55.4816
C[C@H]1[C@@](C)(O)C21COC2,-45.8632
CN1CC(=CNC1=O)C,-41.9966
C1C[C@@H]2[C@H]3COC[C@@H]2[C@@H]13,-8.4136
[NH][C]1C[C@@H](O1)C#CC#N,81.6833
CN1[C@@H](C#C)[C@H]1C(=O)C,50.5606
CCCN1C[C@]1(C)C#N,40.2141
OCC[C@H]1C[C@H]1CO,-70.2965
C1[C@H]2C=C[C@@H]3C=C[C@H]2N13,99.1579
OC1C(=O)CCC1=O,-103.4374
C[C@H]1CC=C(C=O)C1=O,-55.8478
CCc1nc(=O)cno1,-20.5798
C1[C@H]2N1C[C@@H]1[C@H]3C[C@@]21O3,87.1187
Cn1nc(N)c(O)n1,4.5734
C[C@@H](CO)OC(=O)C,-151.5634
CCC#C[C@]12C[C@H]1CO2,57.1811
COCC(=O)[C@@]1(C)CN1,-51.656
CC[C@H]1C[C@H]1CCCO,-48.9649
C[C@H]1C[C@@](O)(C=O)C=C1,-58.5855
C1O[C@@]23CC=C[C@@H]2O[C@@H]13,-0.3546
CC[C@H]1[C@@H](C)CO[C@H]1C,-66.5772
C[C@@]1(CO)C[C@@H]2C[C@H]1C2,-25.0845
CC1(C)C[C@H]2OCO[C@@H]12,-67.8963
O=C1NC[C@H]2O[C@H]2CO1,-86.621
O[C@H]1C[C@H]1[C@]12CC[C@H]1O2,-7.6053
O[C@@H](C1CC1)[C@H]1C[C@H]1O,-44.974
OCCCOC1CCC1,-77.322
CC1=NO[C@H]([NH])O1,-31.87
C[C@@]12CC[C@]31C[C@H](C3)O2,26.1013
O=CCC1(CC1)OC=O,-88.7919
N[C@]12C[C@@H](O)[C@H]1[C@H]2C#N,34.8908
CC1(C)O[C@H]2[C@H]3O[C@@H]1[C@@H]23,-20.3588
CNC(=O)[C@@H](O)COC,-140.7472
C#C[C@]1(CN1)C1COC1,75.3083
COCCCCOC=O,-136.1196
Cc1c(C=O)c(O)no1,-71.7548
C[C@@]1(CO)C[C@H]1C=O,-61.9232
O=Cc1nn2CCc2c1,47.4911
OC[C@]1(CCC1=O)C#C,-0.1977
NC(=O)COC1COC1,-99.2783
CC(C)C[C@H]1C[C@H]2O[C@@H]12,-12.2896
CC1=C[C@H]2N[C@H]2C=CC1,64.3445
[NH][CH]O[C@H]1OC[C@H]2C[C@@H]12,-36.8538
O[C@H]1[C@H]2O[C@@H]3OC[C@H]2[C@H]13,-72.149
O[C@H]1CC=C[C@@H](C1)C#N,-0.2934
CCC(C)(C)CC#CC,7.9727
CNC1=C(NC(=O)[CH]1)[NH],-18.8996
C[C@H]1CO[C@H]1C#N,6.9273
C[C@H]1O[C]([NH])[C@]1(C)C=O,-53.1521
C(N1CC1)c1cnn[nH]1,85.6231
C[C@H]1OC2(CC2)C21CC2,18.3409
C[C@@]1(O)CO[C]([NH])C1,-78.1188
C1C[C@]23CCN4[C@H]([C@@H]24)[C@H]13,85.9484
N#CCNC1(CC1)C#N,88.1433
O=C1CCC=CCOC1,-48.4367
O=CC[C@H]1CN1CC#C,61.5433
C1Oc2c(onn2)C=C1,23.4719
CN1C[C@H]1CC#CCO,41.0508
CNc1nc(=O)onc1,-20.6685
CCC[C@H]1O[C@H]1CO,-76.0671
C[C@H]1[C@H]2OC[C@H]2C1(C)C,-17.0668
CCc1c(C)[nH]nc1,15.0075
C[C@@]12[C@@H]3C[C@H]4[C@@H]([C@H]1O3)N24,47.7487
CCOCCN1C[C@H]1C,-28.3138
[NH]C1=C[N]N[C]([NH])N=C1,102.7593
C1CCc2c(C1)[nH]nn2,41.3438
CC[C@H]1O[C@H]1C(=O)OC,-114.1644
N=C(NC[C@H]1CO1)C=O,-27.7671
Cc1nc(N)c[nH]c1=O,-19.4324
OC[C@H]1COCC=CC1,-63.0758
O[C@]1(CC[C@H]2C[C@@H]12)C#C,38.2121
O[C@]12[C@@H]3[C@H]1[C@H]1[C][C@@H]3O[C@@H]21,91.3269
CC1(C)[C@H]2N[C@H]2[C@H]2CN12,60.6514
O[C@H]1C[C@]21N=CN1C[C@@H]21,46.8668
CN1[C@H]2C[C@]1(C)C2=O,28.6781
CN1C=C(CC1=O)C#N,1.2919
COCC[C@]12CC[C@H]1O2,-39.4657
OC1=N[C@H]([NH])N=NN1,42.4062
NC(=O)C1=NC[C@H]2CN12,13.4774
OCC(=O)[C@H]1N[C@H]1C#N,-8.1927
C[C@@]1(CO)[C@H]2CN2C1=O,-27.6382
O=C(C#C)c1ccno1,49.5808
C1O[C@@]23C[C@@H]4N(C[C@]124)C3,92.3345
CC[C@@H](C)[C@H]1CC[C@H]1O,-53.7509
C[C@@H](O)C#CCC=O,-26.5041
N[C@H]1[C@H]2OC(=N[C@@H]12)N,8.49
O=CNC1=NC[C@H]2N[C@@H]12,22.7526
C[C@H]1[C@H]2[C@@H]1[C@@]1(C)[C@@H](C)N21,84.236
C[C@@H](O)C(F)(F)F,-229.4199
CO[C@]12[C@@H](O)[C@H]1N[C]2[NH],-0.7911
CO[C@H]1CCOCC1=O,-108.8909
Cc1c[nH]cnc1=O,-16.6278
C1C[C@H]2COC[C@@H]1C=C2,-16.3779
CO[C@H]1C[C@H]2C[C@@]12O,-36.9495
CCO[C@H]1C[C@]2(CN2)C1,-2.1154
O=C1C[N][C]2OC[C@@H]12,-4.8862
CN[C@@H](C#N)[C@@]1(C)CN1,52.5719
C[C@@]12N[C@H]3[C@@H]1[C@@H](O)[C@@]23O,17.8914
O=C[C@H]1C[C@H]2C=CCN12,27.1984
C[C@@H](OCC#N)C1CC1,1.0032
C#C[C@@]12C[C@H]3O[C@@H]1C[C@@H]23,85.107
CNC[C@@H](C)CC(=O)O,-113.5923
OCc1nc(O)n[nH]1,-48.3341
C[C@H]1C[C@H]2C[C@@]12C=O,0.7153
O=CCC(=O)CC#C,-8.7777
CNc1ncccn1,24.0652
CC[C@H]1N[C@H]1[C@H]1CO1,5.0117
C[C@@]12C[C@]1(O)C[C@]12CN1,30.0707
Cc1nc(C)c(N)o1,-29.9372
C[C@H]1N[C@]21CCC(=O)C2,-15.5907
CCCOC1CC(=O)C1,-72.5148
C[C@H]1C=C[C@H]2N[C@@]12C,40.0818
CN=c1onc(C)nc1,36.9255
CO[C@@]1(CO)[C@@H](O)[C@H]1O,-130.8071
Cc1c(N)ccnc1O,-32.0551
C[C@@]12C[C@H]3NC(=O)[C@@H]1[C@@H]23,5.1772
O[C@]12C[C@H]1N1CC(=O)[C@@H]21,23.8137
c1nn2ccccc2n1,59.3336
C[C@H]1[C@@H](C)[C@@H](C=O)[C@H]1O,-66.9689
O[N][C]1[C@@H](O)C[C@H]1C#C,43.2112
Cn1cc(cn1)N(=O)=O,22.6798
C[C@@]12COC[C@]1(O)CO2,-97.9314
CC(=O)c1c[nH]c(C)c1,-28.2922
CCO[C@H]1C[C@@H](C1)OC,-76.5157
C#C[C@@]1(C#N)[C@H]2CO[C@@H]12,114.4866
C[C@]12C[C@H]1C[C@H]2C1CC1,49.7007
CN=C(N)C(=O)O[CH][NH],-54.8878
Cc1ccccc1C#N,41.986
C[C@@H](N(C)C)C(=O)C#C,20.114
CO[C@]12CC[C@H]1O[C@H]2C,-44.4908
CCC1(CC#C)CC1,56.2675
NC(=N)N1CC=CC1=O,-15.9673
CCC#C,39.731
CO[C@@]1(C=O)[C@H]2C[C@@H]1O2,-29.3372
O[C@H]1[C@H]2C[C@H]2CNC1=O,-56.2677
O=CCN1[C@H]2C[C@@H]1C2,46.3086
C1O[C@@H]2[C@H]3C[C@@]12CC=C3,84.8869
CO[C@@]1(C)[C@@H](C)NC1=O,-77.596
N[C@H]1[C@@H](O)C(=O)O[C]1[NH],-100.0311
C1COCCCC=CC1,-29.2832
COC(=O)[C@H]1C[C@H]2C[C@@H]12,-47.1428
O[C@@]12[C@H]3O[C@@H]1CCO[C@@H]23,-47.8858
OCC(=O)CC1(O)CC1,-102.5285
O[C@H]1CCC=C1,-27.4304
C[C@H]1C[C@]2(C)C[C@H]1CO2,-51.0006
CN.C=C1C=NC(=O)O1,-54.1238
C[C@]12NC(=O)O[C@H]1[C@H]2O,-95.3716
CNc1nc(N)c(O)o1,-50.3502
CC1=CC[C@@H](O)C=CC1,-14.1697
CN1C[C@H]1c1conc1,48.7343
CO[C@@]12C[C@H]3[C@@H]1C[C@@]23O,6.4628
C[C@H]1CCCN1C(=O)N,-65.7847
C[C@H]1[C@H]2[C@H]3C[C@H]3C[C@@]12C,37.8621
CCC1=CCO[C@@H](C)C1,-46.9394
CCC1=C[C@@H](C)C[C@H]1O,-48.0262
C[C@@]12C[C@@H](CC31CC3)O2,6.5977
O=C(O)C1=C(NC[CH]1)[NH],-60.7021
C[C@H]1C[C@H]1C(C=O)C=O,-44.7219
C[C@H]1C[C@@H](O)[C@H]1C(=O)N,-86.4301
CC(C)[C@]12C[C@H]1[C@@H](C)C2,11.7898
O[C@@]12C[C@H]3C[C@@H]1[C@@]23C=O,2.2715
CC#C[C@H]1[C@H]2[C@H]3O[C@H]3[C@@H]12,111.261
N#C[C@@]12C=C[C@H]3O[C@@H]1[C@@H]23,86.5938
O=CC1(CCC1)C1CC1,1.6586
COC[C@H]1N[C]([NH])[C@H]1O,-46.0978
O=C1CCC[C@H]2CC[C@@H]12,-27.3939
O[C@]12C[C@H]1NC(=O)OC2,-95.4626
C[C@]1(CO1)c1nocc1,-4.6834
CCC1(CN2CC2)CC1,33.2981
CC(C)(C=O)C(=O)C=O,-97.9039
CO[C@@H](C)[C@H]1CO1,-63.2465
C[C@@]12C[C@]1(CO)OC2,-37.2357
C#C[C@@]12C[C@H]3[C@@H](C1)[C@@H]23,130.9452
N#C[C@@]12C[C@@H](C1)[C@]12CO1,80.6841
Fc1c(F)cnc(=O)o1,-136.8083
CCC1=C(O)N[C@H]([NH])O1,-56.4952
C1[C@@H]2C[C@H]3[C@@H]4O[C@@H]([C@H]24)[C@@H]13,19.3134
CC1=CCOC21CCC2,-12.2263
O=C[C@@H](C1CC1)N1CC1,22.1446
C1C=CCC=CC=C1,55.3468
C[C@H]1[C@@H](O)[C@@H](O)[C@H]1C#N,-44.1298
COC[C@@H](O)C=O,-116.5648
N#C[C@]12CCN1[C@H]1C[C@@H]21,119.4055
C[C@]12CC=C[C@H]1C(=O)O2,-53.7123
C1N2[C@@H]3C[C@H]4C=C[C@@]13[C@@H]24,131.0367
CCC1(CC1)OCC#N,1.0829
O[C@H]1C[C@@]2(C1)COC=N2,-43.7646
CC1=C(N)C(=NCN1)[NH],32.64
CN1C(C)(C)[C@]1(C)C#N,38.0404
CC(C)N=C1C[C@@H](C)O1,-36.6724
OCC1=CCC=C([NH])O1,-37.8166
NC(=O)C#C[C@@H](O)C#C,37.7599
Cc1nc2c(o1)nc[nH]2,16.8131
C[C@]12CN1[C@H]1C[C@@H](O)[C@@H]21,39.4777
O=Cc1nccoc1=O,-59.5624
O=C1CC(CC2CC2)C1,-7.611
N#C[C@@]12CC[C@@H](C1)OC2,-2.1803
C#CC#CCC1COC1,88.4423
CC1=CC(C)(C)CC1,-13.6169
Cn1cnc(n1)C(=N)N,44.4036
CC(C)C(=O)NC1CC1,-45.4839
C[C@@H](O)[C@@H](O)[C@@H](C)C#N,-77.3632
CN(CC=O)CC(=O)C,-69.7019
C[C@H]1[C@H]2C[C@@H](CO)[C@@H]12,-5.0294
C[C@@]12C[C@@H](C1)CC(=O)O2,-73.6871
CC[C@H]1C[C@@H](C)C1=NO,-4.3243
C[C@@](CN)(OC=O)C#N,-53.1687
CC(C)[C@H]1OC[C@H]1C#N,-7.6972
CC[C@H]1CCCO1,-60.1159
C[C@@](CO)(CC=O)C=O,-115.4232
C1[C@H]2C[C@H]3O[C@H]3C[C@@H]12,8.8058
O[C@@]12C[C@@H](C1)C[C@H]2C#C,41.0309
CC(C)[C@H]1CC=C[C@H]1O,-40.4459
CC#C[C@H]1C[C@]1(O)C#C,88.9229
O[C@H]1C[C@H]2[C@H]3C[N][C]1N23,48.9834
CC1(C)N[C@H]1C(=O)N,-32.823
C[C@@H]1N=C([NH])N=C(O)N1,-12.9844
O=CC(NCC#N)C=O,-18.6703
O=CNC[C@H]1[C@H]2CN1C2,35.3797
C#CCOC=NC1CC1,59.2717
C[C@]12C[C@H]1[C@@]1(CO)O[C@@H]21,2.3608
C[C@H]1[C@H]2CN(C)[C@@H]1C2=O,4.1941
Oc1ccnc(=O)cn1,-16.0537
C[C@@]12O[C@H]3[C@@H]1NC(=O)[C@@H]23,-1.8584
C1[C@H]2O[C@@H]3CN[C@H]2[C@H]1O3,-32.0333
C[C@H]1CO[C@@H](C)[C@@H](C)C1,-72.3992
O[C@H]1CC=C(C1)C1CC1,-9.0976
O=N(=O)c1ncco1,-7.5258
[NH][C]1COC[C@@H](N1)C#N,16.443
C[C@@H](C=O)C(=O)CO,-116.2096
C[C@@H](C#C)[C@H]1O[C@H]1C=O,10.3539
CCCc1c(C)[nH]nc1,9.7397
CC1=NCC(=O)N1[CH][NH],-9.342
C[C@@]12CO[C@@H](CC1=O)O2,-101.7349
CC#CC[C@@H](C)C1CC1,45.0885
CC[C@H]1CC[C@H]1[C@@H](C)O,-54.4004
Nc1cnc2oncn12,56.1169
CO[C@H]1OCC=C[C@H]1C,-71.5767
COCC(=O)C[C@@H](C)O,-129.2057
C[C@H]1[C@H]2[C@H]3C[C@@H](O)[C@@H]1N23,15.7747
C[C@H]1[C@H]2C[C@@](C)(O)[C@@H]12,-14.1195
NC(=N)[C]([NH])OC=O,-51.2226
CC[C@@H](CO)C#CC,-14.9139
C1CC21[C@H]1O[C@H]1[C@]12CN1,77.2862
CC[C@]1(N[C@H]1C)C#N,37.9587
N#C[C@]12C[C@H]1[C@H]1C[C@H]1C2,77.6174
C[C@]12[C@H]3N[C@H]3[C@H]1[C@H]2C#C,158.8968
O=C[C@@]12C[C@@H](C1)C(=O)C2,-33.0259
CC[C@]12C[C@H]1[C@@](C)(O)C2,-22.8204
CC[C@@H](OC)C(=O)N,-102.5181
ON=C1[C@H]2CC=C[C@@H]1N2,66.8247
CC#C[C@@H](CN)C(=O)O,-47.8804
CCCOC=O,-99.0919
C[C@@H](C=O)N1C[C@@H](O)C1,-50.4085
N[C@H]1[C@H]2C[C@H]2N[C@H]1C#N,70.3134
C[C@H]1[C@H]2C[C@@](C)(C#N)[C@@H]12,58.7282
Cc1ncc(N)n1C=O,-15.2833
Nc1c(OC=O)nc[nH]1,-44.7756
OCC(=O)C(F)(F)F,-237.8461
CCN1[C@@H](CC1=O)C=O,-63.5048
O=CN1C[C@H]2CN2C1=O,-35.0759
C[C@]12C[C@@H](O)[C@H]1C[C@H]2O,-53.0193
Cn1cc(N)nc1O,-20.9139
CN1C[C@H]1COC(=O)N,-68.1767
O[C@H]1C[C@@]23CCC[C@@]12N3,19.3302
C[C@H]1N[C](C=O)[N][C@H]1C,-23.2347
C[C@]12C[C@@H](O)[C@H]1C(=O)C2,-41.0271
CC[C@@]12C[C@]1(O)CC=C2,-9.417
C1[C@H]2N[C@H]2c2c1occ2,41.7069
O=CC1=CN2[C@H]3C[C@@H]1[C@@H]23,62.9193
COc1c([nH]cn1)C=O,-48.8874
N#C[C@H]1[C@H]2[C@@H]3CCN2[C@H]13,107.9647
[NH][C]1OCCOC1=O,-97.4713
C[C@H]1[C@H]2CC[C@@H](C)O[C@@H]12,-34.1018
NCC[C@@H](C#C)C(=O)O,-39.8652
CC#CC1(CCC1)C#N,90.9558
[NH][C]1C[C@]2(C[C@H]2C#N)O1,46.905
CCCN[C@@H](C=O)C#N,-4.9064
O=C1[C@H]2C[C@@H]1C(=C2)C#C,87.1501
C[C@@H](O)[C@H]1C=C[C@H]2C[C@@H]12,-5.9368
OCC(=O)O[C]([NH])C=O,-131.4188
CO[C@]12CCO[C@H]1[C@H]2C,-53.4002
Cc1nn2C=CCc2c1,56.7581
ON=C1C[C@H]2CC[C@@]12O,0.7572
C([C@H]1CO1)[C@H]1COC=N1,-35.1188
C[C@@H](NC=O)C1(C)CC1,-43.7532
C1N[C@]21C[C@@H]1O[C@H]2C=C1,39.6476
C[C@]12OC[C@H]1[C@@H](O)C=C2,-40.5828
CN1CC(O)(C1)C(=O)C,-59.9887
COCc1ccco1,-49.9466
C[C@H]1N[C@H]1C(=NO)C,15.723
C[C@]1(C[C@H]1CO)N1CC1,6.6157
O=C[C@@H](CCC#C)C#C,78.382
C[C@]12C[C@H]1C[C@H]2O,-8.5994
C[C@H]1C[C@H]2CCCO[C@@H]12,-37.5493
COCC[C@H]1CCO1,-69.5724
C[C@H]1CNC(=O)OC1,-98.5003
C[C@@H](CO)C(=O)N,-102.7529
C[C@H]1OCCC[C@H]2O[C@@H]12,-63.6958
OC[C@H]1NC[C@]1(O)C=O,-84.1447
CC(=O)C(=O)C#CC#N,26.2933
C#C[C@]12C[C@H]1[C@]1(CO1)C2,91.4869
NC(=O)C1(CC1)O[CH][NH],-51.2165
CC(=O)[C@H]1COCCN1,-74.2257
CNc1c2CCn2nc1,80.2042
C1N[C@]21[C@H]1[C@H]3C[C@@H]2CN13,78.8949
CO[C@]1(CCC=C1)C=O,-48.8591
C[C@H]1CCCCCC1=O,-59.6163
O=C1C[N][C]2NC[C@H]2N1,9.6671
C#C[C@H]1[C@H]2O[C@H]3C[C@H]3[C@@H]12,87.2105
CCC[C@H]1N[C@@H](C)C1=O,-33.9879
O=C1OCCC[C@]21CO2,-93.5873
CO[C@H]1C[C@@H](O)C21CC2,-44.649
OCC#C[C@H]1O[C@H]2C[C@@H]12,35.4775
C1[C@H]2[C@@H]1[C@H]1C[C@H]3C[C@@H]2[C@@H]13,70.4837
C1N[C@]21C[C@H]1OC=N[C@@H]21,38.0892
O[C@H]1COC=NC1,-62.2429
C[C@@]1(CC=O)CC[C@H]1O,-67.9384
C[C@H]1COC(=N1)CC#N,-2.9838
CN[C@@](C)(C=O)C(=O)C,-75.4355
CC#C[C@@H](O)[C@H]1CO1,-6.3987
C#C[C@H]1CN1CCC#N,115.2664
OCC(=O)C1(CC1)C=O,-90.7139
OCC1=CC[C@H]2CN2C1,8.5885
C[C@@H](CNCC#N)C#N,51.4379
CCn1cccc1CC,1.9256
O[C@@]12C[C@H]3C[C@@H]1C[C@@H]2O3,-46.3289
O[C@H]1C[C@@H](C=O)[C@H]2O[C@@H]12,-77.3938
CCc1cnc(N)o1,-28.4914
CC(C)COCCC=O,-97.7719
Cc1c(N)onc1C#N,38.2808
CC1=N[C@H](NC(=N1)[NH])N,20.3901
C[C@@](O)(C#N)C1(C)CC1,-7.7813
O[C@H]1[C@H]2OC[C@@H]1C(=O)O2,-143.3287
C[C@@]12[C@H]3O[C@@H]1C(=O)[C@@]23O,-20.2617
C[C@H]1O[C@H]2C[C@@H](O1)C2=O,-76.7782
Nc1ccccc1C#N,47.3861
C[C@@H](CO)[C@H]1C[C@H]1C,-45.4559
O=C[C@]1(CO1)C#N,-0.298
OC[C@H]1[C@H]2O[C@@H]1[C@H]1O[C@@H]21,-32.4001
C[C@@]1(CO)O[C@H]2C[C@H]2O1,-93.7553
Cn1c(C)cc(C)c1N,6.6988
O=C[C@]12[C@H]3O[C@H]([C@@H]13)C2=O,-1.9172
C[C@]12CC=C(C=O)[C@H]1O2,-28.75
O[C@H]1CO[C@H]1[C@H]1CO1,-70.3907
O=C1C[C@@H]2C[C@H]1C(=O)N2,-61.2785
NC(=O)[C@H]1CC(=NO)C1,-28.1317
OCC[C@@]12C[C@H]3CN1[C@@H]23,39.6552
Cc1nc(co1)C1CC1,-1.7047
CC(=O)N(C=O)C=O,-113.7458
C1C[C@@H](O1)c1ccno1,-1.4561
CCNc1n[nH]c(O)n1,-18.4737
C[C@]12CC[C@H]1[C@]2(O)CO,-47.9905
C[C@@]1(CO)[C@H]2CCC[C@@H]12,-31.9984
C[C@H]1[C@H]2[C@H]3CC[C@]1(O)[C@@H]23,0.1406
O=CNCCC1COC1,-66.4125
O[C@]12C[C@H]1[C@H]1CO[C@@H]2O1,-65.328
CN(C)C(=O)C[C@H]1CN1,-21.8346
CCC[C@@H](C=O)[C@H]1CN1,-17.2691
C1[C@H]2[C@H]3O[C@@H]4O[C@H]3[C@H]2[C@H]14,-9.3393
C[C@@]1(NC=O)[C@@H](O)[C@H]1O,-102.1624
CC(C)Nc1n[nH]nc1,35.8216
C1O[C@]21CC[C@]12CCO1,-11.4639
C[C@H]1CC=C(CCO)C1,-43.6776
CCc1c(C)[nH]c(C)c1,-6.505
C[C@@H](O)CC#CC(C)C,-23.372
C[C@@]12C[C@H]3[C@H]4[C@@H]1C[C@@H]2N34,65.4828
C[C@H]1C[C@@H](O)[C@H]2[C@@H]1N2C,-15.0867
OC[C@]12C[C@H]1NC(=O)N2,-56.3998
CC[C@H]1CC(C)(C)CO1,-72.3271
C1Nc2n[nH]nc2C=C1,78.3859
COC[C@@H](C)C(=NO)C,-61.5825
CCC1(CC1)OCC#C,28.4539
CCC(CO)(C#C)C#C,66.1394
Cc1ncnc(N)n1,16.2154
O[C@H]1CC=C(C=O)C1=O,-83.6847
CC[C@]1(NC1(C)C)C=O,-28.6057
CC#CCC[C@@H](C)C#N,54.3715
CN1[C]([NH])OCC1=O,-76.1112
OC[C@@]1(CC#N)CN1,12.6858
C[C@]12CN1[C]([NH])[C@]2(C)O,18.1
N#C[C@H]1[C@H]2CO[C@@H]1CN2,16.0134
C[C@@H](O)[C@H]1[C@H]2[C@H]3C[C@@H]1N23,33.1831
CC1=CC(=CC=CC1)C,28.7399
N=CNc1ncn[nH]1,47.1074
CCNc1nc(N)no1,-7.1559
O=C[C@H]1[C@H]2CC(=O)N[C@@H]12,-42.7369
C[C@@]12C[C@](N1)(C=O)C=C2,44.9118
C[C@@]1(O)C[C@@]2(O)C[C@@H]12,-44.4426
CCCC#CC#N,62.761
C[C@@H](N)C(=O)NC(=O)C,-98.8249
COc1c(C)[nH]nc1C,-15.0356
N#C[C@@]12C[C@@H]3[C@@H](C[C@H]13)C2,84.2577
O[C@H]1C[C@@H](C2CC2)[C@H]1O,-49.4626
C[C@H]1[C@H]2[C@@H](O)C=C[C@@]12O,-34.154
OCC1=C[C@@H]2C[C@H]1C2=O,-9.9505
N#CC1=C(CNC1)C#N,90.4116
C1O[C@H]1c1ccccc1,9.8166
CN1CC[N][C]1C=O,-10.1443
CC[C@@H](C#C)C#N,74.2652
OC[C@]1(CO[C]1[NH])C=O,-75.12
OCC(=O)N=C=O.N#N,-103.4809
OCc1cc(=O)occ1,-91.9917
c1nn2nncnc2n1,125.434
C[C@H]1[C@H]2C[C@@H]3C[C@]3(O)[C@@H]12,-0.6343
OCCC(=O)CC#N,-52.5743
OCC#CC(=O)CC#C,43.8439
[NH][C]1CC(=O)CCCO1,-61.6436
Cc1nccc(=O)[nH]1,-28.095
O=C[C@]12C[C@]1(NC2)C=O,-1.4599
O[C@]12C[C@]1(CC2=O)C=O,-55.8026
C[C@H]1C[C@]21CC[C@]12CO1,16.9673
CN=C(C)NC(=O)C,-51.3634
OCC[C@@]1(O)C[C@H]1C#N,-36.4234
CC1=CC[C@@]23CC[C@@]12N3,78.9554
O[C@H]1[C@H]2[C@@H]1[C@]1(CN1)[C@H]2O,7.2802
C[C@H]1C[C@@H]2[C@H]3[C@@H](O)[C@@H]2[C@@H]13,11.0562
C[C@H]1CC=C(C)C[C@H]1C,-20.1297
O=CC1(CN2CC2)CC1,16.9087
NC(=O)[C@]12CN1CC=C2,10.1186
Cn1cnoc(=O)c1=O,-63.935
C[C@]1(OC(=O)[C@H]1N)C#N,-34.9428
C[C@@]1(O)CC[C@@H](C1)C#N,-29.8326
C[C@H]1O[C@]1(C)CCCO,-84.3696
C[C@@]1(O)[C@@H](CO)O[C]1[NH],-98.0566
O=COc1c[nH]c(=O)[nH]1,-96.7029
CC[C@@H](CN1CC1)OC,-27.1435
C[C@@]1(O)CC[C@H]2[C@@H](O)[C@@H]12,-67.843
Cc1c(N)c(O)ncn1,-24.9839
CC1(C)COC[C@]21CN2,-17.5622
C[C@H]1C[C@H]2[C@@H](N[C@@H]12)C#N,71.718
CC1=C[C@@H]2[C@H]3[C@@H]4[C@H]([C@@H]13)N24,113.361
CC[C@H]1[C@@H](O)CNC1=O,-97.0099
C[C@H]1[C@H]2[C@H]3O[C@@H]1C[C@@]23O,-42.9165
N=CN(C=O)C=O,-52.9324
OCC1=C[C@@H](O)C(=O)N1,-98.2305
CCC[C@]1(CN1)[C@H]1CN1,45.2995
C[C@H]1O[C]2[N]C[C@@H](C)[C@@H]12,2.8537
OC[C@H]1C[C@]1(O)[C@H]1CN1,-32.1242
ON=C1[C@H]2C[C@@H]1CCC2,19.8893
OC1(CC2CCC2)CC1,-16.706
C1[N][C]2OCC[C@H]3[C@@H]1[C@@H]23,31.2214
OCC(=O)O[C]([NH])C#C,-45.7194
C[C@H]1[C@H]2C[C@@H]1[C@H]2CC=O,18.4545
CC#CCN1CCC1=O,20.0775
C[C@H]1CC[C@H]2[C@@H](C#C)N12,83.0028
CCC(CC)[C@@H](C)CO,-81.9178
CCOc1cn(C)nn1,1.4626
CC(C)[C@@H](N)CC(=O)O,-119.2625
O=CN1[C@H]2C[C@H]2[C@H]1C#C,78.4414
CC[C@]1(C[C@H]1C)N1CC1,35.4266
CC1(C)[C@H]2[C@H]3C[C@]1(O)[C@@H]23,18.0516
C1O[C@H]2[C@H]3C[C@@H]4[C@H]3N4[C@@H]12,59.1161
C1N=CO[C@H]2O[CH][N][C@H]12,-20.1851
C[C@H]1[C@@]2(C)C[C@]1(O)[C@H]2C,-10.2596
O=CC[C@@H](CC#N)C=O,-35.8242
CCN1CCNC(=O)C1,-47.6723
Oc1ccccc1O,-62.9017
CC(C)[C@@]1(C)C[C]([NH])O1,-40.8616
OCCC[C@@H](O)CC=O,-128.8644
CC[C@@H](O)[C@@H](O)C(=O)N,-153.0074
CCCn1nc[nH]c1=O,-32.4687
O[C@@]12[C@H]3[C@@H]1[C]1[CH]C[C@H]3[C@H]21,120.8406
O=CN[C@H]1CO[C@H]1C#N,-21.3278
[NH][C]1OCCC(=O)C=C1,-39.5422
CC[C@H]1C[C@]21CCC2=O,-13.3019
CN1[C@H]2[C@H]3N[C@H]3[C@@]12CO,75.9507
CCc1nc(CO)n[nH]1,-21.2068
CN1C[C@@H](C=O)C1=O,-57.5028
OC[C@H]1[C@H]2O[C@@H](CO)[C@@H]12,-65.0342
CC[C@H]1[C@H]2CO[C@@]12CC,-13.655
OC1(CC1)C1CC1,-5.4117
Cc1cc(=O)[nH]nc1,-6.7672
COC=NC1(CC1)C#C,54.1694
CC(C)[C@H]1[N][CH]O[C@H]1C,-46.5249
C[C@H]1[C@@H](O)C[C@H]1C#C,23.2297
C[C@]12C[C@@H]3[C@H]1N3CC2,50.9697
[NH]C1=C[C@H](OC=N1)C=O,-14.3255
C[C@H]1CNC(=O)C=C1N,-40.0438
CC[C@H]1CN2C[C@H]2[C@H]1O,-15.9533
OCC#Cc1ccn[nH]1,54.5982
O[C@H]1[C@H]2O[C]([NH])[C@@]12C=O,-36.2346
C[C@@]12[C@H]3C[C@@H]1[C@H]3N2C=O,57.7663
COc1c(N)c(C)n[nH]1,-3.4552
C1C[C@H]2O[C@H]2[C@H]2N[C@@H]12,19.3904
CCC[C@H]1C[C@]1(C)CO,-51.6707
CC[C@H]1O[C@@H]2O[C@H]1C=C2,-41.8021
O=CC[C@]12C[C@@H]3[C@H]1N3C2,57.2128
C1[C@@H]2CC[C@H]3C[C@@H]2O[C@@H]13,-21.8266
C[C@H]1[C@@]2(O)C[C@@]1(C2)C=O,-21.9847
C1CC1[C@]12C[C@H]1CC=C2,60.5226
Cc1cc(no1)[C@H]1CN1,34.2783
CN1[C@H]2[C@@H](O)[C@H]2CC1=O,-57.2033
C1C[C]2[CH]CO[C@H]2O1,-42.0275
C[C@@H](C1CC1)C(=O)C=O,-49.4527
Nc1cc2c([nH]1)C=CC2,57.2086
C1C[C@H]2C=CCC2=C1,40.7848
CCCCOC[C@H]1CO1,-74.0452
C1[C@H]2[C@H]3[C@@H]1C1(COC1)N23,77.622
CC#CC[C@@H](N)C#N,72.892
C[C@@H](CC#C)C=O,12.6636
C[C@H]1[C@@H]2[C@H]3[C@H](N13)C2=NO,92.242
C1OCC1[C@H]1OCC=C1,-29.196
O=C1N[C@H]2[C@H]3CCN3[C@@H]12,44.7803
CO[C@@H](C#C)[C@@]1(C)CO1,-0.9129
C1CC21[C@H]1[C@@H]3C[C@H]1N23,133.3497
C[C@@]12C[C@@H](O1)[C@]1(CN1)C2,19.7701
CC#CC(O)(CO)CO,-81.5898
CCC[C@H]1[C@@H](O)[C@H]2CN12,0.0068
C1CC21OC[C@H]1OC[C@@H]21,-26.878
C1C=CCc2c1occ2,5.9153
C[C@H]1CC[C@H]1C(=NO)C,-3.6867
CCC#C[C@@H](O)C#N,37.4004
CCN=c1[nH]cc(O)o1,-49.4827
CCOC[C@H]1CC[C@H]1C,-49.4518
Cc1c(N)cc(O)[nH]1,-17.8859
CO[C@H]1CC[C@H]2[C@@H]1N2C,-8.5066
C[C@]12O[C@H]1[C@@H](O)[C@H]2C#C,22.2552
C1O[C@H]2[C@H]3C[C@H](C3)C[C@@H]12,0.5542
C[C@@H](O)[C@@H](O)CC#N,-69.9148
CC[C@@]12[C@@H](O)[C@H]3[C@@H]1O[C@@H]23,13.7294
C[C@H]1[C@H]2NC(=O)O[C@@]12C,-70.9201
C[C@@](O)(CC#N)C#N,9.9873
OC[C@@]12C[C@@H](C1)C=CC2,-5.4342
O=C[C@H]1C[C@H]2[C@H]3C[C@@H]1N23,32.3923
CC(=O)C(C)(C)OC=O,-135.4797
C[C@H]1CC2(CC2)C(=O)N1,-35.7902
C[C@H]1CN2C[C@@H](C#N)[C@@H]12,77.9956
C[C@]1(CC(=O)CO1)C#N,-41.6469
C[C@@]1(O)CCC=CC=C1,-15.0313
C[C@@H](CC#C)NC(=O)N,-10.0168
CCn1nccc1C#N,57.1713
N#C[C@@]12C[C@@H]3[C@@H](C[C@H]13)O2,60.7136
O=C(CCC#N)C#C,49.2081
C[C@]12O[C@H]1CC[C@H]2C#C,32.0858
N#CCCN1CC1,52.4848
C[C@@H](O)[C@H]1C=C[C@H]2O[C@@H]12,-34.2337
C[C@]12O[C@H]1C[C@]2(C)CO,-47.9854
CCCN1CCCC1=O,-67.4329
C[C@]1(CO1)c1n[nH]nc1,31.4248
O[C@H]1[C@H]2CO[C@@H]1[C@H]1C[C@@H]21,-36.2311
CC1=C[C@@]2(C)C[C@]1(C)C2,32.9995
C[C@H]1N(C)C[C@]1(O)C#N,5.9728
C#C[C@@]12CC[C@@H](CO1)O2,-3.8693
C1CC=C2[C@H]3N[C@H]3[C@H]2C1,82.4939
CC[C@H]1O[C@@H](C)C[C@H]1O,-103.6981
C[C@H]1[C@@H](C)[C@H]1CC(=O)C,-42.1358
CCOC[C@@H](NC)C#N,-19.3785
OC[C@H]1[C@H]2C[C@H]2O[C]1[NH],-44.5201
Cc1c[nH]c(CC#N)c1,43.9814
NC1=C(F)C(=NCN1)[NH],-1.7141
O=C1[C@@H]2C[C@@H](C=C2)C1=O,-17.3627
C[C@]12CN1CCOC2,-10.9603
C[C@]12C[C@H]1[C@@]1(C)C[C@@H]21,67.9272
CCC[C@H]1[C@@H](O)C1(C)C,-53.835
C[C@@H](CO)NC=O,-98.3472
O[C@H]1[C@@H](O)[C@H]1NCC#N,-14.6076
C[C@@H](C#C)[C@H]1[C@@H](C)[C@H]1O,21.8531
[O]N[C](CN=CN)C=O,-4.7052
Cc1conc1NC=O,-27.6298
CC(=NO)CC(F)(F)F,-188.2071
C[C@]12CC(=O)[C@@H](O)[C@H]1N2,-47.4644
C[C@H]1[C@H]2N[C@H]2[C@]1(O)CO,-36.9265
CC[C@]12O[C@H]1[C@@H](C)[C@H]2C,-20.5187
CC#CCC[C@H]1CN1C,65.523
CC#C[C@H]1CC[C@]21CN2,92.1086
Cc1ncc(F)c(O)c1,-71.9837
O=C[C@H]1NC(=O)[C@H]1C#C,13.501
CC1=N[C@H](N)C=C([NH])O1,-13.8764
CC#CCC(=O)[C@H]1CO1,2.0551
C[C@H]1OC[C@@H](O)[C@H]1O,-127.8046
O=CCC#CCCC#N,44.0287
CO[C@H]1CN=C(O1)C=O,-89.2822
OC[C@]12N[C@H]1CN1C[C@@H]21,32.7329
O=Cc1c(cc[nH]1)C#C,46.8455
C[C@@]12CN(CC1)[C@H]2C=O,9.0259
Cc1c[nH]ncc1=NO,42.0924
CC1=N[C@H]2COC[C@H]2O1,-65.1325
CN(C=O)c1ccn[nH]1,-0.8612
Cc1cc(N)c(C)[nH]1,10.7423
CNC[C@]1(CO1)C#N,19.3116
O=C1CNC(=O)[C@H]2O[C@@H]12,-74.7737
C[C@H]1CC=C[C@@H](C)C=C1,18.3026
O[C@@]12[C@H]3C[C@@H]1O[C]2[N]C3,27.8354
CN[C@H]1[C@@H](CO)[C@H]1C#N,10.9119
O[C@H]1[C@H]2[C@@H]1[C@H]1CC[C@@H]2O1,-32.8331
C[C@@]12C[C@@H](O1)[C@H]2O[CH][NH],2.2337
CC(=O)Nc1cnc[nH]1,-18.0575
N[C]1NC(=O)C=C([NH])N1,-6.6371
C[C@H]1[C@@H]2OC[C@]2(C)C1=O,-39.3937
CCc1nc(C)c(N)o1,-34.6541
CC(C)OC[C@H]1CN1C,-29.9491
Cc1nccc(C)c1F,-40.6923
CC(C)N=C1OCC=C1,-23.877
N#Cc1c2CCn2cn1,95.5359
CC[C@H]1[C@@H](O)[C@H]1CC#C,22.6218
CC#C[C@H]1N=CN2C[C@@H]12,111.8785
C[C@H]1C[C@@H](C1)NC=O,-39.6142
C[C@@]12[C@H]3[C@H]4[C@@H]1C[C@@H]2N34,109.0437
O=CN1C[C@]2(C[C@@H]12)C=O,-15.1384
C[C@]1(C[C@H]1O)C(=O)CO,-105.6209
C[C@H]1C[C@@H](O)[C@@H](C1)C=O,-86.389
CC(=O)[C@H]1[C@H]2CC(=O)N12,-16.6946
OC[C@H]1CNC(=O)CN1,-81.2722
CN1C[C@H]1c1ccc[nH]1,56.5336
Nc1cc(CO)c(N)o1,-49.7231
Cn1cnc(=O)c(O)n1,-39.6519
OCC[C@@H](CO)C1CC1,-75.8285
OC[C@H]1NCC(=O)C=C1,-52.1425
CC[C@H]1C[C@@](O)(C1)C=O,-75.0531
CC[C@H]1OCO[C]1[NH],-74.8006
CC[C@@]1(C)C[C@@H](O)C1,-51.0402
C[C@]12O[C@H]1[C@@H](O)C[C@H]2O,-102.9716
[NH][C]1OC[C@H]2O[C@@]12C=O,-53.114
C[C@H]1CNc2n[nH]nc12,62.9687
C([C@H]1CN1)c1conc1,44.8713
O=C[C@H]1COC1=O,-92.2333
Cc1c(N)c(C=O)no1,-23.2561
OCCCC#CCCO,-45.225
C[C@H]1OCC(=NO)[C@H]1O,-77.4962
CC[C@@H](CCC=O)OC,-95.6001
O[C@H]1C[C@]21COCC=C2,-33.7135
C[C@@]12C[C@H]3OC(=O)[C@@H]1[C@@H]23,-36.009
CO[C@@H](C)C[C@@H](C)O,-113.2105
CC[C@]1(N[C@H]1CO)C=O,-55.9532
C[C@H]1C[C@@H](CC=O)[C@H]1C,-37.186
[NH][C][N]C(=O)C#N.N#N,40.9188
C1OC2=NCC=CC[C@@H]12,17.5505
O[C@H]1C[C@@H]([C@H]1O)N1CC1,-31.6297
CC1=CN[C@H]([NH])O1,-15.6646
NC(=O)[C@@]1(O)C[C@H]2O[C@@H]12,-68.5117
O[C@H]1C[C@H]1NCC#N,18.659
FC(F)(F)c1cocn1,-175.9427
C[C@@H](CC#N)CC(=O)N,-40.2282
C[C@H]1C[C@H]2[C@@H]1N2C=O,12.4043
O=C1OCC2(CC2)C1=O,-83.3967
O=C[C@]12N[C@H]1[C@H]1C[C@@H]2C1,42.2154
C1C[C@@]23OC[C@@H]2N[C@@H]13,40.7796
NC(=O)c1c(O)cc[nH]1,-66.4369
C[C@@]1(O)[C@H]2O[C]([NH])[C@@]12C,-25.9214
C[C@]12O[C@H]1[C@H]1OC[C@@H]2O1,-65.5269
C[C@@]1(O)C[C@]21CNC2=O,-48.0185
C[C@@]1(CO)NC21COC2,-32.2622
O[C@@]12C[C@@](C1)(C2)NC=O,-27.637
C1[C@H]2C[C@@H]3C[C@@H](C=C3)[C@@H]12,47.8839
C[C@]12CN[C@H]1CC(=O)O2,-63.9227
N#CCN1CC=CC1,59.5731
ON=C1COC1,-7.8499
OC[C@]1(CO1)[C@H]1C[C@H]1O,-76.1687
C[C@@]1(N)[C@@H](O)[C@]1(O)C#N,-26.696
CC(C)[C@@]1(O)CCC=C1,-45.2947
CCNC(=O)CC#CC,-17.3916
O=C1CO[C@H]1C#CC#N,48.9389
CCC[C@H]1N[C@H]1COC,-31.7337
CCNCC(=O)OCC,-109.8486
CN(C)C(=N)C(=O)C#N,20.6799
CC(C)(CCO)CCO,-110.0553
O=CN1[C@H]2CN3C[C@H]3[C@@H]12,41.2519
CO[C@H]1[C@H]2CO[C@@H]1[C@H]2O,-76.913
CCC#C[C@@](C)(O)CO,-53.2829
CC1=C(CNC(=N1)[NH])F,-13.351
NC(=O)CN(C=O)C=O,-116.8496
CCCC[C@@H](C)CCO,-85.4055
O[C@H]1C=C[C@@H]2CC[C@H]1C2,-26.4852
OC[C@@]12C[C@@H](C1)[N][CH]O2,-38.2412
C([C@H]1CO1)n1nccn1,39.0779
C[C@@]1(N)[C@@H](N)[C@H]1C#N,46.9218
N[C@H]1C[C@H]1NC(=O)C#N,16.7404
CO[C@H]1COC[C@@H](C)O1,-127.77
OCC#C[C@H]1COC1=O,-44.7
CC#CCCCC(=O)C,-12.3619
COC=Nc1ccco1,-34.0992
CC1=C(C#C)[C@@H]2C[C@H]1O2,81.1092
FC(F)(F)c1c[nH]nc1,-133.1073
O[C@H]1[C@H]2C[C@@H]1[C@H]2OC=O,-59.1583
C[N]C1=CCC=CO1,3.4904
CNc1ccncc1F,-24.3027
Cc1c(C=O)cc(N)[nH]1,-14.9705
O[C@H]1C[C@H]2[C@@H]1[C@]2(O)C#N,1.3049
CNC(=O)[C@@H](C)CC#N,-37.5952
CCC(O)(CC)CO,-115.3566
C[C@H]1C[C@@H](CO)C1(C)C,-53.8118
O=C[C@H]1[C@@H](NC1=O)C#C,12.1456
C[C@H]1C[C@]21OC[C@H]2C,-12.3286
C[C@H]1C[C@@H](CNC=O)C1,-44.0513
O=CO[C@@]12CN3C[C@@H]1[C@@H]23,23.9649
C[C@]12C[C@H]3CN3[C@H]1[C@H]2O,23.6914
COC=NCCNC=O,-71.0005
C1Cc2c([nH]nc2)C=C1,53.3438
C[C@H]1[C@H]2O[C@@H]1C(=C2)CO,-12.5947
O=C1CC=CC(=O)CN1,-55.1854
C[C@H]1CCOC21CC2,-27.0462
Cc1cc(OC=O)co1,-89.4226
C[C@H]1O[C]([NH])[C@]1(C)CO,-71.4439
COc1n[nH]cn1,-3.4353
O[C@H]1C[N][C]2N[C@H]3[C@@H]1[C@@H]23,83.2636
CC(C)(O)[C@H]1COCO1,-133.085
OCC(=O)O[C]([NH])C#N,-67.0249
O=CC[C@H]1C[C@@H]2C[C@H]1C2,-10.5885
O[C@H]1[C@H]2C[C@]1(O)[C@H]1C[C@@H]21,-15.5734
C[C@]12CN1C[C@]12CN1,83.1645
C[C@H]1CC2(CC2)CCO1,-38.3068
COC=N[C@H]1CC=CC1,-8.08
C[C@H]1O[C@@]23CC[C@@]12CC3,32.409
CC(C)[C@@]1(C)[C@H]2C[C@@H]1O2,9.9199
CN=CO[C@@H](C)CO,-82.4178
O=Cc1nocnc1=O,-22.207
C[C@@H](CO)COC(=O)C,-152.6652
C1O[C@@H]2[C@H]3CC=C[C@@]23O1,-10.1745
C#C[C@H]1CO[C@@H]2C[C@H]1C2,45.8288
CC#CC[C@@H](O)C(C)C,-21.6188
C[C@@H](O)CC1(C)CCC1,-54.9168
CC[C@]12N[C@H]1CCC2=O,-16.8783
C[C@H]1[C@@H](O)[C]([NH])N1C=O,-51.2542
C[C@H]1C[C@@](C)(C1)C(=O)C,-46.9927
CC#C[C@@H](O)CC=O,-26.981
N#C[C@@]12C[C]3[CH]CN1[C@@H]23,177.8108
C[C@H]1C[C@H]1NC(=O)CO,-76.3943
O[C@@]1(C#C)[C@H]2CCC[C@@H]12,37.5081
CN1[CH][N]C[C@H]1C#N,53.892
CCC[C@H]1O[C@H]1CC#C,22.0595
C[C@H]1O[C@H]1[C@H]1C[C@H]1CO,-42.993
O=C1NC(=O)[C@@H]2C[C@H]1O2,-85.7771
C[C@@H](C=O)C1(C)CCC1,-35.9291
CC[C@]1(CO1)[C@@H](C)O,-77.8662
C[C@H]1CC=CC1(C)C,-8.5774
Nc1nc(NC=O)co1,-53.7025
C[C@@H](O)[C@H]1OC[C@]21CN2,-33.5894
Cc1coc(=O)c(C)n1,-58.8852
CC1(C)[C@H]2N3C[C@@]2(O)[C@H]13,50.4992
CCC(C)(CC)[C@@H](C)O,-85.6176
O[C@H]1[C@H]2C[C@]1(O)[C@H]1CN21,2.1057
CCc1noc(=O)nc1,-18.0697
CCC#C[C@H]1COCO1,-26.4457
C[C@@H](C#N)[C@@H](C#C)C#N,114.4581
CCO[C@H]1CC[C@H]2O[C@@H]12,-62.4627
C1[C@H]2C[C@H]3[C@@H]4O[C@H]3[C@H]2[C@H]14,27.205
CC#C[C@]12CC[C@H]1N2C,97.9125
NC(=O)C1(CC1)[C@H]1CO1,-40.1621
CC[C@H]1CC[C@]21O[C@H]2C,-23.1499
O[C@@H](CC=O)CC#C,-21.26
O=C1C[C@H]2CCN12,7.9846
C[C@H]1N2C[C@@H](C2)C1=NO,45.5398
O=C[C@H]1CC21CCCC2,-20.6783
C[C@]12C[C@]1(CO2)C#C,61.8158
O[C@H]1[C@@H](O)[C@H]2OCC[C@@H]12,-96.6827
CCN1C[C@H]1CC(=O)N,-29.5165
C[C@H]1C[C@H]1[C@H]1C[C@H]2C[C@@H]12,53.1633
CC[C@]12C[C@@](C)(O)[C@H]1N2,-11.4277
C[C@H]1[C@H]2O[C@]1(C=O)C=C2,5.8791
CC(C)C1=CCO[C@H]1C,-44.147
C[C@H]1[C@H]2NC(=O)[C@@]12C,-4.0911
C[C@H]1C[C@]21CCC2=NO,31.411
O=C1N[C@H]2COC(=O)[C@@H]12,-93.9667
O[C@H]1C[C@H]2NCC(=O)[C@@H]12,-42.972
C[C@@]12CC[C@H]3C[C@@H]1[C@@H]23,35.7648
Cc1cc(n[nH]1)C1CC1,45.1116
O=C1C[C@H]2CO[C@H]2CO1,-94.9477
O=C1NCCN=CO1,-62.4371
C1CC21CCC=CC=C2,46.7789
CC1=COC(=C(C)[N]1)[NH],-4.0499
C[C@]12CN1CC[C@H]2O,-16.6267
C#CC#C[C@H]1C[C@H]2CN12,168.8208
CN1[C@H]2C=C[C@@H]1[C@]12CN1,119.8179
C[C@@]12C[CH][C]3C[C@@H]1[C@@H]23,115.2495
OCc1cncoc1=O,-88.5952
O=C1[C@H]2O[C@H]2C[C@H]1C#C,22.7213
CCO[C@H]1[C@H]2CC=C[C@@H]12,-2.7403
OCCC1(CCC1)C=O,-64.7845
COC1=C(OC=NC1)[NH],-27.6292
CC[C@@H](C=O)[C@@H](C)OC,-95.949
O[C@H]1CCOC[C@]21CO2,-91.7893
CCOC(=O)[C@@H](O)CO,-186.2607
CC(=O)C[C@H]1[C@H]2CO[C@@H]12,-28.1581
CO[C@H]1O[C@H]2[C@H]3O[C@@H]1[C@@H]23,-40.9769
N#C[C@H]1C=CCNC=N1,81.2909
CO[C@]1(C[C@H]1O)C#C,3.2925
CN(C)c1c[nH]c(N)c1,28.9393
O[C@@]12[C@H]3C[C@@H]4[C@@H](C[C@H]14)[C@@H]23,24.2086
CN1C[C@H]1c1cnc[nH]1,59.4537
C1O[C@H]2COCCO[C@@H]12,-87.0209
CC#C[C@H]1[C@H]2[C@H]3C[C@@H]1N23,130.4493
CC[C@H]1COC=N1,-34.9996
COc1ccc(CO)o1,-89.1238
C1O[C@]21[C@H]1C[C@@H]2CCC1,1.5983
O=C[C@H]1C[C@H]2CC[C@@H]12,7.6135
C[C@H]1O[C@]21C[C@@]1(C)N[C@@H]21,29.7086
C[C@@]12C[C@@H](C1)C2,40.1341
CCCN1C[C@H]1C(=O)N,-31.3024
OCC1=CCC[C@]21CN2,6.8603
C[C@@]12[C@H]3[C@H]4[C@@H]([C@H]1O)N4[C@@H]23,55.5179
CCc1c[nH]cc1C#N,39.5242
COCc1ccc(C)o1,-61.1815
N#CCc1c[nH]cn1,53.0127
CC(=O)[C@]1(CN1)[C@H]1CN1,18.0511
O=C1C[C@]23C[C@@H]4[C@H]2N[C@]134,135.7022
CCC#CCO[CH][NH],18.5671
COC(=O)COCCO,-174.9543
C[C@@]12C[C@H]3[C@@H](N1)[C@@]23C#N,106.716
C[C@]12C[C@@H](O)[C@H]1O2,-40.4329
N#C[C@]12C[C@H]1CC=CC2,62.7247
CC[C@@]12CN3[C@@H]1[C@@H](C)[C@@H]23,87.2255
CN1C[C@]21C=CNC2=O,14.6417
CC[C@H]1C=CC[C@H]2O[C@@H]12,-11.1175
C[C@H]1CC(=C[C@H]2N[C@@H]12)C,28.5408
C[C@@H](O)CC[C@@H](C)C#C,-16.022
C[C@H]1[C@H]2C[C@H]3OC[C@H]3[C@@H]12,4.0274
C1O[C@H]1[C@H]1[C@H]2[C@H]3CN1[C@@H]23,88.3486
CO[C@H]1CN2CC=C[C@@H]12,14.024
C[C@H]1C[C@@H](C#N)[C@H]2C[C@@H]12,38.2859
C[C@H]1[C@@H](C#C)N1C=O,48.5493
CCNC(=O)O[C](C)[NH],-96.7491
CN(C)c1n[nH]c(N)c1,35.9213
C1[C@H]2[C@H]3[C@@H]4[C@H]3[C@H]3[C@@H]4N3[C@@H]12,133.4683
C#CC[C@H]1C[C@H]2O[C@H]2C1,37.0249
CC1=CCCC1,-1.5313
O=C1C[C@H]2CCN2C1=O,-38.1705
O[C@H]1[C@H]2C[C@H]2C=C1C=O,-27.6814
C[C@@H](O)[C@H]1[C@H]2[C@H]3[C@@H]1CN23,41.3985
OCC[C@@]1(CO)CN1,-61.228
CC[C@H]1O[C]([NH])[C@H]1OC,-61.3648
CCN[C@H]1COC1=NC,-14.4576
C[C@H]1N(C)[C@@H](C#C)C1=O,45.4853
CO[C@H]1C[C@@H](C)[C@]1(C)O,-85.2242
C1OC=N[C@H]2[C@H]3O[C@@H]1[C@@H]23,10.6259
Nc1ccc(o1)N(=O)=O,-20.6839
Cn1nccc1C#C,89.8447
CC[C@H]1NC(=O)[C@H]2C[C@@H]12,-32.4312
C1COc2c([nH]cc2)O1,-32.0422
C[C@]12CC=C[C@H]1[C@H]2C#C,93.4924
[NH][C](CN1CC1)OC=O,-30.7171
CO[C@H]1[C@@H]2[C@H]3[C@@H]2N(C)[C@@H]13,48.4241
CCc1c(O)cc(C)o1,-71.3641
CN(C)c1nc(N)co1,-16.1347
C1O[C@]21CCC12COC1,-8.4054
CC1=C[C@@H](O)C(=O)OC1,-109.2844
O[C@H]1[C@H]2[C@H]3[C@@H]1OC[C@@]23O,-52.1497
C[C@]12C[C@H]1C=CNC2=O,-12.2788
C#C[C@@]12[N][CH]N3C[C@@H]1[C@@H]23,163.5331
CC1(C)[C@H]2C=C[C@@H]1[C@H]2O,16.8349
OC[C@H]1C[C@@H](CO1)C#C,-24.8782
CC[C@H]1OCCNC1=O,-93.8152
C1O[C@@H]2[C@H]3[C@@H]4O[C@H]3[C@H]1[C@H]24,2.5156
CC(=O)CN1CC(O)C1,-56.085
O=C1O[C@H]2C[C@H]3CN1[C@@H]23,-23.7967
N#CC1=C[C@H]2CN2C1,87.6873
C[C@H]1OCC=C[C@]1(C)O,-75.4289
C1C[C@]2(CC=CC2)O1,-3.0868
O[C@H]1COC(=NC1)C#N,-24.0825
OC[C@]12C[C@H]1[C@@H](O)C2,-40.9079
CC1=C[N]C(=C([NH])O1)F,-47.4339
C[C@@]12[C@@H](NC1=O)[C@H]2C#N,38.7505
O[C@H]1C[C@H]1C#CC=O,9.5662
CCc1nonnc1=O,33.7265
O[C@H]1C[C@H]2CC[C@H]2C1=O,-57.0788
COCC[C@H]1CO1,-62.2463
C[C@H]1[C@@H](C(=O)N)[C@]1(C)O,-83.9313
NC(=O)C[C@H]1O[C@H]1CO,-107.0331
CC(C)[C@@H](C)[C@@H](C)C=O,-68.9454
C1Nc2nonc2C=C1,64.1844
C[C@]12C[C@H]1[C@H]1OC[C@@H]2O1,-36.7418
CCN1[C@H]2C[C@]3(CN3)[C@@H]12,83.169
Nc1coc(n1)C1CC1,6.5355
C#C[C@H]1NC1(C#N)C#N,167.8305
CNc1ncc(C)nn1,46.6133
COC(=O)NC(=N)C#C,-16.8957
CC1=C(N=C(OC1)[NH])C,-5.4524
N#CCN[C@H]1C[C@H]2N[C@@H]12,92.6327
C[C@@H](O)CCC(F)(F)F,-242.0439
O=COC=NCC#N,-26.7044
CC(=O)CC(=O)CC#C,-22.9179
C[N]C1=CC=N[N]O1,58.5143
CC1(C)CC(=O)C1,-37.5445
C[C@H]1O[C@]23C[C@@H]4[C@H]2N[C@]134,129.6532
CC[C@]12C[C@H]1O[C]([NH])O2,-48.1584
N#C[C@@]12CC[C@H]3CN1[C@@H]23,94.7055
CC1(C)C[C@@H]2C[C@@H](C2)O1,-32.619
CC(=O)[C@@]1(C)C[C@H]1C#C,28.1688
C[C@@]12C[C@@H]([C@H]1O)N1C[C@@H]21,32.8424
O[C@H]1CC=CCCC=C1,-7.3719
O=c1ccocnc1=O,-52.2808
C#CC1=C[C@H]2CC[C@H]2C1,88.707
C[C@H]1C[C@H]2[C@@H](O1)[C@H]2C#C,39.4973
C[C@H]1C=CC(=NO)[C@H]1C,4.8693
OC[C@H]1C[C@H]2[C@H]3CN3[C@@H]12,49.7029
C[C@H]1COC(=O)C(=O)O1,-157.7325
[NH][CH]OC[C@H]1N[C@H]1C#N,40.9228
CO[C@@H](CCO)C#CC,-42.1314
CCC#C[C@H]1O[C@H]1CO,-11.969
[NH]C1=C[C](C(=O)N1)C=O,-30.9915
CO[C@H]1[C@@H]2C[C@@H](C2)[C@H]1O,-55.6304
C[C@@H](O)[C@@]12CN(C1)[C@H]2C,19.6654
C[C@]12CCO[C@H]1[C@H]1O[C@@H]21,-23.8384
COc1c(nc[nH]1)C#N,24.3771
COC[C@@H](CO)C(C)C,-108.6923
C[C@@]12O[C@@H](CC=C1)C2=O,-26.3498
O[C@H]1CCC(=O)[C@@H](O)C1,-127.8831
C[C@@]1(O)[C@H]2N[C@@H]1C=C2,30.907
CNc1c(C)c(N)no1,0.5433
CN[C@H]1[C@H]2O[C@@H]1C2=O,11.554
O[C@H]1[C@H]2C[C@@H](O)[C@@]12C=O,-68.0483
C[C@@]1(O)[C@H]2[C@H]3C[C@@H]1[C@@]23O,-7.4679
C[C@]1(CN1)c1c[nH]nn1,77.4962
O[N][C]1[C@@H]2C[C@@H](C2)[C@H]1O,-8.3072
CO[C@H]1C[C@]2(CO2)CO1,-92.1771
CN=C1N[C@@H](C=O)[C@H]1O,-31.4036
Nc1nc(ccc1)C#N,55.5096
CC(C)(O)C#CCC#N,26.8997
CC[C@@H](C)[C@H]1[C@@H](C)N1C,-1.9559
Oc1n[nH]cc1C=O,-35.4274
Cc1cnc(N)nc1N,7.8722
C[C@@]12C[C@H]3[C@H]4N[C@H]4[C@@H]1N23,97.9429
C[C@H]1[C@H]2[C@@H]3C[C@@H](C3)[C@@]12O,21.9108
CCO[C@@H](C)[C@H]1N[C@H]1C,-34.2124
CC[C@@H](C)C(=NO)C,-33.0259
O=C1CCCCC(=O)N1,-94.9424
CC[C@H]1[C@H]2CN2C1=O,7.7595
O=C1CN=C(CC#C)N1,34.0548
C1C[C@]2(COCC=C2)O1,-34.5914
C[C@@]12C[C@@H](N1)C(=O)C2=O,-14.3527
CO[C@]1(CN2C[C@@H]12)C#C,81.958
C1[C@H]2N[C@H]2[C@]21COCO2,-9.3432
C[C@@H](C#C)[C@H]1CC(=O)O1,-20.3414
C[C@H]1OC=NC[C@H]1C#N,0.3376
C[C@H]1C[C@]2(C[C@H]2C#N)C1,54.4185
O=CN1C=N[C@H]2CC[C@@H]12,2.9022
CC1=C(C)CCOCC1,-41.0421
CC1(C)OCC(O)CO1,-134.3074
C[C@H]1OC(=O)N2C[C@@H]12,-53.1303
CCC#CC(=O)C#C,73.9567
C[C@@H](O)[C@H]1NC(=O)C=C1,-72.3307
C1[C@H]2[C@@H]3C[C@H]4C=C[C@@]13[C@@H]24,106.6306
C[C@H]1C[C@@]2(C1)N[C@H]2CO,-6.2156
C[C@H]1N2[C@H]3C[C@H]3[C@@]12C#N,134.4965
C[C@@H](O)[C@H]1[C@@H](C)[C@H]1CO,-84.106
CO[C@H]1C(C)(C)[C@]1(C)O,-78.9667
O[C@@]1(C=O)[C@H]2C[C@@H]1O2,-37.0456
C1[C@H]2O[C@H]3CN1[C@@H]2CO3,-24.7887
C[C@H]1OCO[C@]1(C)C=O,-114.4418
O=CN(CC#N)C=O,-43.0297
CC1(C)COC(=O)C1,-103.1342
C[C@H]1O[C@H]1COC(=O)N,-118.3747
CCOCC#CCO,-32.0135
C[C@H]1[C@@H]2C[C@@H](C2)[C@H]1C=O,-10.2798
COc1ccncc1,-11.8146
CO[C@H]1C=CCCC1=O,-56.7374
Cc1nc(O)cc(O)n1,-77.092
O=CC#N,10.6538
C[C@@]1(CC#C)C[C@H]2N[C@@H]12,103.2162
OC1=NO[C@H]([NH])O1,-61.5612
NC(=NCC#N)C=O,12.6113
N#CCN1[C@H]2[C@H]3N[C@H]3[C@@H]12,154.131
C[C@@]12[C@H]3C[C@@H]1[C@H]3OC2=O,-22.9361
O=C[C@@]12C[C@@H](O1)[C@]12CN1,47.4425
C1[C@H]2C[C@@H]1[C@]12CCOC1,22.7567
C#C[C@]12C[C@H]1[C@H]1C[C@@H]21,144.6243
CC[C@H]1C[C@H]1CNC=O,-40.5341
CC#Cc1cnco1,37.8665
OCC[C@@H](C#C)[C@H]1CN1,40.156
CC[C@H]1[C@@H](CO)[C@H]1C#C,20.8077
O=C1[C@H]2N[C@@H]3[C@H]2N[C@H]13,64.0862
CCC[C@H]1C[C@H]1C#C,54.7137
O=C(C#C)[C@H]1C[C@H]2C[C@@H]12,72.9829
O[C@@]12C[C@@H](C1)N1C[C@@H]21,35.9698
CCC[C@H]1O[C@H]1C#C,26.981
Oc1cnc(O)c(F)c1,-105.027
C[C@H]1OC(=O)[C@H]1O,-112.6084
O=C1CC[N][C]2OC[C@@H]12,-27.0698
CC1(C)CC(C1)C#C,51.457
CC[C@@H](C)[C@H]1C[C@H]1C#N,20.9404
CC[C@H]1[C@@H](C)C[C@H]1OC,-49.6595
C[C@H]1C[C@@H](C#C)N1C=O,32.1601
O=CC(C#N)C#N,44.4556
OC[C@H]1O[C@@H]2O[C@H]1C=C2,-69.3704
N#C[C@]12C[C@]3(CN3)[C@H]1O2,85.3951
COCC(=O)OC=NC,-109.7138
C[C@@]1(CO)[C@H]2N[C@H]2[C@H]1O,-32.559
CN1CC=CC=CC1=O,-6.9356
O[C@H]1C[C@H]1C(=O)[C@H]1CN1,-28.1823
C[C@H]1N[C@H]1C(=O)C,-19.4876
O=C[C@H]1C[C@@H](O1)C=O,-68.2548
CC[C@]12C[C@@H]3[C@@H]4[C@H]1[C@H]2N34,86.1925
C1N[C@H]1C1=CC[C@H]2N[C@@H]12,88.0622
CCN=COC(=O)N,-88.7799
N#C[C@H]1CC[C@@H]2CN1C2,66.3353
CNC1(CNC1)C#N,59.7681
COC[C@H]1N[C@]1(C)C#C,40.0167
C[C@H]1OCC(=O)[C@H]1C,-84.4551
Nc1c[nH]c(=O)c(=O)[nH]1,-58.0643
COC[C@H]1CC[C@H]1C=O,-58.889
C[C@H]1[C@H]2[C@@H]3C[C@@H](O3)[C@@]12C,18.7802
OCC(=O)C(=O)NC=O,-146.2387
C[C@]1(OCOC1=O)C=O,-146.5654
C[C@@H](O)C(C)(C)C#N,-40.4043
CC[C@H]1[C@@H](C)O[C@H]1C#C,19.9467
OCCNC(C#N)C#N,29.2906
CCNC[C](C=O)N[O],-24.9991
CO[C@@]1(C)C[C@H]1[C@@H](C)O,-79.2535
NC(=O)n1cncn1,-11.2814
CC(=O)[C@H]1[C@H]2O[C@@H]1C2=O,-26.5594
O[C@@H](C1CC1)C1CCC1,-16.0013
CC(=O)c1cnc(N)o1,-56.718
COCCC(=O)O[CH][NH],-115.8828
CCC(CCO)CCO,-110.711
[NH]C1=C[C@H](OC=C1)C#N,47.2826
O=C1CCNC(=C1)C#N,12.9981
C#CCOc1ccco1,18.8251
C[C@H]1CC[C@H]2[C@@H](C#C)[C@@H]12,66.5228
C[C@@H](NC=O)C=O,-81.3054
CC(C)CCOC(=O)C,-125.3108
C[C@H]1OC[C@]1(N)C#N,10.3646
CCC1(CCC=O)CC1,-35.0387
CC1(C)OC(=O)[C@]21CO2,-89.0993
CC(=O)N(C=O)C(=N)N,-70.13
C[C@H]1[C@H]2O[C@@H](C=O)[C@@]12O,-51.312
C[C@H]1[C@@]2(O)C[C@@H](C)[C@@]12O,-46.5227
C[C@@]1(CO)C[C@@H](C1)C#C,19.7773
C[C@]12C[C@@H]3CN4[C@H]1[C@H]2[C@H]34,85.6578
CCc1nc(C=O)no1,-26.4759
C1CC1[C@]12C[C@@H]3[C@H]1N3C2,106.4315
O=C1NC(=CCO1)C#C,-6.1557
O[C@@]1(C=O)C=C[C@H]2O[C@@H]12,-46.4608
O=Cc1nocn1,-7.4694
O=C[C@H]1CC=CCO1,-48.4808
C[C@]12C[C@H]1C(=O)[C@@H](O)C2,-59.7024
CCN1[C@H]2[C@H]3[C@@H]1[C@@H]2N3C,113.905
Nc1cc(=O)cc(F)[nH]1,-63.4141
Cc1ccc(cc1)C#C,69.3238
CCCC1(CC1)N1CC1,35.547
C1CC21[C@H]1N[C@H]1[C@]12CO1,77.1752
O=C1[C@H]2C[C@@H]1C1(CC1)C2,19.7985
C[C@@H](CO)C(=O)C#C,-24.4195
N#C[C@@]12N[C@H]3C[C@@H]1[C@@H]23,124.2711
C[C@]1(CO1)[C@H]1CCCO1,-63.4604
[NH][CH]N1C=NC[C@H]1C#N,74.3993
CC1(CC1)OCCC#C,24.4905
C[C@H]1[C@H]2O[C@@]2(C)[C@H]1C#N,24.9419
CCC[C@H]1[C@H]2[C@H]3C[C@@H]1N23,63.5263
OCC#CC1CC1,32.161
C1[C@H]2[C@@H]1[C@H]1N[C@H]1[C@H]1N[C@@H]21,95.3814
C[C@H]1[C@@H](CO)CN1C=O,-69.4698
[NH]C1=C[CH][C@@H](O1)CC=O,-38.2822
C(C[C@H]1CO1)[C@H]1CO1,-35.2722
C[C@@]12[C@H]3C[C]1[CH]C(=O)N23,98.9484
CC[C@@H](N)C#CC(=O)O,-39.96
CCC(=O)OCCO,-148.5783
NC=Nc1cnc(N)o1,-2.291
NC(=O)CNC(=O)C#C,-32.5671
O=CCOc1n[nH]nn1,4.3268
C[C@@H](O)[C@]12CN1CC2=O,-24.7247
N#C[C@H]1[C@H]2C[C@@H]1O2,64.7126
O[C@H]1[C@H]2O[C@H]2[C@H]2O[C@@H]12,-47.5445
O=C1C[C@H]2CNC(=O)N12,-53.7957
C[C@H]1[C@@H](OC=O)[C@H]1C=O,-89.4125
N[C@]12CC[C@H]1O[C]2[NH],13.7557
CCC1=C(COC1)C#N,0.1735
O=c1oc2c(CCC2)o1,-94.8845
CC[C@H]1CC[C@H]2C[C@@H]12,-0.7009
CC1(C)C[C@H]1[C@@H](O)C#C,21.688
C1CC(C1)c1nocn1,24.3336
C[C@]12C[C@H]1C[C@H]2CCO,-14.7507
CC#C[C@H]1[C@H]2CCO[C@@H]12,37.1466
O[C@H]1COC(=O)[C@H]1O,-163.0412
O[C@H]1[C@H]2N=CO[C@@]12C#N,13.5152
C1CC1Cc1c[nH]nc1,52.7767
O[C@@]1(C#N)[C@H]2[C@H]3O[C@H]3[C@@H]12,58.0065
C1O[C@H]1c1conn1,20.2001
COC[C@@]12N[C@H]3[C@@H]1O[C@@H]23,42.6805
[NH][CH]O[C@H]1[C@H]2CC[C@@H]1O2,-27.1695
[NH][C]1OCCC=CC1=O,-32.1621
C1[C@H]2O[C@H]3CC[C@H]3O[C@@H]12,-15.0137
CC(C)OCCC=O,-93.8338
C[C@@]12C[C@@H](O1)[C@@H](O)C2=O,-77.3869
C1[C@H]2C[C@@H]1[C@H]1COC[C@@H]21,-7.9153
CC[C@@]1(O)[C@@H](C)C[C@H]1O,-89.8145
C[C@H]1[C@@H](O)[C@H]1C(=O)C,-73.5597
Cc1cncnc1F,-28.4556
CN1CC(O)(CO)C1,-64.6147
O=C[C@@]12[C@@H]3[C@H]4[C@@H]3[C@@H]1O[C@@H]24,53.6632
N[C@H]1[C@@H](C#N)[C@]21CCO2,41.4188
C[C@H]1C[C@@]23C[C@@H]([C@H]2C)[C@@H]13,100.0608
CN[C@H]1C[C]([NH])OC1=O,-66.5209
CCC[C@@H](N)C(=O)O,-113.044
CC(C)C1OCCO1,-96.3043
CN=C1C[C@]2(C[C@H]2O)O1,-23.0925
CCC[C@]12N[C@H]1CC2=O,6.7894
CN1[C@H]2C[C@]1(C)[C@H]2O,24.2694
CC[C@H]1C[C@@H](O1)C=O,-62.4371
C[C@H]1[C@@H](CNC=O)N1C,-20.4007
C[C@H]1O[C@@H](CC=O)[C@H]1O,-98.4924
OC[C@@]1(O)[C@H]2CC(=O)[C@@H]12,-68.5986
C[C@@H](O)COC(=O)C=O,-160.8342
CN1C[C@@H](OC1=O)C#N,-51.2474
CN1C(=O)N[CH]N=C1[NH],-24.3529
ON=C1[C@H]2C[C@@]1(C2)C#C,127.4869
C1=C[C@H]2[N][CH]N3[C@@H]1[C@@H]23,99.4412
C1CC21CC1(CC1)O2,26.1972
C[C@@H](O)C[C@@H](C)C#C,-12.3424
Nc1cocc1CO,-44.054
C[C@H]1N(C)[C@]1(CN)C#N,54.8166
N[C@@H](C#N)c1ncco1,29.399
N#Cc1cocn1,27.2493
C1[C@H]2O[C@@H]1[C@]12CC=CC1,53.743
C[C@H]1CN1c1ccn[nH]1,65.4872
O=C1C[C@H]2OC[C@@H]3[C@H]2N13,-24.2498
CC(C)(C)C#CCC#C,84.9484
CCCNc1n[nH]cc1,24.2455
CCC[C@H]1COC(=N1)C,-53.2167
CO[C@@H](C)c1ncno1,-35.2715
CC[C@@]1(CC#CC)CO1,14.0914
C[C@@]12[C@@H]3C[C@H]4[C@@H](C[C@H]13)[C@@H]24,41.0378
Cc1c(O)ncnc1O,-74.0379
CC#C[C@@]12C[C@@H](CC1)O2,39.2814
CC1=C[C@@H](OC1=O)C#C,-8.2375
C[C@H]1OC[C@H]2C[C@]1(C)O2,-67.2098
CCC(=O)C[C@H]1CCO1,-73.0111
C[C@H]1C[C@@H](C[C@H]1C)C#C,33.1589
C[C@@H](OC(=O)C)[C@H]1CO1,-116.7755
C1C[C]2[CH][C@H]3C[C@H](O3)[C@@H]12,38.9338
C1[C@H]2N1CC12COC1,46.6487
C[C@]12N[C@H]1CC(=O)[C@H]2O,-46.439
C[C@@]12N[C@]1(CO)[C@H]1O[C@@H]21,6.2078
C1C[C@@]23OC[C@@]12CC=C3,33.9538
C1[C@H]2[C@@H]1N1[C@H]3C=C[C@@H]1[C@@H]23,128.0598
CC1(C)CC(O)C1,-47.0738
N#C[C@H]1Cn2cncc12,103.1815
C[C@]12C[C@H]1N(CC2)C=O,-24.1411
C#C[C@H]1CC=C[C@]21CO2,66.7298
OCCCNC(=O)C=O,-114.9479
CC#C[C@@]1(C)C[C@H]1CO,15.0659
CC[C@]1(CO1)[C@@]1(C)CO1,-45.5143
C1C[C@@H]2OC[C@H]3O[C@@]23C1,-45.4398
CN1CC[C@@H](C=O)C1=O,-80.4262
[NH]C1=NC=C[C@H](N1)C#N,80.5375
C[C@@H](O)C(=N)OCC#C,-20.1207
C[C@H]1[C@H]2OC(=N[C@@H]12)N,-3.8378
C[C@H]1Cc2ccc(C)n12,42.8943
CC[C@H]1C[C@H]2N[C@H]2CO1,-21.7031
CC(C)c1noc(N)c1,-9.8461
CC[C@@]12C[C@]1(C)OCC2,-36.0069
O[C@H]1Cn2c1ncc2O,-7.6092
NC1=N[C@H]2[C@H](CC2=O)O1,-34.267
C[C@H]1[C@@]23CC[C@@]12OCC3,14.4096
C[C@H]1[C@H]2O[C@H]3CC[C@H]3[C@@H]12,7.3244
C[C@H]1[C@@H](C)[C@]1(C=O)C#N,5.4452
O[C@H]1[C@H]2CCN2C21CC2,35.995
CO[C@H]1C=C([NH])NC=N1,-1.8502
CCn1cnoc1=NC,5.623
O[C@H]1[C@H]2C[C@@H]1C=CC2,-1.1521
CN1CN=C([NH])C(=N1)N,51.3269
COCC[C@H]1[C@@H](O)[C@H]1O,-108.688
CCCO[C@@H](C)CCC,-87.9325
CN=COc1ccco1,-28.4227
CC(C)[C@@H](C=O)C(=O)N,-98.8228
C[C@@]1(O)CC[C@H]2O[C@H]2C1,-73.5213
O=C1CCC[C@H]1C#N,-9.0209
CN1[C@@H](CO)[C@H]1C#N,20.9752
COc1n[nH]cc1C#C,55.2308
CNC(=O)CCC#C,-3.2332
C[C@H]1CC[C@@](C)(O1)C#C,0.1733
Cc1noc2c1[nH]cn2,40.9302
C[C@@H](O)[C@@]1(O)[C@H]2C[C@@H]1C2,-34.0892
CC(C)C[C@H]1CO[C]1[NH],-34.6756
CC[C@@](C)(COC)C#N,-36.715
OCC1=NON=C[C]1[NH],39.0001
NC(=O)N1[C@H]2C[C@H]2C1=O,-40.8138
N#C[C@@]12C[C@H]3[C@@H](C1)N23,113.9956
CC1=CCc2cccn12,42.6325
C1[C@H]2C[C@@H]3OC=NC[C@]123,27.7726
Cc1c(CCO)ocn1,-65.43
C[C@H]1[C@H]2C[C@@]2(C#C)[C@H]1O,52.6731
CCC[C@@H](C)N1CC1,0.5138
C[C@]1(C[C@@H]2C[C@H]1C2)C=O,-12.6399
O=C[C@H]1O[C@H]2[C@H]3O[C@H]3[C@@H]12,-11.6014
CNC[C](N[O])[C@H]1CN1,36.853
C[C@H]1CC(=C[C@H]1C=O)C,-30.143
C[C@@]12CC[C@]1(C)C(=O)C2,-14.7401
O=C1C[C@@]23C[C@@]12CC=C3,44.1489
N[C]1[N][C@H]2CN[C@@H]1C2=O,16.0175
CO[C@@]12C[C@@H]([C@H]1C)C2=O,-18.8334
CC#C[C@@H](C)CCC#N,54.362
C[C@]12N[C@H]1CC[C@H]2C#C,77.1086
Nc1cc(CO)co1,-49.6583
CC(C)(O)C(=O)C(=O)N,-139.07
CNc1cccnc1O,-22.008
O[C@H]1C(=O)C[C@]1(O)C#N,-57.445
OC[C@H]1O[C@@H](CO)[C@H]1O,-142.3451
CO[C@H]1[C@H]2OCO[C@@]12C,-80.4208
COCc1c[nH]cc1C,-23.0079
CO[C@H]1C[C@@H]2[C@H]3C[C@@H]2[C@@H]13,18.7984
C[C@H]1[C@H]2OC[C@@H](O)[C@@H]12,-52.0116
CN1C=N[C@@H]([NH])N=C1F,-6.4261
O=C[C@@]12C[C@@H](CC1)C2=O,-31.0938
COC(=O)[C@@H](C)OC=O,-175.4934
COCCC#C[C@H]1CN1,38.2816
ON=C1CCOC21CC2,-11.8432
COc1cncc(N)n1,-11.9675
C[C@H]1CO[C@@]2(C)C[C@H]2C1,-34.4808
CCC(=O)[C@@H](O)[C@H]1CO1,-101.7435
CN(C)[C@@H](C#N)C(=O)C,-9.6346
COC[C@]12CN1CC=C2,16.1255
C1[C@H]2CC=C3CCC[C@]123,41.3189
C[C@@H](OC1COC1)C#N,-25.516
C1[C@H]2N[C@H]2c2c1cc[nH]2,75.1184
C[C@@]12C[C@@](O)(C1)C(=O)C2,-59.7056
C[C@@]12C[C@@H](C1)C1(CC1)O2,6.56
CC#C[C@@]1(C)N[C@H]1CO,26.7587
CC(C)(C)[C@H]1CC[C@H]1O,-52.8423
CC#CC[C@H]1NCC1=O,38.4754
C[C@H]1O[C@@H](C#C)C(=O)O1,-60.2246
C1OCC1c1c[nH]nn1,40.7521
CC[C@H]1C=C[C@H]2O[C@@H]12,1.3548
C[C@H]1[C@H]2O[C@H]3CO[C@@H]1[C@@H]23,-30.9537
C[C@]12C[C@H]1C=CCCO2,-4.1296
O[C@@]12CN(C1)C2,32.3935
C[C@H]1CC[C@H]1COC=O,-77.6503
CC(C)n1cccc1,7.7776
CN=CO[C@H]1[C@H]2C[C@@H]1C2,30.3838
C1C[C@@]23C=CC[C@@H]2C[C@@H]13,56.3239
Cn1c(=O)ncnc1C,-25.0611
C[C@]12C[C@@H]3[C@H]1O[C@H]2C3=O,-4.3932
CN=C1O[C@@H]2C[C@H]1C2,4.7524
Cc1nc2c[nH]cc2o1,13.8591
CC[C@@H](C)[C@H]1C[C@H]1C=O,-37.9397
OCc1c[nH]nc1C#N,30.3052
CC1(C)N2C[C@@]1(C2)C#C,125.5731
C1O[C@@]23[C@H]4C[C@@H]2N(C4)[C@@H]13,98.8594
O[C@H]1C[C@H]2C[C@H]2C1=O,-51.2318
CN=CO[C@H]1CC1(C)C,-21.07
C[C@]1(CN1)[C@@H](O)C1CC1,-5.5981
OCC1(CC1)N1C[C@H]1C,7.7227
C#CCN1CC2(CN2)C1,120.778
OC[C@@]1(O)CCC=C1,-69.393
OC[C@]1(CO1)C#N,-19.9144
O[C@H]1[C@H]2C[C@]31COC[C@@H]23,4.3356
CC[C@H]1OC[C@@H](O)C1=O,-118.8413
CN[C@H]1[C@H]2N[C@H]2[C@H]1C#N,90.8631
NC(=O)N[C@H]1CC=CC1,-37.0185
C#C[C@H]1[C@H]2[C@H]3CN1[C@@H]23,156.7877
O[C@H]1C[C@@H](CCC=O)C1,-67.4539
CN1CCOCCC1=O,-86.5556
CO[C@H]1C[C@]21[C@H]1C[C@@H]2O1,26.3028
O[C@H]1CNC1=NCC=O,-29.7927
COCC1=NCCO1,-62.8258
C[C@@H](O)CN(C=N)C=O,-83.0952
CN1C(=O)CC21CC2,-6.4906
CC1=C[C@@H](CC(=O)C1)O,-68.4926
O=C[C@@]12C[C@H]3[C@@H](O1)[C@@H]23,24.2431
CCN1[C@@H]([NH])OC=C1N,-13.0555
O=CN1[C@@H](CC1=O)C#C,4.0972
CNc1cnc([nH]1)OC,-12.8559
[NH][CH]O[C@H]1CN[C@H]1C#N,41.817
Oc1nc(=O)cno1,-52.1436
O=C[C@]12C[C@H]1C1(CC1)O2,11.1841
CC1=CCCNC1=O,-39.3696
C[C@H]1N[C@H]1COCC#C,44.0277
CC[C@H]1CN1[C@@H](C)CO,-34.8167
COC[C@]12C[C@@H](C)[C@H]1N2,1.4965
NC(=O)N[C@H]1CN2C[C@@H]12,7.2106
C[C@H]1O[C@@H](CC#N)C=C1,2.5793
C[C@H]1OC[C@H]1CC#C,26.8247
C1[C@H]2[C@@H]1[C@@]13CCC[C@@]21N3,86.4905
O=C1CCC2(CCC2)N1,-35.4896
CN1N=C(CO)O[C@@H]1[NH],-39.9631
O=C1N[C@@H]2C[C@@H](C2)N1,-19.7715
O[C@H]1CNc2nonc12,21.5202
CC(=O)[C@@]12[C@H]3[C@H]4[C@@H]1N4[C@@H]23,107.4907
OC1=C(OC(=O)N[CH]1)[NH],-97.1064
NC(=O)CC(=O)CC#C,-30.1402
CC(=O)CC1CCC1,-39.1772
C#C[C@H]1C[C@@H](C=C1)C#C,137.1004
C[C@H]1[C@H]2C[C@@H]1[C@H]2C=O,22.8984
C#C[C@@]12CO[C@H]3C[C@@H]1[C@@H]23,78.3312
O=CC[C@H]1OC21COC2,-55.5502
[NH]C1=C[C]2[C@@H](O1)CN2,46.0478
C[C@]12C[C@H]1CC=C2CO,-8.135
CCOc1c[nH]cn1,-20.822
o1ccc2c1cccn2,12.7535
CN1C[C@H]1[C@]1(CN1)C=O,34.9035
C1C[C@H]2[C@@H]1C[C@H]1OC[C@@H]21,1.2551
N#C[C@H]1C[C@H]1C1CC1,64.5332
C[C@@]1(CC#N)[C@H]2C[C@@H]1O2,52.6728
C[C@@H](C1CC1)[C@H]1O[C@H]1C,-16.3515
OC[C@H]1C[C@H]1OCC#N,-25.6352
O[C@H]1[C@@H](O)[C@H]1C1COC1,-68.6744
FC(F)(F)CCCC=O,-221.7842
O=C1C=C[C@H]2O[C@H]2C=C1,1.5209
COc1n[nH]c(O)c1C,-50.1931
C[C@]12C[C@@H](O)[C@H]1[C@H]2C#C,50.8922
CCC(CC)C=O,-62.3957
CC#CC(=NO)CO,9.7525
C[C@H]1[C@H]2[C@H]3O[C@]1(C)O[C@@H]23,-47.6197
O[C@H]1[C@@H]2[C@H]3[C@H]4[C@@H]2[C@@H]1[C@@]34O,34.9604
CC1(C)[C@H]2N[C@H]2C1=O,13.7503
O[C@H]1C[C@H]2CC(=O)[C@@H]1O2,-96.3596
CCO[C@@H](C)C(C)(C)O,-120.0289
N#CCN1[C@H]2[C@H]3C[C@@H]1[C@@H]23,122.5092
CN(C)Cc1n[nH]cn1,34.5396
CC[C@H]1CC(=O)C21CC2,-12.5846
CC1=CC[C@@H]2CC[C@H]1C2,0.3502
C[C@]12C[C@@H]3[C@@H]4[C@H]1[C@H]2[C@]34O,41.7375
NC(=O)[C@]12C[C@H]1O[C]2[NH],-22.4617
CCC(CC)OC(=O)N,-129.1797
CC(=N)NC(=O)C(=N)N,-34.8354
OCCC1=NCC(=O)N1,-71.6721
N=C(C[C@H]1CO1)NC=O,-46.4732
C1[C@H]2N1C[C@]12CCOC1,24.376
O[C@H]1COc2nonc12,-14.3655
C[C@H]1Cc2c[nH]nc2N1,46.699
CC#C[C@H]1OCC(=O)O1,-62.9229
C[C@H]1[C@@H](O)CO[C@H]1C=O,-112.0485
C[C@H]1C[C@@H](C[C@H]1O)C#N,-27.7907
COc1cc(=O)cco1,-84.2658
C[C@]12CO[C@H]1[C@]2(O)C=O,-58.918
N[C@H]1CN=COC1=O,-58.7693
CN1C(=O)[C@H]2[C@H]3C[C@@]12C3,80.2581
C[C@@H](C#C)[C@@H](C)C#C,95.3938
C[C@@H](C1CC1)C(=O)N,-42.5886
CC[C@H]1[C@H]2[C@@H]3[C@@H](C)[C@H]2N13,86.714
C[C@H]1C[C@@H](C)C(=O)C=C1,-41.4752
CCCN=CNC=O,-43.6902
Cc1nn(C=O)c(=O)o1,-95.9694
CCC[C@@](C)(O)C(=O)N,-119.324
C1C[C@H]2[C@@H]1[C@]12CCC=C1,60.8043
C[C@@](O)(CN)CC(=O)O,-152.3059
O=C1NC[C@@H]2[C@H]3O[C@@H]2[C@@H]13,-2.7268
CCC(CC)C#CCO,-15.761
COC(=O)[C@H]1OCC1=O,-128.7146
CCc1ccc(C)o1,-36.1935
C[C@H]1[C@H]2[C@H]3NC(=O)N1[C@@H]23,29.7427
C[C@H]1NC(=O)N2C[C@@]12C,-23.2033
COCC1=NC[C@H]2CN12,17.3326
C[C@H]1[C@H]2[C@H]3N1[C@@H](C)[C@@]23O,41.8208
C[C@@]12C[C@H]3N1C[C@@]23C#N,127.6861
CCCc1nocn1,-7.5866
CC#C[C@@H](C=O)C(C)C,-4.641
CC1(CC2(CC2)C1)C#C,84.8919
O=C(CC#C)OCC#N,5.4539
O=C[C@]12[C@H]3C[C@H](N13)C2=O,29.3519
O[C@H]1[C@H]2N=CN[C@@]12C=O,-14.3348
C[C@H]1O[C@]1(C#N)[C@H]1CN1,44.0945
C[C@H]1[C@H]2O[C@H]2[C@@]2(C)N[C@@H]12,15.2144
C[C@H]1C[C@H]1[C@@]1(CO)CO1,-44.3158
CN1C[C@@]23N[C@@H]([C@H]2O)[C@@H]13,104.8488
CC1(C)[C@H]2CC[C@@H]1[C@H]2O,-24.2556
CN=c1cnoc(F)c1,-6.1105
C[C]1N=C([NH])ON=C1N,36.1572
CCC#C[C@@H](NC)C=O,15.3003
O[C@@H](C#C)[C@]12C[C@H]1CC2,60.0714
N[C]1[C]2[C@H]3C[C@H]3N2N=C1,121.3367
C[C@H]1[C@@H](CO)CC21CC2,-14.7199
CC[C@]12C[C@@](C)(O)[C@H]1O2,-50.9046
O[C@@]1(C#N)[C@H]2C[C@@H]1C2=O,27.2529
O=C[C@H]1[C@H]2O[C@H]2[C@H]2CN12,9.3879
CN1C[C@H]1C(=O)C=O,-26.4624
C[C@H]1[C@@H]2[C@H]3[C@H](N13)C12CC1,106.9128
C[C@H]1C[C@]21CNC(=O)N2,-27.8425
CC1(C)CO[C@]1(C)C#N,-9.0106
C[C@@]12CC[C@]1(O)CO2,-47.8368
N#C[C@H]1[C@H]2[C@@H]1[C@H]1CC[C@@H]21,102.4373
C[C@H]1COC[C@H]1CC#C,8.068
CC(C)n1cccc1N,10.6791
N#C[C@@]12CN[C@H]3[C@@H](N1)[C@@H]23,111.5181
C[C@H]1[C@@H](O)[C@H]1C1(C)CC1,-11.6614
CC1(C)[C@H]2[C@H]3OC[C@H]3N12,48.5464
COCC[C@@]1(C)C[C@H]1O,-74.7693
O[C@H]1C[C@@H](C1)C#CC#N,57.7775
CCC[C@]12C[C@H]1O[C]2[NH],6.8861
OCC1(COC1)[C@H]1CN1,-24.6392
C[C@H]1[C@H]2O[C@H]2[C@]21CN2,42.9176
C[C@H]1C[C@]2(CO2)CO1,-57.5507
CC(=O)n1cnc(O)n1,-51.7409
C[C@H]1[C@H]2C[C@@H]1CC(=O)C2,-27.2075
C1[C@@]23CO[C@@]12COCC3,-16.5806
C[C@H]1[C@H]2OC(=O)C[C@@]12O,-98.8527
O[C@@]12[C@H]3[C@@H]1N1[C@H]3[C@]21C=O,86.8149
NC1=NC(=O)N[C]([NH])N1,-28.0254
CC[C@H]1[C@@H](CC#N)N1C,44.6775
OC[C@@]12[C@H]3CC[C@@H]1O[C@@H]23,-22.6329
C[C@@]12C[C@@H](OCO1)C2=O,-73.7774
[NH]C1=C(C(=O)CO1)[N][N],0.961
C1O[C@]21[C@H]1COC[C@@H]2N1,-4.1154
[NH][C]1O[C@H]2C[C@H]3C[C@@]12C3,49.3257
ON=C1CCC[C@@H](O)C1,-55.1776
O=CCC[C@H]1[C@H]2CN1C2,42.0015
CC(=O)[C@@H](CO)CC#N,-61.8802
COC[C@]12CN1CC2=O,-14.9939
C[C@@H](O)CCC[C@H]1CO1,-81.1912
C#C[C@]12CC[C@H]1CO2,62.651
OC[C@H]1COC(=C[CH]1)[NH],-51.2501
OCC1=C[C@@H](CC1)C#N,2.8686
CC[C@]12C[C@@H](C=O)[C@H]1N2,9.6044
CCC(=O)CC[C@@H](C)O,-112.5146
O[C@]12[C@@H](C#C)[C@H]1N1C[C@@H]21,130.204
CN(C=N)c1c[nH]cn1,38.9508
C[C@H]1COCC[C@H]1C#N,-25.5631
O=C1C[C@H]2C[C@H]2C(=O)C1,-48.039
Nc1cccn1C=O,-7.1926
OCCC[C@H]1CCO1,-74.0798
C[C@H]1CN=C(CC#N)O1,-4.5865
C[C@]12CC[C@H]1C(=O)N2,-12.7344
C[C@@]1(O)[C@@H](CO)CC1=O,-104.8961
C[C@@]12[C@H]3[C@H]4C=C[C@@H]1[C@H]4N23,109.2997
C[C@@]12[C@@H]3C[C@H]4[C@@H]3[C@@H]1O[C@@H]24,45.8232
O=C1OC[C@H]2C[C@@H]12,-59.008
C[C@@]12[C@H]3C[C@@H]1[C@H]3CC2=O,19.3806
O=C[C@H]1CCC[C@H]2N[C@@H]12,-7.4149
C[C@H]1CC[C@@H](C#C)C1=O,12.5257
C1C=Cc2c[nH]nc12,67.5311
Nc1cc(F)n[nH]c1=O,-57.3576
CCc1cc(CC)n[nH]1,8.1671
C[C@@]12CN3[C@@H]1C[C@@]23C#N,129.9841
CC1(C)O[C@H]2[C@@H](O)[C@H]2O1,-93.9059
O[C@H]1[C@H]2[C@@H]3CN4[C@@H]3[C@@H]1[C@@H]24,61.8865
O=CNCc1c[nH]nc1,-3.9253
CO[C@H]1[C@H]2[C@H]3[C@@H](O)[C@@H]1N23,2.0932
Nc1nc(ccn1)C#C,85.8547
C[C@H]1[C@H]2C=C[C@@H]3[C@H]2[C@]13C,62.0098
C[C@H]1C[C@@H](O)[C@H]1C#C,20.3658
CCn1cc(cn1)C#C,82.784
OCC#C[C@]1(CO1)C=O,-19.5149
C1[C@H]2[C@@H]1[C@@H]1O[C@@H]3[C@H]2C[C@H]13,49.4853
CN1C[C@H]1CCC=O,-9.2039
OCC1=CC[C@H]2C[C@@]12O,-37.7408
C[C@]12C[C@H]1[C@@]1(CO)N[C@@H]21,49.1055
O=C1[C@H]2N[C@@]1(C=C2)C#C,108.5573
CCc1c(N)c(C)no1,-7.867
C1O[C@@]23CO[C@@H](C[C@H]12)C3,-27.6216
CCCn1cnc(O)c1,-30.9292
N#CC(CC1CC1)C#N,77.2864
C[C@@H](CO)[C@H]1CO1,-67.9541
CC1(C)OC(=O)[C@H]1C#C,-24.5551
C1C[C]2[CH]CCC[C@@H]12,25.2133
C[C@@]12[C@H]3O[C@@H]1[C@]1(CN1)[C@@H]23,82.4337
CCc1conc1,1.5985
O[C@@]1(CC#C)[C@H]2CO[C@@H]12,34.3128
CC[C@H]1N[C@H]1CC=O,-17.3703
C#CC1=C[C@H]2[C@H]3C[C@@H]1N23,146.12
C[C@H]1N[C@H]1c1cnc[nH]1,51.7943
COC(=O)C(=O)OC,-168.916
O=C[C@H]1C=C[C@H]2OC[C@@H]12,-17.5094
O[C@H]1[C@@]23CC[C@@]12OCC3,-14.6987
CN(CC=O)CC#C,30.2161
CC[C@]12N[C@H]1[C@@]1(O)C[C@@H]21,49.1796
CN1[C@H]2C[C@]1(C)[C@]2(C)O,20.4329
C[C@H]1[C@H]2OC(=O)[C@@]12C#N,-1.2059
CO[C@H]1[C@H]2[C@@H]([C@H]1C)N2C,10.389
C[C@@]12[C@H]3[C@H]4[C@@H]1C[C@@H]2[C@@]34O,59.2055
CC(C)[C@H]1[C@H]2CC(=O)N12,0.9517
O[C@H]1C[C@@H](C#C)[C@]21CO2,24.6272
CC[C@]12N[C@H]1C[C@]12CO1,34.8322
C[C@H]1O[C@@]23C[C@@](C)(C2)[C@@H]13,70.9143
CC#C[C@@]1(C)[C@H]2CCN12,95.0115
O[C@H]1C[C@H]1[C@H]1CCOC1,-58.2076
C1[C@@H]2C[C@H]3O[C@@H]2OC[C@@H]13,-53.1261
CC1=CC[C@H]2OC[C@H]2C1,-10.6689
Oc1c[nH]c2c1[nH]cc2,21.2586
C[C@]12C[C@H]1OC[C@H]2C=O,-44.4571
CO[C@H]1CC=C[C@H]2O[C@@H]12,-32.626
C[C@]12CN1[C@H]1[C@@H](CO)[C@@H]21,58.6795
CN1C[C@H]2C[C@]2(C1)C#N,58.1563
C[C@H]1[C@H]2NC(=N[C@@H]12)C=O,15.497
CC(C)[C@H]1[C@H]2CC(=O)[C@@H]12,-8.5786
C[C@H]1N2CC(=O)C[C@@]12C,-13.3819
CC[C@H]1OC(=N[C@H]1C)C,-55.4625
COC(=O)[C@@]1(N)C[C@H]1C,-78.3798
O=C1NC[C@H]2N=CO[C@@H]12,-51.6641
O[C@H]1COCC(=O)OC1,-152.339
CNc1c(O)n(C)nn1,10.8674
NC(=O)[C@H]1[C@H]2[C@@H]3CN2[C@H]13,65.4398
C[C]1[C]2C[C@H]3N(C1)[C@@]23C,122.9551
Cc1c(F)cc[nH]c1=O,-81.9881
CCOC(CC)CC,-81.67
C[C@H]1C[C@H]1[C@@H](CO)C=O,-61.8622
O=C1[C@H]2N[C@H]2[C@H]1N1CC1,70.6538
CC[C@H]1OCO[C@H]2C[C@@H]12,-63.6098
CNC=NC(=N)C(=O)O,-67.6795
C1OCC1c1nocn1,0.411
CN[C](C(=O)OC)[N][N],-27.2742
Cc1cnc(F)cc1C,-43.8167
O[C@H]1C[C@]21C[C@H]1CN21,43.8582
Nc1coc(=O)nc1N,-54.5158
O=C1NC[C@H]2N[CH][N][C@@H]12,-9.7204
C[C@H]1[C@H]2CN1[C@H]2C#N,104.8963
CC1(CCCCO)CC1,-50.1647
COC(=O)N(C)C(=O)N,-153.87
C[C@H]1[C@@]2(C)O[C]([NH])[C@@]12O,-27.5196
CC1(C)CC(=O)[C@H]2O[C@@H]12,-56.9433
C[C@H]1OCCC=C1C#C,25.1072
CC(C=O)(C=O)C=O,-89.6736
CC1=CC(=O)OCCN1,-60.3729
O=C1CCCCN2C[C@@H]12,-5.3918
O=CC#CC(=O)C#C,68.4126
C[C@@]12OC[C@H]3[C@@H](CO1)[C@@H]23,-51.4438
C[C@H]1[C@H]2C[C@H]2[C@H]2C[C@@]12O,3.9515
C1O[C@H]1[C@]12C[C@H]1N=CO2,1.6061
CC1=CC(=O)[C@H]2C[C@H]2N1,-3.3989
O[C@H]1C[C@H]2CO[C@@H]1OC2,-112.8385
CN(C=O)C(=O)[C@H]1CO1,-90.8861
CC[C@H]1C[N][C](N1)C=O,-21.642
CNC(=N)c1ccno1,23.3161
C[C@H]1[C@H]2CC[C@H]2[C@]21CO2,19.1071
CC[C@H]1C[C@]1(O)C(C)C,-56.1894
COc1c[nH]cc1OC,-42.5811
OC[C@]1(NCC1=O)C#N,-10.0483
CO[C@@H](C)C[C@@]1(C)CO1,-78.6266
CC#C[C@@H](C)CC(=O)C,-13.0408
O=CC1=CN[C@@H]2C[C@H]1C2,9.0979
NC(=O)N[C@H]1[C@H]2CC[C@@H]12,-7.1428
COc1nn(C)c(=O)[nH]1,-63.0523
C[C@]12C[C@H]1O[C]([NH])[C@H]2O,-45.7042
CO[C@H]1[C@H]2C=C[C@@H]1[C@H]2O,-12.6637
C1O[C@]21CO[C@H]1C[C@@H]21,-16.292
Nc1c(N)ccc(=O)o1,-56.2932
C[C@@]12N[C@]1(CO)[C@H]1N[C@@H]21,47.5089
C[C@@]1(O)CC21CCC2,-14.3253
O[N][C]1[C@@H](O)[C@H]2C[C@@]12O,-24.2898
C1[C@H]2O[C@H]2c2c1[nH]nn2,63.6724
C#CC[C@@]12C[C@H]3[C@@H](C1)N23,134.1127
[NH][C]1NC[C@@H](C#N)C1=O,26.4378
O=C1OC[C@H]1C1CCC1,-55.5207
C[C@H]1[CH][C]2[C@H]3[C@@H]4[C@H]3[C@H]2[C@H]14,150.9943
CCn1nnc(CC)n1,35.2599
CC(=O)[C@]12C[C@H]1N=CO2,-31.0771
CN1C[C@H]1CC(=O)C=O,-29.3959
O=C1NC[C@]21CCCO2,-60.3076
C[C@@H](O)C1COC1,-69.5649
C[C@@H](CO)C#CCC#N,30.5393
FC1=C(OC=NC1)[NH],-37.1152
C[C@H]1O[C@@H](CC#C)C=C1,31.2876
CC(=O)[C@H]1CNC(=O)C1,-86.5143
C[C@H]1[C@@H](O)[C@H]2[C@H]3N[C@H]3[C@@H]12,38.0808
[NH][C]1[N][CH]NN=N1,95.3547
[NH][C]1N[C@@]23CC[C@@H]2O[C@@H]13,55.106
C#C[C@]12NC[C@H]1[C@H]2C#N,151.1636
OC[C@H]1N2C[C@H]2[C@]21CN2,53.779
O[C@H]1CO[C@H]2C[C@@H]12,-48.2686
CC(C)(C)CCC#N,-9.3903
C[C@H]1O[C@H]2[C]1[CH]CC2=O,-10.3339
C[C@H]1O[C@H]2C(=O)C[C@@]12C,-38.8001
C[C@H]1OC=NC[C]([NH])O1,-51.155
C[C@@]12C[C@H]3[C@@H]4[C@@H]([C@H]14)N23,110.066
C[C@H]1[C@@H]2[C@H]3N(C2=O)[C@@]13C,35.1948
C[C@H]1C[C@@H]2C[C@H]1NC2=O,-43.737
N#CC1=C[C@@H]2C[C@H]1C2,88.8366
CC1(C)C[C@]1(C)C#N,23.1485
OC[C@]12[C@@H](O)[C@H]1C[C@H]2O,-78.4485
N#CC[C@H]1CC[C@H]1C#N,67.3166
CC[C@H]1O[C@H]2C[C@H]2[C@H]1O,-61.2472
ON=C1CO[C@H]2C[C@@H]12,-2.3578
CCCC[C@]1(CN1)C#C,65.4986
NC(=N)C(=O)[C@@H](O)C#N,-25.2017
C([C@H]1CO1)c1cnc[nH]1,10.0119
C1N[C@@H]2[C@@H]3O[C@H]1O[C@H]23,-19.145
Oc1c[nH]c(n1)[C@H]1CO1,-26.6221
C[C@H]1N=CO[C@H]1CO,-70.0152
CC1(C)CN=C(N)C1=O,-35.0833
O=C1[C@H]2[C@H]3N1C[C@@]23C#C,120.0621
C[C@]1(CN1)c1c[nH]cc1,50.2691
C[C@H]1O[C@]21C[C@@H](O)[C@H]2O,-85.0392
C#C[C@@]12C[C@@H](C1)C12CC1,138.1215
C1C[C@H]2CCCCC[C@@H]12,-6.6132
C1[C@H]2OC=N[C@@H]1[C@H]1O[C@@H]21,-17.1125
C[C@@H](O)C(=O)[C@H]1C[C@H]1C,-79.4826
Nc1n[nH]c(n1)C1CC1,48.7726
Cc1c(C)cc([nH]1)C#C,63.4093
CCC[C@]12C[C@H]1CC2,18.2186
C[C@]12O[C@H]1[C@H]1C[C@H]1[C@H]2O,-32.6417
C[C@]12C[C@H]1C(C)(C)[C@H]2O,-22.2808
CN1C[C@H]1CNC(=O)C,-26.4606
CN=COC[C@H]1CO1,-39.5075
Cc1c(C#N)c(O)no1,-7.2202
O[C@H]1CC(=O)[C@@H]2C[C@H]1C2,-56.2304
CC#C[C@@H](C)C#C,95.3241
C[C@H]1COCOC(=O)N1,-130.1129
C[C@H]1CC(=NO)C=C1N,3.5713
O=C[C@H]1COCCC1=O,-100.5627
O=C[C@]12CN1[C@H]1CC[C@@H]21,57.696
C#CC#C[C@]12CC[C@H]1O2,121.3048
O=C1CNC(=O)OCO1,-155.1067
[NH][CH]O[C@H]1C[C@H]1NC=O,-38.2453
C1CO[C@H]2[C@H]3N[C@H]3[C@H]2O1,-3.2814
O=C1C[C@H]2CC[C@@]12C#C,63.4969
C[C@H]1CN2C[C@@H](O)[C]2[N]1,7.0985
OCCn1ccnc1,-14.9447
CC[C@@](O)(CO)CC#N,-73.9634
CC(C)[C@@]12C[C@H]3C[C@@H]1[C@@H]23,52.1919
COCC(C)(C)O[CH][NH],-84.0856
C[C@H]1CCO[C@H]1C#C,11.9201
O=C1CCN2CCC2=C1,1.266
CC1=C[C@@H](O)CN2C[C@@H]12,7.7156
C1C[C@@H]2COCO[C]2[N]1,-54.5006
O=C1N[C@H]2CC[N][C]2N1,-20.5035
CC[C@H]1C[C@@]23C[C@@H](C2)N13,114.8145
CC[C@@H](OC=O)C#CC,-46.6251
C[C@H]1[C@H]2[C@H]3O[C@H]3C(=O)N12,-1.6858
COC=NC[C@H]1O[C@H]1C,-46.9102
C[C@H]1CC[C@@H](CO1)C#C,-0.5189
O[C@@]12CO[C@]31CC[C@H]3C2,-13.6859
CC[C@H]1C[C@H]2C[C@@]12CO,-14.5976
N#C[C@H]1COCCC=C1,9.4876
O=C1CC2=C(COC2)N1,-43.6273
O=COCc1c[nH]cn1,-51.4394
C1N[C@H]1[C@H]1N[C@H]1[C@H]1CN1,92.8938
COCc1nc(C)no1,-38.4586
O=C1OC[C@@]23CC[C@@]12O3,-47.9901
CCC(=O)NCCC#C,-9.6795
NC(=O)CO[C]([NH])C=O,-98.6355
O[C@@H](C=O)[C@H]1O[C@H]1C#N,-43.102
O[C@]12C[C@H]1C1(CC1)OC2,-27.1773
CC1(C)C[C@]1(CO)C#C,19.1755
C1[C@H]2[C@H]3CC=C[C@@H]1O[C@@H]23,15.3494
Cc1ncc([nH]1)C#C,72.398
CCc1nn(C)c(C)n1,5.515
Cc1ccncc1C,11.6599
Nc1nc(ccn1)C#N,60.6818
OC[C@H]1CC[C@@H](O)C1=O,-122.1677
OC[C@@H](O)[C@@H](C=O)C#C,-54.0843
CC1=CCCN1C(=O)N,-40.3305
C1[C@H]2O[C@H]3C[C@H]3C=C[C@@H]12,33.5089
C[C@H]1OC(=O)OC[C@H]1O,-171.692
CO[C@]1(C[C@H]1C#C)C#C,101.854
O[C@H]1[C@H]2OC3(CC3)[C@@H]12,3.3741
OC[C@H]1[C@H]2N[C@H]2[C@H]1C#C,75.4382
CC(C)Cn1nccn1,25.8551
CCCCN1C[C@H]1C#N,41.5896
C[C@H]1O[C]([NH])C[C@H]1CO,-80.9758
C[C@H]1Cn2ccc(N)c12,59.267
CO[C@]12C[C@H]1[C@H]1C[C@@H]2O1,-0.7454
O=C1N[C@@H](C#N)[C@H]2CN12,33.7182
C[C@]12C[C@]1(CO2)C1CC1,22.4593
ON=C1[C@H]2[C@H]3N[C@@H]1[C@@]23O,71.1602
C[C@@]12C[C@H]3[C@@H](O)[C@@H]1CN23,26.268
O=c1oc2c(COC2)o1,-110.7008
CC(C)C#CCCCO,-18.7153
N#CC#C[C@H]1O[C@H]2C[C@@H]12,107.5972
CC[C@@]12[C@@H]3[C@H]4[C@@H]([C@H]13)N24,132.6293
C[C@@]12C[C@@](O)(C1)[C@H]1O[C@@H]21,-18.7549
Cn1nnc(O)n1,16.2312
C[C@@]1(O)CO[C@@H](CO)C1,-131.5777
COc1c(N)[nH]nc1C,-3.6516
C[C@@]12[C@H]3O[C@@H]1C(=O)[C@@]23C,4.9498
NC1=C([C]2N([CH]1)CC2)O,30.7913
[NH][C]1O[C@@H]2CC[C@@H](C2)O1,-65.4513
C[C@H]1O[C@]21[C@H]1[C@H]3[C@@H]2CN13,73.1892
CC1=CC[C@@H](C1)C#C,61.7185
COC(=O)C#CC,-40.2636
C1COC[C@H]2N[C@H]2CO1,-37.5051
C[C@H]1O[C@H]1CC(=NO)C,-32.1744
O[C@@]12[C@@H]3[C@H]4[C@@H]3C(=O)[C@@H]1[C@@H]24,24.7639
CCC(=O)C1=CCCC1,-37.552
C[C@H]1N[C@@H](C2CC2)C1=O,4.6747
CC[C@@H](CC1CC1)OC,-45.1327
O[C@H]1[C@H]2[C@H]3[C@@H]1[C@@H]2C3=O,21.113
[NH][C]1O[C@H]2C[C@H]3O[C@@H]1[C@@H]23,-7.9427
O[C@@H]([C@H]1CO1)[C@H]1CCO1,-74.9137
C[C@@H](O)[C@]12C[C@H]1C=CC2,-8.711
COC(C(C)C)C(C)C,-82.1355
CN[C@H]1[C@@H](O)[C@]1(N)C#N,20.3989
C[C@H]1C[C@@H](N1)C#N,45.8363
O[C@H]1C[C@@]2(O)C[C@@]12O,-72.5299
C[C@@]1(O)CCC2(CC2)C1,-37.2902
CNCC(=O)[C@@H](O)C#N,-41.8428
C[C@@]1(O)[C@H]2CC[C@@H](O)[C@@H]12,-64.5316
Cc1c(nco1)N(=O)=O,-25.2785
C[C@H]1[C@H]2[C@H]3C[C@]1(O)[C@@H]23,25.9111
C[C@]12CO[C@H]1CCC2,-34.4439
C[C@@]12N[C@]1(C)[C@H]1N[C@@H]21,79.8544
NC(=O)c1c[nH]c(O)c1,-60.0533
CCOCC(=O)OC,-138.7452
C[C@H]1[C@H]2CC[C@]1(C)OC2,-50.6812
O[C@]1(C=CNC1=O)C#C,9.4862
C[C@H]1[C@@](C)(O)[C@]1(O)C=O,-107.1527
CCCC1CC1,-6.784
C[C@H]1[C@@H]2N1CCCC2=O,-8.0091
C[C@H]1O[C@@]23C[C@@]12CCC3,10.8158
[NH][C](C#N)N1CC(=O)C1,47.0904
C[C@H]1N2C[C@]3(O)[C@H]2[C@]13C,40.8017
Nc1c[nH]c(c1)[C@H]1CN1,61.4498
O=C1[C@H]2N[C@@H]1C(=C2)C#N,78.3857
COCCCC=O,-84.019
Nc1nc(O)co1,-54.1165
CCOC(C)(C)C1CC1,-47.7657
C[C@]12C[C@H]3[C@@H]4[C@H]3[C@H]1[C@H]24,77.7608
C[C@H]1[C@H]2C[C@@H](C3CC3)[C@@H]12,54.5582
CC[C@@H](C#N)C#CC#N,105.5694
CC#CC[C@@]1(C)C[C@H]1O,14.6662
O=Cc1c(cc[nH]1)C#N,20.7132
C[C@@]12CCN1C(=O)NC2,-25.9832
CN[C@@]1(C#N)[C@H]2C[C@@H]1N2,107.7456
C[C@H]1[C@H]2C[C@H]3O[C@@H]1[C@@]23O,-15.3582
C[C@H]1C(C)(C)[C@]1(N)C#N,28.2556
O=CNC1=CC[C@H]2C[C@@H]12,0.3096
OC[C@H]1[C@@H](O)COC1=O,-166.1323
C1[C@H]2O[C@@H]3[C@H]2CCC[C@H]13,-8.14
C[C@@]1(O)[C@H]2C[C@@H](O)[C@@]12C,-49.9006
CC1=C[C@H]2C[C@@]2(O)CC1,-15.6205
O=C1[C@@H]2CC[C@]32OC[C@@H]13,-0.4073
CC(=O)N1CCC=CC1,-35.8975
[NH][C]1O[C@H]2[C@H]3CC[C@@H]1[C@@H]23,5.7069
CC[C@@](C)(O)CCCO,-118.4551
O[C@H]1C[C@H]2CCCC[C@@H]12,-39.4049
C1C=C[C@@]23O[C@@H](C=C2)[C@@H]13,90.0292
CCNc1ccc(O)[nH]1,-17.8023
O[C@@]12[C@H]3CN(CC1=O)[C@@H]23,1.2578
C#CCC#CC#C,166.0636
CO[C@@]12[C@H]3[C@@H]1N1[C@H]3[C@]21C,104.2886
CC#Cc1cc(C)c[nH]1,60.3772
O=C[C@@]12O[C@H]3C[C@@H]1[C@@H]23,20.7127
O[C@H]1[C@H]2N3C[C@@H]1[C@@]23C#N,81.9338
C[C@H]1CO[C@@H](CO)C1=O,-118.7635
CN1CC[C@]1(C)C#N,40.6043
[NH][C]1Cc2c(O1)cn[nH]2,35.698
Cc1c(O)oc(=O)nc1,-102.1036
C[C@H]1[C@H]2[C@@H](C[C@@]12O)C=O,-30.2358
COC1=NCC(=O)N1,-70.5621
CC(=O)Cc1nonc1,-6.1358
O[C@H]1CC[C@]21O[C@H]2C#C,23.6859
C[C@]12CC(=O)C(=O)[C@H]1N2,-29.5077
C1N[C@]21[C@H]1N[C@@H]2[C@]21CO2,111.6471
CCC[C@@H](O)CCCO,-117.5628
O=C1O[C@H]2C[C@H]2[C@H]2N[C@@H]12,-14.4782
O[C@H]1[C@H]2O[C@H]2[C@H]1N1CC1,12.695
CCn1nnc(O)c1C,-8.8167
OCC1(CCC1)N1CC1,3.6301
CC1(C)C[C@@H]2[C@H]3C[C@@H]2[C@@H]13,41.597
O[C@@H](CC#C)C(=O)C=O,-41.4978
Cc1coc2c1CCO2,-36.0605
C[C@@]12C[C@H]3O[C@]1(C)[C@@]23O,-7.0117
C1CCc2c(C1)[nH]nc2,25.716
OC[C@H]1[C@H]2CC[C@@H](O)[C@@H]12,-64.4651
Nc1nn(C=O)nc1N,15.0839
CC1(C)C[C@@H](CO1)C#C,0.7236
CN=CN(C=O)C(=N)N,-19.4451
C[C@@]12CC[C@@H](CCC1)O2,-59.3183
C1O[C@]21[C@H]1[C@@H]3CO[C@H]1[C@H]23,25.3796
C[C@H]1[N][C]2OC[C@H]2C1=O,-13.1874
[NH][C]1O[C@H]2CCC[C@H]2O1,-71.5513
ON=C1C[C@@H](C1)C#C,77.1813
C1C[C@]2(C[C@H]3N[C@@H]23)O1,40.7307
CCCc1c(C)nno1,-3.6545
C#CC[C@H]1[C@H]2COC[C@@H]12,43.2416
C1C[C@@]23O[C@@H]2C[C@H]2[C@@H]1[C@@H]32,33.2059
C[C@H]1[C@H]2CC[C@H]2OC1=O,-74.26
CC1=C[C@H]2N[C@H]2[C@H]1C#C,110.5943
N#CC[C@H]1COC21CC2,31.5659
C[C@H]1[C@@H](CC#C)[C@H]1C#C,124.4544
OCC[C@H]1COCO1,-119.5459
OC[C@H]1[CH][C]2C[C@@H]3[C@H]2N13,103.1873
C[C@]1(NC[C@]21CO2)C#N,42.8633
C[C@H]1[C@H]2CC(=O)[C]([NH])N12,18.0566
N[C@@H]1C(=CN=C([NH])O1)O,-31.4793
C1[C@H]2O[C@@H]3C[C@@H](C=C3)[C@@H]12,24.5726
NC(=O)COC(=O)N,-143.7741
C[C@]12N[C@H]1[C@H]1O[C@H]1C=C2,39.5572
O=C1C[C@H]2C[C@]2(O1)C#C,4.767
Nc1c[nH]cc1C1CC1,48.2448
CC(=O)[C@H]1CN[C@H]1C#N,20.9482
C1[C@H]2[C@H]3N1[C@]12CCC=C31,154.4553
C[C@]12CC(=O)[C@H]1N2,13.422
Nc1cnc[nH]c1=O,-18.97
Cc1c(cco1)C1CC1,-0.3948
CCn1cccc1O,-23.7848
O[C@H]1[C@H]2O[C@@H]3C[C@H]2O[C@H]13,-72.9949
C[C@H]1[C@H]2[C@@H]3C[C@]3(O)CN12,16.5491
NC(=O)c1nc(N)n[nH]1,-15.9358
C[C@@H](OC=O)C(=O)CO,-163.3725
COc1coc(C)n1,-58.4421
C[C@H]1CC(C)(C)C1(C)C,-26.7573
C[C@H]1CCC[C@]1(C)CO,-68.2445
CC#C[C@H]1OC21COC2,24.6655
COC(=NCC(=O)C)C,-81.4652
C[C@H]1O[C@@H](C)C(=O)C1=O,-102.3756
CC1=C[C@H]2N[C@@]2(C)[C@H]1O,-1.3688
CC1(CC1)c1cocn1,1.5527
N#C[C@H]1[C@H]2[C@H]3[C@@H]4[C@H]3[C@H]2[C@H]14,138.4763
C[C@H]1O[C@H]1C(=O)CC=O,-82.7565
C#C[C@H]1N[CH][N][C@H]1C#C,150.1132
OC[C@@H](CCC=O)C=O,-111.5804
OCCC1(CC1)C#C,28.027
CC1(C)[C@H]2[C@@H]3C[C@H]2[C@]13C,64.0556
C[C@H]1[C@@]2(C)CCC[C@@]12O,-37.8625
C[C@]12N[C@H]1[C@H]1CC[C]1[CH]2,79.6745
C[C@@]1(CO)O[C@H]1C1CC1,-48.5521
CO[C@H]1CC(=O)N[C]1[NH],-68.9481
O[C@H]1CC[C@@]2(O)C[C@H]2C1,-68.8131
NCc1nocc1C#N,47.3333
C#CC[C@H]1O[C@H]2C[C@H]2O1,15.4154
CC(C)(C)c1c[nH]cn1,0.5642
CCC1=C[C@H]2[C@H]3O[C@@H]1[C@@H]23,40.0645
C1[C@H]2[N][C]3N[CH][N][C@H]3[C@@H]12,85.0372
C1N=CNc2c1nn[nH]2,88.1139
C[C@H]1[C@H]2C[C@H]2[C@H]2C[C@@H]12,41.0466
CC(C)COC(=O)C,-121.431
C[C@H]1[C@@H](O)[C@@H](C)[C@]1(C)O,-91.0689
CC[C@@H](C=O)C(=O)N,-94.5106
C[C@H]1[C@@H](CCO)[C@H]1C=O,-63.7949
CC1(C)C[C@@H](C=O)[C@H]1O,-73.9436
[NH][C]1NC[C@H]2N[C@H]2C1=O,27.3322
C[C@@]1(O)[C@H]2O[C@@H]3[C@H]2[C@]13O,-33.0081
OCc1ccc[nH]1,-16.7079
C[C@H]1NC(=O)N[C@H]1C=O,-76.9884
O[C@@]12C[C@@](O)(C1)C12CC1,-0.6224
CCO[C@H]1C[C@@H]2C[C@H]1C2,-26.5786
CC(C)O[C@H]1C[C@@H](O)C1,-84.4248
C[C@@H](O)[C@@]1(C)COC1=O,-125.2902
C[C@H]1C[C@]1(O)[C@H]1C[C@H]1O,-47.4263
O=CC(=O)[C@H]1COCO1,-120.6122
C[C@H]1C[C@@H]2O[C@H]1C[C@H]2C,-50.8224
CCC(CC)CCC#N,-12.1029
CN[C@@]1(C)CN[C@H]1C#N,52.2224
O[C@H]1CO[C@@H](C1)OC=O,-159.7392
C[C@H]1[C@@H](O)C21COC2,-36.3578
C[C@H]1C[C@H]2N3C[C@H]3[C@@]12O,42.1101
C#CCC1=CCCOC1,32.2834
CC[C@H]1Cc2ncnn12,63.082
C[C@]12C[C@]1(OC2=O)C#N,-1.9595
C1[C@H]2[C@H]3N[C@H]3C3(CC3)N12,99.7991
COC[C@@H](O)[C@H]1CN1C,-54.4985
O=C[C@H]1CC21COC2,-21.6309
C[C@H]1CC=CC[C@H]1C,-11.0027
O[C@@H](C[C@H]1CN1)C#C,44.2993
CC[C@H]1CO[C@H]2C[C@@H]12,-24.0116
NC1=COC(=C([NH])N1)[NH],14.515
CN=C1O[C@H]2[C@@H]1C2(C)C,10.0757
CC[C@@H](C)[C@@]1(O)C[C@H]1C,-54.2127
C[C@H]1CC[C@]21[C@H]1C[C@@H]2C1,62.8062
CCN(CC#C)CC#N,85.9067
CCC(CC)CC(=O)N,-84.2211
O[C@@H](C#C)C(C=O)C=O,-37.0206
C[C@@H](C=O)C1(O)COC1,-94.5065
Cn1nccc1CC=O,1.1678
Cn1nc(CO)nc1O,-54.5872
C[C@H]1OCC(=C1)C,-35.2089
NC(=O)c1c[nH]nc1N,-13.2617
O=C1C[C@]2(CN2)C21CC2,39.2115
OCc1c(occ1)C=O,-77.424
C[C@H]1OC(=O)N[C@H]2C[C@@H]12,-68.6717
C1CC(=O)[C@H]2C(=C1)CC2,2.0042
CN1C[C@H]2CC[C@@]12C=O,16.3144
NC=Nc1c(N)nno1,37.9478
O[C@H]1[C@@H](O)[C]([NH])N[C]1[NH],-47.3018
CN1CC(=O)C(C)(C)C1,-46.9999
C[C@@H](O)CC#CCC#C,56.1752
Nc1c[nH]c(NC=O)n1,-17.8149
C[C@]12N[C@H]1C(=O)[C@H]2C=O,-5.3097
O=C(C#N)[C@H]1[C@H]2C[C@@H]1C2,64.4178
O=C[C]1[N]C[C@@H](N1)C#C,55.5759
C[C@H]1[C@H]2N1[C@H]1CC[CH][C]21,90.7124
O[C@H]1C[C@@H]2O[C@H]1[C@H]2C#N,-8.8288
CO[C@]12C[C@H]1C(=O)OC2,-92.678
O[C@H]1[C@H]2[C@@H]1[C@@]1(O)[C@@H](O)[C@@H]21,-18.0841
[NH][CH]O[C@H]1C=C[C@H]2O[C@@H]12,1.3984
OC[C@H]1CC[C@H]2N[C@@H]12,-15.3403
O[C@]12CC[C@H]1CC2=O,-36.6265
CC#C[C@@H](O)[C@@]1(C)CN1,27.5795
CCOCC[C@@H](O)CC,-116.6554
CCN1C[C@]21CCC2=O,7.0442
CC(=O)[C@H]1C[C@H]2C[C@@H]12,-0.0076
C1C=C[C@@H]2[N][CH]OC[C@@H]12,8.493
CCOCCC(=O)CO,-128.9478
N=CNc1ncncc1,44.5763
O=c1cc(N)[nH]cc1,-12.9588
C[C@]12C[C@H]1NC(=O)OC2,-67.6507
NC1=C[CH]C(=O)[CH]O1,-21.6922
CNc1c[nH]cc1OC,-6.6646
OC[C@@]1(O)C[C@H]2[C@@H](O)[C@@H]12,-76.5214
C#C[C@H]1C[C@@H](CC#N)C1,94.2483
C[C@]12C[C@H]1O[C@@H]1C[C@H]2C1,7.0633
FC(F)(F)[C@H]1C[C@H]2C[C@@H]12,-134.9076
O=C1NC=NC[C@H]2O[C@@H]12,-21.3391
C[C@@]1(O)C[C@H]2[C@H]3C[C@@H]1N23,12.4408
CN[C@@H](CO)C(F)(F)F,-221.2843
CC#C[C@H]1[C@H]2C[C@@H](C)[C@@H]12,81.6508
CC1(C)CC[C@@H](O1)C=O,-87.8141
Oc1c([nH]c(=O)o1)C=O,-137.706
C[C@H]1C[C@@]23O[C@@H]([C@H]2C)[C@@H]13,81.9704
CC#C[C@]12C[C@H]1[C@H]1C[C@@H]21,133.0174
C[C@H]1CC=C(C#C)[C@H]1O,24.0015
C[C@H]1CCC(=O)C=C1C,-43.5259
C[C@@]12CC(=O)C[C@]1(C)O2,-67.0506
CC1(C)Cn2ncnc12,63.5514
CC1=N[C@H]2C[C@@]2(C)CO1,-16.2446
CCNc1cn(C)cc1,18.4652
C[C@]12CN1CCC[C@H]2O,-20.6866
OC[C@]12OC[C@H]1NC2=O,-69.4385
CO[C@H]1[C@H]2CN2[C]1[NH],40.9463
O=CNC1=C[C@@H]2C[C@H]1C2,20.2864
C1N[C@]21C[C@H]1OC[C@@H]21,41.1047
CC[C@@H](O)C(C)(C)O,-118.2927
CCC#C[C@H]1OC[C@H]1C,16.7646
OC[C@]12CN1CCC=C2,10.6593
[NH][C]1CN2C[C@H]2C(=O)O1,-27.2703
CNc1c(O)c(O)c[nH]1,-43.4304
C1C[C@H]2COC[C@@H]1CO2,-72.4056
C[C@H]1O[C@H]2[C@@H](O)[C@@]2(C)O1,-95.0078
CC[C@@]12[C@H]3C[C@@H]1[N][CH]N23,77.9624
C[C@@]1(O)CN[C@H]1CC#N,0.9721
C[C@H]1C[C@@H](C#N)N1C=O,5.4606
C[C@H]1[C@@H](OC1=O)[C@H]1CN1,-44.1348
C[C@]12CC=C[C@H]1OC=N2,-5.5118
O=C[C@H]1N[C@H]1C1CC1,19.9382
CCO[C@@H](CC#C)C=O,-23.3169
C[C@@]12C[C@@H](OC1)[C@H]2C#N,17.8398
CC[C@]12N[C@H]1CC(=C2)C,31.2384
OCCCC#N,-25.3279
COc1nn(C)c(C)n1,-20.0867
O=C[C@]12C[C@H]1[C@@H](O2)C#C,50.825
CCC[C@@]12CN(C1)[C@H]2C,49.2713
C1N[C@]21C=C[C@@H]1C[C@H]2C1,72.8736
C[C@]12C[C@@](C)(O)C[C@H]1O2,-79.1074
C[C@@]1(CCCO)C[C@H]1O,-79.2987
CC(=O)NCC1(O)CC1,-78.4168
[NH][C]1OC[C@H]2O[C@H]2CO1,-61.9404
O[C@]12C[C@H]1NC(=O)NC2,-59.0635
COCC(COC)C=O,-115.7256
O[C@H]1C=C[C@]2(O[C@@H]12)C#N,13.7652
C[C@@]1(O)[C@H]2[C@H]3O[C@@H]1[C@@]23O,-31.1068
C[C@H]1CC[C@@H](CO)C=C1,-44.1382
CC(C)(C)O[C]([NH])C#C,6.5416
C[C@]1(OCC1=NO)C#C,46.522
C1O[C@H]2[C@H]3C=C[C@@H](O1)[C@@H]23,-11.4446
Nc1cocc1[C@H]1CO1,-13.0971
CCCC#CCC#N,63.0724
CC[C@H]1[C@H]2O[C]([NH])O[C@@H]12,-43.8361
CCC#CC1(O)COC1,-11.9722
C1[C@H]2C=CCOCCN12,28.227
N#C[C@H]1[C@H]2C[C@H]3CN3[C@@H]12,99.9489
Cc1nn(CC#N)nc1,75.7359
Cn1nnc(N=CN)n1,69.2339
OCCOC1CC(=O)C1,-100.7006
CO[C@H]1[C@H]2[C@@H]3C[C@H]2[C@H]13,50.5477
N#C[C@H]1NC[C@H]2CN[C@@H]12,72.4281
C[C@H]1O[C@H]2C[C@H]2C21CC2,5.3521
COC1=NO[CH]C=C1[NH],2.6864
C[C@H]1OC21CC(C)(C)C2,-25.6436
CC(C)N1N=NN[C@@H]1[NH],54.469
C1COC2(CCC=C2)O1,-56.3289
[NH][C]1O[C@H]2CC[C@@H]1C2,-24.7462
O[C@H]1C[C@H]1n1nnnn1,78.5916
O[C@H]1COC[C@H]1C#N,-44.8503
C[C@H]1C[C@@](C)(C#C)[C@H]1O,14.0977
O=C[C@H]1CC(=O)NC=N1,-53.1174
OC[C@H]1[C@H]2N1C[C@]12CN1,51.5657
CCN1C[C@H]1[C@@H](O)C#N,15.4312
O[C@H]1[C@H]2CO[C@@]12[C@H]1CO1,-31.6188
CC(=O)[C@H]1CCC(=C1)C,-37.9687
CNc1c(O)[nH]c(C)n1,-21.7151
CC(=O)CC1(C)CC1,-37.7973
COC(=N[C@@H](C)C=O)C,-76.2895
C[C@H]1[C@@H](C)[C@H]1C1CCC1,14.2879
C[C@]12C[C@@H]3N[C@H]1[C@@H]3O2,27.5473
C[C@]1(N[C@H]1C1CC1)C=O,8.4291
CC1=NOC(=C(O)[N]1)[NH],-12.3283
O[C@H]1C[C@@H](O)[C@H]1[C@H]1CO1,-75.7929
C[C@H]1[C@H]2[C@@H]1[C@@H]1C[C@H]2O1,22.1981
C[C@@]12N[C@@]3(CO)[C@@H]1O[C@@H]23,29.8956
C[C@]1(CCC1=NO)C=O,-17.514
Cc1cccc(C)n1,8.8104
CN1[C@@H]2C[C@]2(O)C21CC2,42.9553
CC(C)[C@H]1N[C@H]1C#C,68.6366
CC1(C)[C@H]2O[C@@H]3C[C@H]2[C@H]13,13.2148
O=C[C@]12CN[C@H]1C(=O)N2,-10.1299
C1[C@H]2CN1c1c2[nH]nn1,144.6672
CCC1(CC)CC(=O)O1,-97.7746
[NH][CH]OC1=NN[C@H]([NH])N1,27.0906
Cc1c(N)[nH]c(c1)C#C,74.5674
CC[C@@H](C(C)C)C(=O)C,-78.5469
CC(=O)NCCC1CC1,-45.8491
O=C[C@]12C[C@H]1CC12CC1,34.1132
C[C@]12[C@H]3N[C@H]3[C@H]1NC2=O,43.9407
CC(C)C,-35.9131
C[C@@H](CO)CC(=O)C#C,-29.6108
NC[C@]1(CCO1)C(=O)O,-112.5238
C[N]c1[nH]nn[nH]c1[NH],103.6534
O[C@H]1C[C@@H](O)[C@H]1CC=O,-98.6286
COC(=O)[C@@H](C)CCO,-148.4508
C[C@]12N[C@H]1CC(=C2)C#N,75.9818
C[C@@]1(O)CN2CC[C@@H]12,4.2066
CC(=O)c1c(O)[nH]cc1,-68.7936
C1[C@H]2C[C@@]34C[C@@]3(CC4)N12,96.6129
C[C@]1(OC[C@H]2O[C@@H]12)C#C,10.8634
O[C@@H](CC#C)C[C@H]1CO1,-7.077
OC[C@@]12C=C[C@H]3C[C@@H]1[C@@H]23,37.8463
C#CCCC#N,76.6653
[NH][C]1N[C@@H](CC1=O)C#C,47.4208
CC[C@@H](C)OC(=O)CC,-129.389
CC[C@@H](O)C(CO)CO,-145.7122
C#Cc1nc(co1)C#N,88.0762
O=C1[C@@H](C#N)[C@H]2CN12,57.9082
C[C@H]1C[C@]1(C#N)C(=O)C,-3.8997
CCNc1nocn1,0.9511
CCC(=O)[C@H]1CO[C@H]1C,-73.6073
C[C@H]1COCCC[C@H]1O,-94.7479
O=Cc1ccnc(=O)o1,-65.845
O=C1C[C@H]2N[C@H]2[C@]21CN2,33.9947
COC=NC(C)C,-46.2093
C[C]([NH])OCC(=O)C=O,-83.7394
O=c1[nH]ncc(n1)C#C,74.808
OCc1cnc(CO)[nH]1,-53.8232
OC[C@H]1C[C@H]1[C@@H](O)C#C,-2.1046
O[C@@]12CO[C]3[N]C[C@@H]1[C@@H]23,24.6953
C[C@@]12CC[C@@H](C1)[C@H]1O[C@@H]21,-13.3477
OCCC1CCOCC1,-96.9342
OCC(=O)OC1COC1,-142.2844
C[C@@]1(CO)COCC1=O,-117.1156
C[C@]12C[C@@H]3[C@H]1N2[C@H]3C=O,53.1572
CC[C@@H](O)CCOC=O,-145.1859
Cc1cc(C)cc(=O)[nH]1,-40.695
CO[C@H]1O[C@@H]2C[C@H]1C=C2,-40.7454
OC[C@H]1N=CNC1=O,-62.845
O=C1CCNC(=O)NC1,-77.4144
C[C@H]1C[C@H]1C,-2.3313
[NH][C]1O[C@@]2(CC#C)C[C@@H]12,80.7989
Cn1cc(C)c(C)c1N,7.5597
C1O[C@@H]2C[C@H]1CCO2,-78.1995
CCC[C@]1(CN1C)C#C,70.3643
Cn1ccnc1C(=O)C,-21.8863
O[C@]12CCC[C@H]1COC2,-82.0441
C[C@H]1CCC=C[C@]21CO2,-11.4852
CC(=O)[C@H]1NC[C@H]1O,-53.9785
C[C@@]12O[C@@]3(C)[C@@H]1C[C@@]23O,0.637
CC#CCn1nnnn1,140.9358
N[C@]1(C[C@H]2CN2C1)C#N,72.7896
C[C@@](N)(CO)[C@@H](O)C#N,-59.8541
COCC(=N)NC=O,-71.6068
NC(=N)Nc1nonn1,60.9539
CC1(C)OCC=C[C@H]1O,-75.2432
C[C@]12C[C@H]1CCC=C2,24.988
CCn1cc(N)oc1=O,-74.6578
C1[C@H]2[C@@H]3C[C@@]42COC[C@@]134,74.0348
C[C@]1(CCC21CC2)C#N,55.7444
C[C@@]1(C=O)[C@H]2N[C@H]2C1=O,-3.2088
COC[C@@H](C#N)C1CC1,2.1854
NC(=N)[C@]1(CO1)C#N,33.6153
O=CC(=O)[C@H]1[C@H]2CCN12,4.9815
C1[C@H]2[C@H]3C[C@H]4[C@H](CN34)N12,113.8434
O=C1[C@H]2OC[C@H]2[C@H]1C#C,43.3482
Cc1nc2c[nH]nc2[nH]1,62.7032
CC1(C)CN[C]([N]1)C#N,40.3078
CO[C@@H](C=O)[C@@H](O)CO,-155.2254
C[C@@]12C[C@H]3OCO[C@@H]1[C@@H]23,-24.2601
[NH][C]1N2[C@H]3C[C@H]([C@@H]23)C1=O,59.5876
Nc1c(CC=O)ocn1,-40.0508
CCC(=O)[C@H]1[C@@H](O)[C@H]1O,-108.1498
CC[C@@]1(CO)[C@@H](O)[C@H]1O,-108.5029
O[C@H]1[C@@H](O[C@H]1C#C)C=O,-19.8281
O=C1C[C@@H](C#N)N2C[C@@H]12,39.8662
N[C@H]1COCCOC1=O,-107.7397
O[C@H]1C[C]([NH])OCC1=O,-97.6796
CC1(CC[C@H]2OC2)CC1,-13.8069
C[C@@]1(O)CC=C[C@H]1CO,-71.5559
CC1(C)C[C@H]2C[C@@H](O)[C@@H]12,-17.8317
CCO[C@H]1CC[C@H]1OC,-73.1917
Nc1cncc(F)n1,-20.8367
O[C@H]1[C@@H](O)[C@H]2OCO[C@@H]12,-127.5624
CC1(C)N[C@H]1[C@@]1(C)CO1,-8.0046
C[C@H]1[C@H]2C[C@@]2(O)C1=O,-35.0358
O=C1NCC=C1CC#N,1.9219
O=C[C@H]1C[C@]21COC=N2,-23.6549
O=C(C#C)c1nocc1,50.1607
C[C@@]12[C@H]3C[C@@H]1OC[C@@H]2O3,-32.2752
CC(C)Cc1ccno1,-13.0668
CC[C@H]1[C@@H](C)C=C[C@H]1C,-10.5665
CC1=C[C@@H]2C[C@H]1CO2,-9.5702
N#C[C@H]1N[C@]21C[C@H]1O[C@@H]21,86.0157
CC[C@]1(CN1)C(=O)N,-34.2801
C[C@@H](CO)CCC=O,-93.9957
Cn1nc(O)cc1N,-8.8331
CCCO[C@@]12CN(C1)C2,20.2101
CC#C[C@]12C[C@H]1[C@@H](O)C2,47.5972
C1[C@@H]2C[C@H]3O[C@@H]2CC[C@@H]13,-22.9021
COCC(COC)C#N,-56.9133
C1C=C[C@@]23O[C@@]12[C@H]1O[C@@H]31,55.4698
C[C@]12CC[C@H]1[C@H]1O[C@@H]21,29.9522
OC1=C(NC=NC1)[NH],5.7639
COCC(=O)N(C)C,-89.481
Fc1cccoc1=O,-97.5733
OC[C@@H](O)C(=O)O[CH][NH],-152.7754
Nc1c[nH]c(c1)C#C,84.7261
C[C@@]12O[C@@H](C=C1)[C@H]2C=O,3.1312
C[C@H]1N[C@H]1CN1C[C@H]1C,45.3309
O=C1O[C@@H]2[C@H]3C=C[C@@H]2[C@@H]13,-1.2991
CO[C@H]1C[C@H]1OCC#N,-17.0954
Oc1cccc(=O)cc1,-30.1815
[NH][C]1NC(=O)N=CO1,-50.1151
CCN1N=NN[C@@H]1[NH],61.1205
C1[C@H]2C[C@@H]([C@H]3CCO3)N12,38.7573
C[C@@H](CO)C[C@H]1CCO1,-79.753
OC[C@@H](O[CH][NH])C=O,-93.7112
C1C[C@@]23OC=N[C@@H]2[C@H]3O1,-12.4068
COC[C@]1(CN1)C#C,50.0342
C1CN1c1cnccn1,72.2949
O=CO[C@H]1COC(=O)O1,-200.2155
C1CC2(C1)[C@H]1C[C@@H]2OC1,11.3241
CCN1C[C@H]1[C@@H](O)CO,-64.1032
C[C@H]1[C@@H](C=O)N1C1CC1,19.8699
O[C@H]1[C@H]2N[C@@H]1C(=C2)C#N,64.1395
CN1[C@@H]2CO[C@]2(C)[C]1[NH],15.3967
COc1nc(N)c(C)[nH]1,-24.2082
O[C@H]1CCOCC1=O,-113.9449
N[C@@H](CNC=O)C(=O)O,-138.6216
CN=COc1ccn[nH]1,14.9834
CC(O)(C#N)C#N,22.1057
CCC[C@@H](OC)C(=O)N,-107.5563
CC[C@H]1NC(=O)C(=C1)C,-47.6489
O=C=O.[C]1=NN[C@H](N)N1,-17.9435
C[C@@]1(CCO)CC(=O)N1,-79.8965
O[C@@]12[C@H]3C[C@@H]1N3[C@H]2C#C,126.919
CC[C@@]12C=C[C@H]3O[C@@H]1[C@@H]23,41.4099
CO[C@]12CC[C@H]1[C@@H](O)C2,-44.5279
CCOC(=NC)CO,-84.6661
C1O[C@]21C[CH][C]1CC[C@@H]21,38.6846
C#CC#Cc1ncc[nH]1,137.0841
C[C@H]1CN1C(=O)C,-27.5536
C[C@H]1[C@@H]2[C@@H](N2C)[C@]21CN2,84.0098
C[C@H]1O[C@H]2CC=C[C@@]12O,-45.3099
O[C@@H](C1CC1)[C@H]1CO1,-35.8865
C#CCO[C@H]1C[C@H]1C#N,76.0192
O[C@H]1CCO[C]([NH])[C@H]1O,-110.6682
C[C@H]1CN(C=O)[C@H]1CO,-69.9586
CC[C@@H](C)c1ncc[nH]1,1.3926
CCc1ccncc1C,7.8435
OC[C@@]1(C[C@H]2CO2)CN1,-27.5672
CC1(C)OC[C@]21CN2,-1.2828
Cc1c(O)[nH]nc1N,-10.3058
C[C@@]1(O)C[C@H]2CCC[C@@H]12,-38.8947
CC[C@H]1COC(=O)O1,-140.9153
CCC(CC)C#CC#C,76.1237
C1N[C@]21CNC12COC1,48.9208
CC#C[C@@H](C)C(=O)C#C,66.9482
Cc1c(C)c(F)ncn1,-38.4674
CC1=NN[C]([NH])OC1=O,-38.7791
CC[C@H]1O[C@@H]2[C@H]1OC2=O,-81.8384
Nc1c(onc1)C#C,75.978
O[C@H]1CC[C@H]2[C@@H]1[C@H]1CN21,22.3774
COc1c(nco1)C#C,14.4561
NC(=O)[C@@H](CO)N1CC1,-61.4291
C[C@H]1CC2(CC2)[C@@H](C)O1,-37.0724
CC[C@@]1(O)[C@H]2OC=N[C@@H]12,-35.959
C[C@@]12CO[C@H]3O[C@@H]1C[C@@H]23,-40.1248
OC[C@@]12C[C@@](O)(C1)[C@H]2O,-68.6468
C[C@@]12CC(=O)[C@]1(O)CO2,-73.9036
CC1=CCCN(C1)C=O,-37.0139
C[C@H]1N[C@]1(C=O)C(=O)C,-49.8056
[NH][C]1C[N][C]2OC[C@H]2O1,-9.7559
Cc1nonnc1=O,38.5996
Oc1n[nH]c(c1)C#C,53.1009
O[C@@H](C=O)[C@H]1NCC1=O,-73.6114
CCC(CC)(CO)C#N,-41.9296
NC(=O)C1=NCCO1,-66.4306
C1O[C@H]1[C@]12N[C@H]1[C@H]1N[C@@H]21,111.1206
CC[C@H]1NC(=O)[C@H]1O,-75.248
O=C[C@@]12C[C@@H](C1)CC2=O,-33.0001
CCO[C@H]1[C@H]2C[C@H]2[C@H]1O,-45.9617
C[C@@H](O)[C@H]1CC(=O)[C@H]1C,-76.6739
C[C@@]1(O)C[C@H]1[C@H]1CCO1,-47.715
CC(=O)CC=O,-76.0699
CC#CC[C@H]1O[C@H]1C=O,4.4659
C[C@]12O[C@H]3[C@H]([C@@H]13)C12CC1,65.3212
CO[C@@H](CC#C)[C@H]1CN1,43.5358
CC(C)CCC#CC#C,76.7343
O=CC#CC(=O)CC#N,34.6769
CC[C@@]1(C)C[C@]1(C)C#C,48.5323
C[C@@]12[C@H]3C[C@]41C=C[C@@H]2[C@@H]34,136.5772
C#C[C@H]1[C@H]2CC3(CC3)[C@@H]12,125.2413
O[C@H]1[C@H]2[C@@H]3[C@H]4CC[C@@]13[C@@H]24,65.2823
C[C@@]12O[C@H]3[C@]1(O)C[C@@]23O,-23.9563
O=C[C@H]1C=CCN2C[C@@H]12,26.6255
Cc1c2CCNc2c[nH]1,34.919
C[C@H]1CCC2(CCC2)C1,-6.3239
O=C1N[C@@H](C=C1)C#C,42.2528
ON=C1CC[C@]2(CO2)C1,-14.5521
C1[C@H]2O[C@H]2c2c1nc[nH]2,34.9867
CC(=O)c1c(C)[nH]nn1,0.3486
O[C@H]1[C@H]2C[C@H](O2)C21CC2,-17.9021
C[C]([NH])OCC#CCO,-17.7662
CC(C)(C)C(=O)C(=O)N,-104.7967
C[C@H]1N(CC1=O)C(=O)C,-66.995
CC[C@H]1O[C@]21CN1C[C@@H]21,35.4578
C[C@@H](C#C)n1cccc1,80.6577
CC1=C[C@H]2C[C@H]2[C@H]1CO,-7.0977
Cc1noc(N)cc1=O,-25.5848
O=C1C[C@H]2O[C@H]2CCO1,-89.174
[NH][C]1CO[C@@H](CC#N)O1,-32.8921
CC(=O)C#CC1CC1,30.8413
C[C@@]12CN3C[C@@H](O1)[C@@H]2C3,-1.04
O=C[C@@]12C[C@@](C1)(N2)C#C,104.6719
CC[C@]12C[C@]3(CN3)[C@H]1O2,33.9129
C[C@]1(CN2C[C@@H]12)[C@H]1CO1,41.0935
CCO[C@H]1[C@H]2CC[C@@]12O,-43.5151
NC1=N[C@@H](N)N=C([NH])O1,-16.3556
C[C@H]1[C@H]2CO[C@H]2C[C@H]1O,-69.6364
CCCC(=NO)CC#C,36.7988
O[C@H]1C[C@]2(CO2)C21CC2,-13.2379
O[C@H]1CCc2n[nH]nc12,20.3179
C1O[C@H]1C1(CC1)N1CC1,43.6111
CN[C@@H](C)C(=O)O,-103.083
CCC1(CCOC)CC1,-45.0097
Cc1nc2c(COC2)[nH]1,0.2786
CO[C@H]1[C@H]2[C@H]3O[C@@H]1[C@@H]23,12.7573
NC(=O)C#CC#C,66.3936
C[C@H]1O[C@H]2C=C(C)C[C@@H]12,-14.8462
O=C1CC(=O)[C@]2(CN2)C1,-34.7825
C[C@H]1[C@H]2N[C@]1(C#N)C2=O,71.6451
C[C@@H](C#C)[C@@]1(O)C[C@H]1C,20.7236
C[C@]12C[C@@H](O)[C@]1(N2)C=O,-27.3784
CN1CC[C@H]2C[C@H]2C1=O,-26.5508
C1N[C@]21[C@H]1[C@@H]3CO[C@H]1[C@H]23,69.1512
CCCC(C)(C)OC=O,-116.8187
O1[C@H]2[C@@H]3C=C[C@H]2[C@H]13,74.6119
CCc1n[nH]nc1CO,-6.2815
C[C@@H](CC(=NO)C)C#N,7.0615
CNc1noc(c1)C#C,71.3941
CO[C@@]1(C)CC[C@]21CN2,-1.3003
CN1[C@H]2C[C@H]2[C@H]1CC#N,80.9951
C[C@@H](CO)OC=O,-135.525
C1C=C[C@H]2N[C@H]3[C@@H]1O[C@@H]23,47.1175
O=CC1=NC[C@@H](O1)C#C,20.7049
OC[C@@]1(O)CN2CC[C@@H]12,-30.1419
CN=c1oc(C)nn1C,-10.6496
OC[C@H]1[C@H]2CCC[C@@]12O,-61.6997
O[C@H]1[C@H]2[C@H]3[C@@H](O)[C@@H]1[C@@]23O,-43.6118
CC[C@@H](C)OC[C@H]1CO1,-76.4949
O=CN1C[C@H]2O[C@H]2C1,-46.5552
C1[C@H]2[C@H]3OCC[CH][C]1[C@@H]23,51.9044
C1O[C@H]1[C@@]12N[C@H]3[C@@H]1N[C@@H]23,113.9319
C1O[C@@]23CN[C]2[N]C[C@@H]13,52.2533
Cn1nc(N)c(C=O)n1,16.2369
CCNC(=O)[C@@]1(C)CN1,-38.1134
C#CCc1c[nH]nc1,95.4552
CO[C@H]1CC[C@H]2CN2C1,-10.6106
CN[C@]1(C[C@H]1C#N)C=O,21.9177
CC1(C)CC(=O)N1,-44.7342
C[C@H]1CCCC(=C1)C#C,50.9932
OC[C@H]1[C@H]2[C@H]3[C@@H]1CCN23,20.6994
C1[C@H]2[C@H]3N1[C@@H]1[CH][C]3C[C@H]21,173.2028
CCN(C)[C@H]1CNC1=O,-28.552
CNc1n[nH]c(O)c1C,-10.8686
O=C1CN2C[C@H]2C21CC2,24.2962
CC1=C[C@H]2CC[C@@H]1O2,-11.7602
CC[C@H]1CN[C]([N]1)C#N,42.6584
C[C@H]1N[C@]21[C@H]1O[C@@H]2C=C1,69.15
NC=Nc1c(O)nco1,-36.9988
CCc1cnnoc1=O,-9.3919
[NH][C]1N2CC[C@H]2CC1=O,11.9246
C[C@H]1OCC=CCC=C1,-6.7733
C[C@@]1(N)[C@@H](C#N)[C@]1(C)O,-3.2686
Cn1cc(cn1)[C@H]1CO1,24.1246
O[C@H]1[C@H]2CCC[C@@]12C#N,8.1058
O=CC1=NC[C@H]2CN12,33.0822
C[C@H]1OC=N[C@H]1C#C,34.8747
CC(=NO)CC(C)(C)O,-72.5174
OC[C@@]12[C@H]3C[C@@H]4[C@@H]([C@H]14)[C@@H]23,45.0338
C[C]1[C]2CC[C@H]2C(=O)N1,3.4654
C[C@H]1CC[C@@H](O)C[C@H]1C,-75.2945
CC[C@@]12C[C@]1(O)[C@H]1O[C@@H]21,-6.6183
CCc1nccc(F)n1,-35.4648
C1O[C@]23CN4C[C@H]2C[C@]134,106.835
CC[C@H]1[C@@H](C)[C@]1(C)O,-49.243
N[C@H]1COC1=NCCO,-49.915
C[C@H]1[C@H]2N3[C@@H]1[C@@H](O)[C@@]23C,24.809
C[C@]12C[C@H]1C(=O)[C@H]2C=O,-24.4873
O=C1N[C@H]2CCOC[C@@H]12,-58.8229
CC[C@H]1[CH][C]2C[C@@H]3[C@H]2N13,130.89
C[C@]12N[C@H]1[C@H]1[C@@H](O)[C@@H]21,52.2593
O[C@H]1[C@H]2OC(=N[C@@H]12)C=O,-45.8863
COC(C1CC1)C1CC1,-7.9673
C[C@H]1[C@@H](O)[C@]1(C)CC#C,21.2921
C1[C@@H]2CC[C@H]3CC[C@@]12C3,22.8552
C[C@@]12CC[C@@H](OC1)C=C2,-21.2273
C[C@@]12N[C@@H]([C@H]1O)[C@]12CN1,60.0641
O=CC[C@]12CC[C@H]1CC2,-0.0112
C[C@]12C[C@H]1C(=O)C12CC1,23.9451
C[C@H]1[C@H]2N[C@H]2C(=O)[C@H]1C,-11.8382
CC(=NO)C1(CC1)C=O,-18.5582
C[C@@]12[C@H]3CN1C[C@@]23C#N,114.0045
C[C@H]1NC(=O)[C@]1(C)C#C,21.4636
NC[C@@H](CC#N)C(=O)O,-70.3091
C[C@H]1CCCC(=O)[C@H]1O,-94.4588
C[C@H]1O[C@H]2C[C@]2(O1)C=O,-79.9308
CC1(C)CCN[C@H]1C#N,20.3785
CCC(C)(CC)CCO,-82.0903
Cc1c(N)cncc1O,-18.8893
CCc1c(N)cn[nH]1,27.9114
C[C@@]12CC=C[C@H]3C[C@@H]1[C@@H]23,57.9962
C[C@]12C[C@H]1O[C@H]2C1CC1,26.0925
CC#CC(=O)C#CC#C,131.2206
OC[C@H]1N[C@H]1CC#C,42.3961
C1[C@H]2CO[C@]31C=CC[C@@H]23,32.9605
C[C@]12C[C@H]3[C@H]([C@@H]13)C2=NO,73.7195
C[C@H]1CN=C(C)O1,-44.4926
C[C@H]1[C@@H](O)C(=O)CN1C,-73.0717
Nc1nocc1N(=O)=O,3.4141
Cn1cc(O)cn1,-2.5107
CCc1c(NC)nn[nH]1,40.4356
C1CC21[C@H]1C[C@H]3C[C@@H]2N13,97.6213
CC1(CC1)NCC(=O)O,-77.7454
CCCCCNC=O,-73.0422
CN1C[C@@](C)(C=O)C1=O,-64.736
C[C@H]1N[C@H]1CC(=O)C=O,-37.908
O[C@H]1CN=COC1=O,-100.2801
C[C@]12CC(=O)[C@]1(N2)C#C,74.3299
O=C1[C@H]2[C@@H]3C[C@H]4[C@@H]3[C@@H]1[C@@H]24,56.6043
C[C@H]1[C@H]2[C@@H](O)[C@H]3C[C@H]3N12,29.3578
CC(C)[C@H]1[C@H]2[C@H]3O[C@@H]1[C@@H]23,30.9808
OC[C@H]1C[C@@]23CN(C2)[C@@H]13,101.7341
CO[C@H]1CC[C@H]1[C@H]1CO1,-39.2392
O[C@H]1[C@H]2O[C@@H]1[C@]12CO1,-7.6311
OCc1ncnc(O)c1,-56.6904
Oc1c(CC#C)[nH]cn1,40.9179
[nH]1nnc2c1ccnc2,82.3278
CO[C@H]1[C@H]2C[C@H]2N2C[C@@H]12,30.3882
O[C@]12C[C@H]1N1C[C@H]1CC2,18.3224
C[C@@H](O)[C@@H](CO)C1CC1,-79.3282
OCC#C[C@@]1(CO)CO1,-36.3609
NC(=N)NC=O,-37.7425
NC(=O)[C@@]12C[C@@H](N1)C=C2,35.0539
C[C@H]1CN(C)CC(=O)O1,-88.509
O=c1oncc(n1)C#N,39.2182
N[C@@H](C#CC#N)[C@H]1CN1,118.6164
CC[C@@]1(C)N[C@H]1C#C,66.6889
CCO[C@H]1CCC(=C1)C,-44.3296
C[C@]12C[C@H]1[C@H]1[C@@H](C=O)[C@@H]21,57.5055
C[C@H]1O[C@H]1CC(=O)CO,-102.9847
CCCC(=O)C#CC#N,39.2082
O=C1OC[C@]2([C@@H]1O2)CN,-85.3176
CC1=N[C@]2(C[C@H]2O1)C#C,59.569
ON=C1[C@H]2N[C@@H]1C=C2,93.1035
C[C@@]1(CO)C[C@]1(O)C#C,-8.2987
C[C@H]1NC[C@]1(N)C#N,51.2572
CN1[C@H]2CC[C@@H]1[C@H]1O[C@@H]21,9.3798
C1[C@H]2[C@@H]1[C@H]1C=C[C@H]3[C@@H]2N13,103.383
COCC[C@H]1[C@@H](C)N1C,-24.6372
Cc1c(O)[nH]c(CO)n1,-63.0689
OCC1(CO)OCC1=O,-130.3517
Cc1c[nH]c(=O)cn1,-16.4659
C[C@@H](O)C(=O)OCC#N,-103.0197
C[C@@]1(O)[C@H]2C[C@H]3O[C@H]3[C@@H]12,-27.2075
Cc1coc2c1ocn2,-15.0287
O[C@H]1[C]([NH])N2C[C@@]12C#N,74.377
C#C[C@H]1C[N][C](N1)C#N,120.4769
CO[C@@H](C=O)C#CC=O,-30.5767
C[C@H]1COC(=O)[C]([NH])N1,-69.7588
C1[C@H]2C[C]1[CH]C=CC=N2,106.8073
O[C@@]12[C@H]3O[C@@H]1[C]([NH])O[C@@H]23,-21.9732
CCCC(=O)C#CC#C,59.9496
C1OCc2cnccc12,3.0455
C[C@@]12C[C@H]3[C@@H](C1)[C@@]23C=O,32.429
C[C@H]1N[C@H]1C1(CC1)C=O,11.2284
O=C1CCNC(=O)OC1,-113.5675
CC1=C[C@@H]2O[C@H]1CC=C2,7.4679
C1CC1[C@H]1COCCO1,-58.5847
NC(=O)[C@@]1(CO)CO1,-102.5465
N#CCNC(C#N)C#N,110.6743
C[C@@]12[C@H]3O[C@@H]1CC(=O)[C@@H]23,-17.4505
CC[C@H]1C[C@@H](C=O)C=C1,-26.1213
C1CN(C1)c1ccno1,35.9438
Cc1ccc(N)c(C)n1,9.0819
O[C@H]1[C@H]2CCO[C@@]12C#C,12.2766
Cn1ccc(C#C)c1O,37.5472
CC[C@@]12CO[C@]1(C)[C@H]2O,-44.2342
O=C1C[C@@H]2[C@H]3C[C@@H]2[C@H]3O1,-22.9173
O[C@]12C[C@H]1OC=NCC2,-31.697
C[C@H]1C[C@@]2(C)C[C@@]12CO,-19.6057
CC(=O)O[C@H]1CCC=C1,-80.0601
C[C@@]12O[C@H]3C[C@]1(O)C[C@@H]23,-24.4935
CC#CC1(CC=O)CC1,31.5775
O[C@H]1[C@H]2CN3C[C@]1(O)[C@@H]23,1.7983
CO[C@@]12C[C@H]3C[C@]1(O)[C@@H]23,-0.9412
C[C@]12NC[C@@]31O[C@H]2C=C3,118.5864
CC[C@@H](C#N)N1CCC1,38.1138
CC1(C)CC(=O)[C@]21CO2,-39.2795
COCC#CCC#CC,60.7435
C[C@@H](O)COC=O,-134.5216
C1O[C@H]2[C@@H]1[C@]12CCCO1,-16.1363
C[C@]1(CC[C@H]1O)C#C,21.9107
NC[C@@H](O[CH][NH])C#N,8.8194
C[C@@]12C[C@@](C)(C1)[C@H]2O,-6.4168
O=C1CN[C@H]2C[C@H]2C1=O,-22.5147
C#CCCC(C#C)C#C,167.0044
CC[C@H]1CC[C@@H](O)CC1,-75.5757
O[C@H]1[C@H]2O[C@@H]1[C@]2(O)C#C,17.062
CC#CC(C)(C)CC=O,-3.113
OCc1cocc1CO,-86.4864
CO[C@@H](CO[CH][NH])C#N,-30.6574
OCC#CCC1CCC1,21.2237
Nc1nc(F)cnc1F,-74.1258
CC[C@H]1C[C@]21C[C@@H](O)C2,-19.2267
CC(C)(O)C#CC#C,52.715
C1O[C@]21[C@H]1[C@H]3[C@@H]2CN13,83.2412
CC(C)Cc1n[nH]nn1,38.769
C[C@@H](O)[C@]12C[C@H]1CO2,-36.8052
C[C@]12[C@@H](CO)[C@H]1[C@H]1N[C@@H]21,57.1283
CCCc1c[nH]c(=O)o1,-85.5429
NC(=N)N(C=N)C(=O)N,-27.2315
C[C@H]1C=C[C@H]2[C@@H]1N2C=O,15.0699
Oc1cc(CC#C)c[nH]1,43.8317
CC[C@H]1OC(C)(C)C=C1,-47.7746
O[C@H]1[C@H]2N[C@H]2C=C1C=O,-9.0063
CO[C@@]1(CO)CCC=C1,-65.808
C[C@@]12C[C@@H](O1)C(=O)C2,-43.4011
O=CC[C@H]1C[C@H]2CN12,24.802
C[C@H]1[C@H]2N(C)C[C@@]12C=O,16.5089
O=C1CCc2c1cc[nH]2,-5.6506
NC[C]1NN=C[CH]C1=O,11.5974
CC1=C[C@@H]2O[C@H]1C2=NO,42.8962
C[C@@H](C#N)C(=O)N1CC1,13.1946
CCCCN1CC(=O)C1,-26.3743
COC(C)(C)CCCO,-110.9162
OC1(CC1)[C@H]1CCOC1,-58.6914
CO[C@H]1CO[C]1[NH],-45.89
CCc1c[nH]c(OC)n1,-30.7334
CC[C@@H](O[CH][NH])C(=O)C,-79.1717
OCC[C@H]1C[C@H]2CN12,9.5718
[NH][C]1OCCNC21CC2,1.0468
CC[C@H]1[C@H]2O[C@H]2C1=NO,12.1239
Nc1c[nH]c(NC=O)c1,-6.33
O[C@H]1C[C@H]2CC[C@@H]1OC2,-80.7427
C1OCC21C=C[C@H]1O[C@@H]21,5.586
CC(C)C#CC1CCC1,43.4532
C[C@H]1C[C@H]2N[C@@]2(C)CO1,-25.5887
CC(CC#C)(C=O)C=O,-10.7348
C[C@H]1CNC(=O)[C@H]1C,-62.4637
OC[C@@H](CC=O)C1CC1,-64.4914
COCCCC(=O)C,-97.494
CCC(=O)C(=O)NC=O,-123.4871
CC1(C)CCC(=O)C1,-59.1985
CNC(=O)[C@H]1OCC=C1,-64.3657
CC[C@]1(CO[C]1[NH])C#C,39.7116
CCC1=CCC[C@H]2N[C@@H]12,33.3933
CCCn1cc(N)nn1,36.6474
C[C@]12CN1[C@@H](C#C)C2=O,79.2885
CC(C)[C@@](C)(O)CC#N,-45.0132
OCCCOC(=O)C#C,-70.5696
CCCOc1n[nH]nc1,-1.8275
C[C@@]12C[C@@H](N1)C(=C2)C#N,98.8514
O=C[C@@]12[C@H]3C[C@@H]1C[C@@H]2C3,31.7287
C[C@H]1N[C@]21CC=CC2=O,4.4794
C[C@H]1CN=CO[C@H]1C#N,4.5846
C[C]1C=C([NH])O[C@H]1CO,-61.2777
CN(C)[C@@]1(C)COC1=O,-69.9718
C[C@@H]1N=C([NH])OC(=N1)N,-13.5441
Nc1c(N)c(CO)co1,-47.1346
[nH]1ncn2ccnc12,74.9659
C1C[C@@H]2O[C@H]1CC=C2,-19.5306
C([C@H]1CN1)c1conn1,56.6776
CC(=O)N1CCC(=C1)C,-41.9888
OCC#CC(=O)[C@H]1CO1,-23.3534
C1[C@H]2[C@H]3[C@H]4O[C@@H]1C[C@@H]2[C@@H]34,19.6667
O=C1OC[C@H]1C#N,-29.6322
C[C@@H](NC=O)[C@H]1O[C@H]1C,-73.8159
O=C[C@H]1C[C@]2(C[C@@H]12)C=O,-15.5089
O=CNC1=CCC(=O)C1,-57.6214
CCc1ncncc1,21.2066
C[C@]12C[C@H]1[C@]1(O[C@@H]21)C=O,21.2449
C[C@H]1N=C([NH])N=C(C)N1,27.3507
o1cc2ccccc2n1,40.2579
O=CC1CCCC1,-41.6823
C[C@H]1[C@@H]2N1CCOC2=O,-48.4207
CN=c1cconc1F,-4.3911
C[C@@H](O)[C@@](C)(CO)C#N,-71.8731
N#CC#Cc1ccn[nH]1,124.6911
C[C@H]1[C@H]2O[C]([NH])[C@@H]1[C@H]2O,-35.6747
COC[C@H]1C[C@H]1C#C,33.1833
CCN=C(N)C(=O)C,-43.1417
C[C@]12C[C@H]1N[C@@H](C2)C#N,55.5791
C[C@H]1[C@H]2N1[C@H]1C[C@H]1C2=O,30.1345
C1O[C@]21[C@H]1C[C@@H]2OCO1,-47.4107
CC1(CC1)OCC=O,-55.1655
CCC1(CC1)N=COC,-17.4524
CC1CN(C1)C(=O)C=O,-56.2583
ON=C1C=CC[C@H]2O[C@@H]12,6.6117
C[C@@]12C[C@](N1)(C#N)[C@H]2O,50.6074
C1C[C@H]2[C@@H]3[C@H]4[C@@H]3[C]([CH]1)[C@@H]24,123.68
C[C@]12CC[C@]1(N2)[C@H]1CN1,70.4098
C[C@]12O[C@H]1[C@H]1CC(=O)[C@@H]21,0.999
C1O[C@@H]2[C@H]3O[C@@]12C=C3,88.2823
CC1(CC1)c1cnn[nH]1,65.4728
Cc1noc(=O)nc1F,-70.8575
C#C[C@]12N[C@H]1[C@H]1C[C@@H]2O1,107.8138
C1CC(C1)[C@@]12C[C@@H](C1)O2,37.7008
C[C@H]1O[C@H]2C[C@@H]3OC[C@]123,-8.3
N#C[C@H]1CCCCCN1,23.8461
O[C@H]1CC[C@@]23CC[C@@]12N3,22.4075
CC[C@H]1C[C@@H](C1)C(C)C,-25.6592
N#C[C@@]12[C@H]3O[C@@H]1CO[C@@H]23,30.1803
N#C[C@]12C[C@@H]3O[C@H]1[C@@H]3N2,72.8964
CC[C@@H](C)[C@H]1C[C@H]2C[C@@H]12,15.9013
[NH][CH]O[C@@]12C[C@H]3[C@@H]1N[C@@H]23,85.7561
C[C@H]1[C@H]2[C@@H](C)[C@@H]1C2=NO,62.3316
OCC[C@H]1C=C[C@H]2N[C@@H]12,13.5791
C[C@H]1C=C[C@@H](O)[C@H]1C#C,30.2446
CCc1cnco1,-23.6374
O[C@@H](C=O)C1CCC1,-64.4137
CC1=C[C@H]2C[C@H]2CC1=O,-7.6444
Cc1cc(C)c([nH]1)C=O,-29.4939
O[C@H]1C[C@@]2(C1)COCO2,-96.1079
O=C(C#N)c1nocc1,28.2226
C1C[C@@H](O1)c1c[nH]cc1,9.0345
C#C[C@H]1[C@H]2C[C@@H]1[C@H]2C#C,174.8721
CC1(C)C[C@H]2O[C@@]12C#N,28.4873
C[C@]12CN1[C@@H](CO)[C@H]2O,-32.6086
OCCNC(=O)CC#C,-38.5613
O[C@H]1[C@H]2O[C@H]2[C@]21CO2,-29.5795
CC[C@H]1[C@H]2N[C@H]2[C@H]1C#C,104.3758
COC[C@@]1(CO)CN1,-55.6413
CC(C)CC#CC(=O)N,-16.0469
CC1=C[C@H]2O[C@@]2(C)C1,-9.0236
CNC(=NC)C#N,38.2714
O=Cc1ncc([nH]1)C#C,57.575
CNC=Nc1ncno1,19.5533
CC[C@]1(CCC=C1)OC,-37.1314
C[C@@]12O[C]([NH])[C@H]3O[C@@H]1[C@@H]23,2.2694
CNC(=O)[C@@H](C)C(=O)N,-111.3444
CN=c1[nH]nnc(=O)o1,-3.9325
CC[C@@H](C=O)C(=O)C#C,-12.6293
[NH][C]1O[C@@H](C#C)[C@H]1C#N,91.261
C[C@H]1O[C@]23C[C@@H]4[C@H]2C[C@]134,111.4073
C1[C@H]2O[C@H]3C[C@@]12C=CC3,30.8433
Cn1nncc(N)c1=O,14.8357
C[C@@H](O)[C@H]1O[C@H]1[C@H]1CO1,-72.5876
CC[C@@]12CN3[C@@H](C[C@H]13)C2,57.7777
C[C@H]1OC(=O)O[C@H]1C#C,-69.7113
CO[C@H]1[C@H]2C[C@@H]1N2C,33.7868
[NH][C]1NCCC(=O)C1=O,-38.3577
COCCC(C)(C)C=O,-94.4373
C[C@@]12N[C@@](C)(C=C1)C2=O,27.3315
O=CC1(CC(=O)N1)C=O,-74.3206
CC[C@@H](C)CCCO,-80.6535
OCCOCC1COC1,-102.8792
[NH][C]1CCN1C(=O)C#N,30.7394
CC(C)O[C@H]1C[C@H]2N[C@@H]12,3.0816
C[C@@]12[C@H]3CN1[C@@]2(C3)C#C,135.7719
C[C@]12[C@@H](O)[C@H]1[C@H]1N[C@@H]21,54.0502
O=C[C@@]12[C@H]3C[C@@H]1C(=O)N23,27.5799
CC[C@@](C)(O)[C@@H](C)CO,-117.5095
COCC[C@@]12CN(C1)C2,28.5566
C[C@@]12O[C@H]3C[C@@H]1[C@@H]23,37.572
CO[C@H]1CC[C@@]2(O)C[C@@H]12,-61.0144
C[C@@]12C[CH][C]3C=C[C@@H]1[C@@H]23,111.3093
C[C@@H](O)[C@]12N[C@H]1C[C@H]2O,-38.2028
OCCC1=CC[C@@H](O)C1,-73.5502
C[C@H]1Cn2c1ccc2O,17.4074
CCO[C@H]1C[C@H]2O[C@@H]12,-33.4079
O[C@]12C[C@H]1COCOC2,-92.5216
Nc1nn(CCO)nn1,17.168
CCC[C@H]1C[C@H]1[C@@H](C)O,-52.9596
C1CC21[C@H]1C[C@@H]2N2C[C@@H]12,102.1005
CO[C@@]1(C)CC[C@H]2N[C@@H]12,-16.5902
OCc1ncc(O)cn1,-46.7024
CC[C@H]1OCC[C@H]1C,-64.5385
N#C[C@@]12C[C@@H](C1)COC2,14.5635
CC[C@@H](C#N)N(C)C=O,-26.4099
C1N[C@]21[C@H]1[C@@H]3O[C@H]1[C@H]23,107.6112
NC(=O)Oc1cnno1,-56.4347
CCCC(C)(C#C)C#C,92.166
Cc1coc2c1CCN2,2.5793
C[C@]1(NCCC1=O)C#N,-1.6259
C[C@@H](O)C1=C[C@H]2CN2C1,7.8518
C[C@H]1O[C@]1(CO)C#C,-2.8282
C1CC1[C@H]1CC[C@]21CO2,19.2527
C1[C@H]2C[C@@H]1c1cnnn21,108.7181
CC1(C)CC2(COC2)C1,-17.7138
CC#C[C@H]1CC21COC2,54.2864
C[C@]12CO[C@H]1[C@]1(CN1)C2,31.8722
CC1(C)[C@H]2NC[C@@]12C#N,73.1161
CC(C)[C@H]1CCC[C@H]1C,-36.5615
CC1=CCOCC21CC2,-7.6813
CC1(CC1)[C@H]1[C@H]2C[C@@H]1O2,46.1007
O=C1[C@H]2C[C@]1(CC#C)C2,79.8987
C[C@@H](NC(=O)N)C#C,-3.5234
CC[C@@]12C[C@@H](C1)N1C[C@@H]21,61.6551
CNc1cnc(N)nn1,54.4299
CO[C@H]1COC=NC1,-60.9451
NC(=O)[C@H]1N[C@H]1C#N,17.6784
O[C@H]1CC[C@H]1O,-70.7793
C[C@]12C[C@]3(CO3)[C@H]1CO2,-13.8522
CC(C)OC(=O)CO,-152.1639
O=C1NC[C@H]1C#C,36.2275
CCC1(COC1)C(=O)N,-76.3397
COC(=O)[C@@](C)(O)C#C,-75.6462
CCc1c(N)[nH]nn1,41.8048
C1C[C@H]2O[C@H]3[C@@H](CO1)[C@@H]23,-18.7938
O=C1[C@H]2CO[C@H]2C21CC2,-1.0279
N=CNc1nocn1,31.757
CC[C@]1(O[C@H]1CO)C=O,-97.2706
C[C@]12O[C@H]1CC[C@]12CO1,-35.3538
C[C@H]1C[C@H]1n1cnnn1,82.756
N#C[C@H]1[C@H]2O[C@@H]1[C@]12OC1,66.0638
CC1(CC1)C#CC1CC1,80.606
COCC[C@@H](OC)C=O,-117.3339
CN1[C@H]2[C@H]3[C@@H]1[C@]2(C)N3C,110.5158
CN1[C@H]2[C@@H]3[C@H]4C[C@H]4[C@H]2[C@H]13,110.6691
C[C@@]1(CO)C[C@H]2C[C@@]12O,-45.9824
OC[C@@H](O)CC(=O)C#C,-60.1203
CN1[C@H]2C(=O)C[C@@]12CO,-17.8434
C[C@H]1O[C@H]2CO[C@@H]1C2=O,-84.7055
Nc1c([nH]nc1)OC=O,-27.7713
O[C@H]1CC[C@]1(C=O)C#N,-24.4575
COC[C@@]12C[C@H]3C[C@@H]1N23,38.3475
CC1(C)[C@H]2N[C@H]2[C@H]1CO,0.3312
O=CN[C@H]1[C@H]2C[C@H]2C1=O,-25.651
C[C@H]1[C@H]2[C@@H]3N[C@]3(C)[C@@]12C,58.6135
C([C@H]1CN1)c1cnno1,55.0097
CC[C@@]12C[C@@H](C1)[C@H]1O[C@@H]21,15.8152
C[C@]12C[C@@H]3[C@H]1[C@H]2C3=O,32.9792
CNCc1cocc1O,-50.9169
[NH][C]1CC=CNC(=O)O1,-49.5481
CC(C)(C=O)[C@@H](O)C=O,-117.1947
C[C@H]1CC(=O)[C@]1(O)C=O,-92.0248
COCC[C@H]1C[C@H]1CO,-70.8637
CN1C[C@@]2(O)[C@@H](C=O)[C@@H]12,-10.7112
CCCNC(=NC)C=O,-30.2833
ON=C1C[C@H]2N[C@@]12C#N,100.6622
C[C@@]12CN3[C@@H]1[C@@H](C#N)[C@@H]23,131.5767
CC1(C)O[C@H]1C#CC#C,79.5925
O=C[C@H]1C(=O)C[C@]21CN2,-6.6927
O[C@H]1[C@H]2C[C@H]2N2C[C@@H]12,30.1019
CN=COCC#C,34.5082
N[C@H]1CN[C@]1(CO)C#N,18.3394
C[C]([NH])OCCC#C,13.2339
C[C@H]1CCC=CC1=NO,1.0778
C1CC21COC=NC2,-1.9814
C#CCOc1cnc[nH]1,56.5994
C[C@@]12[C@@H]3[C@H]4[C@H]5[C@@H]3[C@@H]1N5[C@@H]24,156.7514
C[C@H]1CN[C@H]1C(=O)O,-75.605
CC[C@H]1C[C@@H](O)C1=O,-70.6989
C[C@@]1(C#C)[C@H]2CC[C@@H]1O2,48.674
C[C@H]1OC[C@H]2[C@H]3O[C@@H]1[C@@H]23,-20.3902
C[C@@H](O)[C@]12CO[C@H]1CO2,-75.4201
C[C@H]1O[C@]1(C)[C@@H](O)C#C,-13.0565
CC[C@@](O)(CO)[C@H]1CN1,-69.7765
Nc1coc(C=O)c1,-35.9297
CC1(C)[C@H]2CO[C@@H]12,0.31
C1COc2ncnn2C1,0.2921
[NH][CH]O[C@]12C[C@H]1CC=C2,24.1751
CC(=O)NCC#CCO,-37.2284
C[C@H]1CC[C@]2(C)C[C@H]1O2,-40.6656
O=C1Cc2c(N1)occ2,-30.9957
C[C@H]1C=C[C@@]2(C)CO[C@@H]12,-10.2898
CC#Cc1nonn1,100.4964
CC[C@H]1CCCC[C@H]1O,-75.282
C[C@H]1[C@H]2C[C@@H]1[C@@H](C)C=C2,23.4877
O=C1NCC=CN1,-29.8978
O[C@@]12CN3[C@@H](C=CC1)[C@@H]23,40.9302
C[C@]1(C[C@H]1O)C#CC#C,82.7256
O[C@@]12C[C@H]3C[C@@H]1[C@@]23O,0.3746
CC[C@]12C[C@H]1OC12CC1,26.4364
O[C@]12CN3[C@H]1[C@H]2OC3=O,-38.6467
C#C[C@H]1[C@H]2OCC=C[C@@H]12,71.8584
C[C@@H](C#C)[C@@](C)(O)C#N,31.3124
Nc1cc(C#C)c(N)o1,46.873
C[C@H]1O[C]([NH])N[C@H]1C=O,-60.0531
COC1=NO[N]N=C1[NH],54.087
CC1C(=O)CNCC1=O,-64.7083
C[C@]12COC(C)(C)[C@H]1N2,-29.697
C[C@@]1(NC=O)[C@H]2CC[C@@H]12,-3.176
C[C@H]1OC[C@@H](C#C)[C@H]1C,5.5542
O=C[C@]12CCN1[C@H]2C#C,89.4667
C[C@H]1C[C@H]2CC[C@@]12C#N,54.4762
CN[C@@H](C=O)C(=O)N,-80.7559
O=C1CC[C@H]2CN2C1=O,-30.8035
OCC#CCC(=O)C#N,22.5974
O=CC(=O)[C@H]1O[C@H]2C[C@@H]12,-33.3572
O=C[C@@]1(C#C)[C@H]2CCN12,94.1893
C#C[C@H]1[C@H]2CO[C@@H]12,77.0372
C[C]1[C]2CC[C@H]2C[C@H]1O,-3.2931
CC(=O)NCC#CC=O,-23.2508
C[C@@]12C[C@]3(CO3)[C@]1(C)O2,-16.253
OC(C#C)(C#N)C#N,104.1022
OC1(CC1)c1cocc1,-25.807
CC[C@H]1OC2(CC2)[C@H]1C,-19.3146
O[C@]1(CO[C@H]1C=O)C#N,-42.8121
NC[C@@](N)(CC#C)C#N,84.6708
CC(C)[C@@]1(O)C[C@H]1CO,-82.5761
CN=C1OCO[C]1[NH],-44.8575
CC1(C)CC=C[C@H]2N[C@@H]12,32.0391
CC#C[C@@H](C#C)[C@H]1CN1,138.3158
C[C@]12C[C@H]1N(CC=O)C2,19.0227
O=C1OC[C@]21C[C@H]1CN21,-1.8973
CC(C)c1c[nH]c(=O)[nH]1,-48.0407
O[C@]12CC[C@H]1[C@]2(O)C=O,-66.8516
CO[C@@H](C)[C@H]1CN1C,-20.888
C1N2CC[C@@H]3COC[C@]123,1.8654
CO[C@H]1C[C@H]2O[C@@]12CO,-67.9666
CC(=O)Cn1cnnn1,27.8697
C[C@@H](N)c1[nH]oc(=O)c1,-40.4347
C[C@H]1C[C@H]2O[C@]2(C1)C#N,8.1184
O=C1CCC[C@H]2CN12,-13.4911
O=C[C@H]1C[C@H]1C=O,-40.5379
CC[C@@]1(CO)CN1,-29.0545
O=C(C1CC1)[C@H]1CN1,9.0685
C[C@@H](O)[C@H]1CC21COC2,-43.0676
C[C@H]1C[C@H]2NC(=O)[C@@]12C,-18.6398
[NH][C]1OC=CC(=O)N=C1,-3.388
OCC1=CC(=O)NC1=O,-101.8194
O=C1[C@H]2CCC[C@@H]1C=C2,-11.5161
CC[C@@]1(O)C[C@H]1OC,-71.9845
O[C@H]1C[C@H]2CC[C@H]2C1,-32.3518
CC1(C[C@@H](O)CO)CC1,-83.0505
CCN1C[C@H]2OC(=O)[C@@H]12,-35.5856
C[C@@H](CC#N)NCC#C,76.0573
CO[C@]12CO[C@H]1C[C@H]2O,-71.079
CNC[C@@H](NC=O)C#N,-12.3866
CCCc1c(O)nco1,-69.7046
Nc1c(O)nc(O)o1,-92.4578
CC(C)Cc1ncn[nH]1,10.4818
COc1c(CO)onn1,-49.189
N#C[C@H]1OCC[C@H]2N[C@@H]12,30.7875
CC1=C(C(=O)O[CH]1)[N][N],-8.5336
C[C@H]1CN=C(O1)C#C,30.4727
CN1[C@@H]2[C@H]3[C@@H](C2=O)[C@@]13C,46.5766
OC[C@H]1C[C@]21COC2=O,-83.8584
C[C@@]12C[C@@H](CCC1)[C@H]2O,-39.1275
CCOCCOCC,-105.1238
CCc1cc(O)c(C)o1,-71.4111
OCCCCCNC=O,-104.6271
CCOc1cnc[nH]1,-18.226
C1O[C@H]1C1=C[C@H]2C[C@H]2C1,29.6479
C[C@]12COC[C@]1(N2)C#N,21.8279
O=C1[C@H]2N[C@H]2C[C@H]2N[C@@H]12,37.8043
C[C@H]1[C@@H](C)[C@@H]2[C@H]1NC2=O,-15.3077
C[C@@H](O)[C@]1(O[C@H]1C)C=O,-102.5787
[NH]C1=C[CH][C@]2(CN12)C#N,112.377
C[C@H]1CN1CCCO,-25.6596
Nc1nc(=O)c(F)co1,-95.1949
OCc1ccccc1,-19.9926
CCC#C[C@@H](CO)C=O,-31.1005
O[C@H]1[C@@H](N[C@H]1C#N)C#N,57.0553
CCCCc1nocc1,-10.9973
C[C@H]1C[C@H]2[C@@H]1C=C[C@H]2O,-9.5431
C[C@H]1C[N][C]2NC[C@H]2O1,6.0907
OC[C@H]1[C@H]2[C@@H]3N[C@H]2[C@]13O,25.3957
C[C@H]1[C@@H]2[C@H]1C(=O)[C@H]2C,-4.1165
O=C1NC=C[C@H]1[C@H]1CN1,14.0506
CCO[C]([NH])C#CCC,1.1306
O=C1CCC2(CC2)CC1,-28.9639
OCCO[C@H]1[C@H]2C[C@@H]1O2,-48.237
Cc1c(F)c(F)ncn1,-75.0021
O=C[C@H]1OCCC(=O)O1,-141.5761
Cc1nc(ncc1)C#C,87.8624
C[C]([NH])OCCO[CH][NH],-62.2869
CO[C@H]1CC[C@H]2O[C@@H]12,-54.0354
C[C@@H](C(=O)C)C(F)(F)F,-228.7753
C1[C@H]2C[C@@H]1CCCCC2,1.2426
CCc1nocc1CO,-39.1235
Nc1c(O)[nH]nc1C=O,-24.4543
O[C@H]1C=C[C@H]2[C@@H]1O[C]2[NH],-21.5879
Oc1cc(O)nc(F)n1,-122.8787
CC#C[C@H]1C[C@H]2[C@@H](O)[C@@H]12,51.5957
C[C@H]1N=COC21CCC2,-14.4248
C[C@H]1N(C)C2(CC2)C1=O,7.6253
C[C@@]12CCC[C@@H](O1)C2=O,-57.6549
CC(C)CC[C@@H](C)C#N,-14.1881
Cc1c(N)[nH]nc1CO,-11.2909
NC(=O)n1ncnn1,22.2951
CC[C@H]1[C@H]2[C@@H]3C[C@H]2N13,94.0031
C[C@H]1[C@@H](O)[C@H]2C[C@@H](O)[C@@H]12,-48.9355
CO[C@@]1(C)[C@H]2CC[C@@H]12,-5.6469
O=C1OC[C@]21CCCN2,-60.804
C[C@H]1C[C@H]1c1ncc[nH]1,37.6311
C[C@H]1C=CCC=C[C@H]1C,18.8649
O[C@H]1[C@H]2C[C@@H]1[C@@H](O2)C#N,-4.3954
CC(=O)O[C@H]1C[C@H]2N[C@@H]12,-35.5417
O[C@H]1CN2[C@H]3CO[C@H]3[C@@H]12,10.247
C[C@]1(COCO1)C#N,-45.3567
NC(=O)[C@H]1OC[C@H]2C[C@@H]12,-60.9772
O[C@@]12C[C@]1(C#N)C(=O)C2,5.0774
O[C@H]1[C@H]2C[C@@H]1[C@H]2CC=O,-12.2809
CC#C[C@@]12O[C@H]3[C@@H]1O[C@@H]23,94.0748
Cc1nc2c(o1)C=CC2,13.4
CC(C)C(=O)CO,-99.9973
C[C@]12CCN3[C@H]([C@@H]13)[C@H]2O,13.827
CN[C@@]1(C)CO[C]1[NH],-13.6306
C1CC21C[C@H]1C=CC[C@@H]21,57.5946
[NH][CH]OC[C@]1(CO1)C#C,26.9537
C[C@H]1CC[C@@H](CC1)C=O,-59.7851
COC[C@@]1(C)COCO1,-124.1568
C[C@]12CC=C[C@]1(O2)C=O,-25.8829
C[C@H]1[C@@H]2C[C@@H](C=C2)[C@H]1O,-15.7303
CCC[C@@]12C[C@H]3C[C@@H]1[C@@H]23,52.5031
C1[C@H]2O[C@]31CCC[C@@H]23,45.7642
CN1[C@H]2[C@@H]3O[C@H]2[C@]13C=O,59.8434
C[C@H]1[C@H]2O[CH][N][C@@H]1C=C2,8.7773
C[C@H]1O[C@@](C)(C#N)[C@H]1O,-43.2212
C1CN1c1c[nH]cc1,63.2522
C[C@H]1C[C@@H]2C[C@]1(N2)C#N,60.8408
C[C@]12N[C@H]1[C@H]1CO[C@@]21C,36.0276
NC(=NCCO)C#N,1.0552
[NH][C]1CC(=O)CC(=O)N1,-63.3659
O=CC1=CC(=O)[C@H]2N[C@@H]12,2.2743
CCc1cnc([nH]1)C#C,70.717
C[C@H]1Cn2ncc(C)c12,60.3218
Cc1coc(n1)C#N,19.0321
C[C@@]12C=C[C@H]3[C@@H](C=C1)[C@@H]23,72.8813
C[C@H]1C[C@@H](O)[C]1[N]O,-28.6585
Cc1cn(C=O)c(C)c1,-27.2286
CC1=NON=C(F)[C]1[NH],15.8539
O=C1C[C@H]2OCO[C@H]2C1,-102.5142
C[C@]12C[C@@H]3[C@H]1[C@H]2O[C]3[NH],22.8529
O[C@H]1C[C@H]2[C@H]3O[C@@H](C1)[C@@H]23,-28.9068
C[C@H]1C=C(C=O)[C@H]2N[C@@H]12,18.7001
C1C[C@H]2[C@@H]3CC[C@H]2[C@H]1C3,0.4224
C[C@]12O[C@H]1C(=O)N1C[C@@H]21,-7.543
N#C[C@]12CN1CC2,86.987
C1[C@H]2[C@@H]1[C@@H]1[C@H]2CC21CC2,94.2487
C[C@@]12C[C@]1(O)[C@H]1N[C@@]21C,28.1317
C[C@H]1[C@H]2O[C@@H]1[C@@H](O)[C@H]2C,-56.9262
C[C@@H](O)[C@H]1C[C@H]1CC#C,21.6818
CC1=CCC[C@]1(O)CO,-78.9248
CN[C@@H](CC(=O)O)C=O,-127.5846
CC1(C)[C@H]2[C@@H]3C[C@H]2[C@H]13,73.7348
O[C@H]1CC[C@H]1CC1CC1,-15.1924
N#C[C@H]1CC[C@H]2C[C@H]2N1,56.2976
OCC1=NOC(=C[N]1)[NH],8.0099
COC[C@H]1C[C@H]2C[C@H]2C1,-26.4399
C[C@]12O[C@H]1[C@@H](O)[C@]12CO1,-41.8403
OC1=CC(=O)N[C]([NH])N1,-64.5007
O[C@@]12C[C@@H](OC1)[C@H]2C=O,-67.0016
CCN1C=N[C@@H](C)[C]1[NH],16.1475
N[C@@]1(C#C)[C@H]2O[C]([NH])[C@@H]12,96.2962
O=Cc1cnn[nH]c1=O,5.3611
O=C1N[C@H]2CC[C@@]12C#C,58.3403
CC[C@@H](C)C1(CC)CC1,-20.1766
OCCC1=NO[C@H]([NH])O1,-67.9535
CCC(=O)COCC=O,-111.7416
CCC1=NC[C@@H](O1)C#C,24.583
CCO[C]([NH])[C@@H](O)C#N,-46.9495
C[C@H]1OC[C@H]1C(=O)C,-67.9334
C[C@H]1N2[C@@H]3C=C[C@H]2[C@]13O,65.9377
CC#C[C@H]1[C@@H](C)C1(C)C,39.8055
ON=C1C[C@H]2C[C@@H](O)[C@@H]12,5.3933
O=C1CCC=C1C#N,10.6621
COC[C@]12C[C@H]1OC2,-26.0704
Nc1c(C=O)cco1,-42.2782
C#Cc1c2CCn2cc1,117.8959
C[C@H]1[C@H]2[C@@H]3N[C@]3(C)CN12,56.7866
C[C@]1(CO1)[C@@H](O)[C@H]1CN1,-34.0356
Cc1c(F)cnnc1N,-7.2133
C[C@H]1N[C@H]1C#C,79.9071
C[C@H]1N=CO[C@H]2C[C@@]12C,-9.8992
Fc1nccnn1,14.6131
OCCN1N=CO[C@@H]1[NH],-34.9399
OC[C@H]1O[C@H]2CC[C@@H]12,-39.8988
CC[C@]12C[C@H]1[C@@H](C2)C#C,85.8608
O[C@H]1C[C@H]1CC[C@H]1CO1,-40.9385
COc1c[nH]nc1O,-36.2211
C[C@H]1N[C@]1(C)C(F)(F)F,-163.2988
Nc1nonc1CC=O,2.6221
C[C@@H](OCCO)[C@H]1CN1,-63.6018
Nc1cccnc1O,-21.1886
C1CC(C1)c1ccco1,0.2227
CC(C)[C@]12N[C@H]1[C@H]1O[C@@H]21,56.9764
C#C[C@H]1[C@H]2C[C@@H]1C2(C)C,105.3663
CC1(C)OC(=O)[C@H]2N[C@@H]12,-59.8357
CC#CCOC(=O)CN,-41.1818
O=C[C@H]1O[C@H]1CN1CC1,-7.733
C[C@H]1[C@H]2O[C]([NH])[C@@]12O,-16.692
N#CCC#CC#CC#N,169.9328
CC#C[C@@H](C#N)N(C)C,79.0116
CC(=O)n1nncc1N,6.7251
CC(=O)Nc1ncco1,-54.8895
OCC(C=O)C=O,-100.505
C(C1CC1)[C@@]12CN(C1)C2,88.9706
Nc1c(N)cc(o1)C=O,-39.5525
O=C[C@@]12C[C@@H](N1)C(=O)C2,-13.3525
O=CO[C@H]1CN=CO1,-97.7349
C[C@@]12C[C@@]3(C)[C@@H]1CC[C@@H]23,34.1297
C[C@@H](O)C1=CCCCC1,-48.3795
CC1=C(C[C@@H](O)C1)C#C,18.8133
CC(=O)C1(CCO)CC1,-71.7204
CCC[C@@H](CO)C=O,-94.2937
C1CC21CCCC2,6.27
NC1=C(C=NO[C]1O)[NH],0.1353
Nc1c(O)c(n[nH]1)C#C,61.429
C[C@]12OCO[C@H]1[C@H]2CO,-88.8256
O=C1O[C@H]2CN3C[C@H]3[C@@H]12,-21.0501
O=CCC[C@H]1CC(=O)O1,-106.834
[NH][C]1CC(O1)(C#N)C#N,70.4293
[NH][C]1N[C@H]2CC[C@H]2C1=O,9.5118
C[C@H]1[C@H]2N[C@H]2C[C@]1(C)O,-25.3082
COC=N[C@H]1C[C@H]1C#C,57.4124
CNC(=O)CNCC=O,-77.8849
O=C1CN=CN2C[C@@H]12,29.7326
C[C@H]1N2C[C@H]2C=CC1=O,13.9975
OCC1=NCCC(=O)N1,-74.8228
O=CO[C@H]1[C@H]2[C@H]3CN3[C@@H]12,34.8516
C#C[C@H]1[C@H]2[C@@H]3O[C@H]2[C@H]13,128.0185
O[C@]12CO[C@H]1[C@H]2N1CC1,20.0651
CC1(C)OCCO[C]1[NH],-75.9927
CC[N]C1=NCNN=C1,59.4804
CC[C@@](C)(O)C#N,-34.0797
CC[C@@H](C)[C@@H](O)[C@H]1CO1,-81.3581
COc1c(C)[nH]c(C)c1,-28.4113
CC1(C)OC(=O)[C@]1(C)O,-130.7483
O=C1NC[C@H]2COC[C@@H]12,-75.6057
C[C@H]1O[C@]21C[C@@H](O)[C@H]2C,-53.2741
C[C@@]12C[C@H]3C[C@@H]1[C@@]23C#N,91.07
C[C@@H](N)[C@@H](C)CC(=O)O,-118.2083
OC(=O)C[C@H]1CCCN1,-97.3808
[NH][C]1OC[C@H]1CN1CC1,21.2758
O[C]1N=C[CH]C(=O)C=N1,-16.3342
O=C1C[C@]23CO[C@@H]2[C@H]1N3,60.5976
Cc1nn(CCO)nn1,9.3275
Nc1conc1OC=O,-53.2661
[NH][CH]OCCOCC#C,-4.6205
N#C[C@@]12C[C@H]3C[C@@H]1O[C@@H]23,57.8208
C[C@H]1C[C@H]2CN2[C@H]1C#C,88.2306
CCc1cc(no1)C#N,34.1119
CN=C(N)c1cocn1,-0.4376
C1CC1[C@H]1C[C@@H]2C[C@H]1C2,39.4873
CC1(C)CNC[C]([NH])O1,-37.5825
C[C@H]1O[C@H]2C[C@@H](O)[C]2[CH]1,-26.664
C[C@H]1[C@@H](C)[C@]1(CO)C=O,-70.8167
CC(=O)Cc1ccno1,-30.4326
C#CC#CC#CC#N,191.5112
CC(C)(O)[C@H]1[C@H]2CC[C@@H]12,-14.1169
C1N[C@]21CN1C[C@@H]3[C@H]1[C@H]23,103.8145
O=C[C@H]1CCC[C@H]2C[C@@H]12,-18.6401
C[C@@]12CC[C@@](O)(C1)C=C2,-19.1854
C[C@H]1C[C@@H](C=C1)N1CC1,42.5763
OCC[C@@]12CN3C[C@@H]1[C@@H]23,48.6079
CO[C@H]1C[C@]21C[C@@H](O)C2,-40.4447
CC1(CC1)C(=O)N,-41.4699
Cc1nc(O)nc(C)n1,-34.5221
C[C@@](O[CH][NH])(C#C)C#N,71.9332
CCCc1coc(=O)o1,-120.936
C[C@@]1(CCO)[C@H]2C[C@@H]1C2,7.1594
C[C@H]1O[C@@H](C)[C@@]2(C)C[C@@H]12,-42.3592
C[C@]1(C[C@@H](O)C1)N1CC1,0.0106
CCN(CC#C)C(=O)C,-2.6521
C[C@H]1C[C@H]2CC[C@@H]1CO2,-50.5237
CCC[C@]12C[C@H]1[C@H]1O[C@@H]21,37.2409
CC#C[C@@]1(C)O[C@H]1C#C,88.0934
CN=C1OC[C@]1(C)C=O,-45.0918
CO[C@H]1C[C@H]2O[C@@H]12,-24.978
COc1c(N)cno1,-19.432
C1[C@H]2CO[C@@H]3CC[C@H]2[C@H]13,-14.1886
COC[C@H]1[C@@H](C)C[C@H]1C,-47.3001
OCCC1COCOC1,-125.1489
O=C1O[C@H]2CC[C@@H]1CC2,-89.9534
[NH][C]1OC[C@H]2CC(=O)[C@@H]12,-35.0837
CCC#C[C@@H](O)[C@H]1CN1,31.7574
CC1(CC1)n1nnnn1,104.3402
COC[C@H]1OCC(=O)O1,-157.1275
C[C@@H](N)C1=COC(=O)C1,-68.6133
C[C@@]1(CO)N[C@H]1C#N,9.8212
C[C@H]1C[C@H]1OC[C@H]1CN1,5.9023
O=C1N[N]N=C[CH]C1=O,23.4302
C[C@H]1CO[C@@H](C)C1(C)C,-70.9936
CC[C@@H](CO)[C@@H](C)C#C,-9.6547
C[C@H]1CC=C(C)C1=O,-39.5482
CCC[C@@H](O)C(=O)CO,-140.9245
CCC#CCNC(=O)N,-12.8858
CCN1C[C@H]1[C@H]1CCO1,3.4111
C[C@H]1[C@H]2CC[C@@H](C#N)[C@@H]12,41.5602
C[C@H]1[C@H]2C[C@H]3[C@@H](O)[C@@H]1[C@@H]23,15.465
Nc1n[nH]nc1N,50.0957
Nc1n[nH]c(CC#N)n1,61.3111
C[C@H]1N[C]([NH])COC1=O,-67.8242
CC(C)[C@H]1C[C@H]2C[C@@]12O,-17.5174
CC[C@H]1[C@H]2C[C@@]1(C2)OC,0.7858
C[C@@H](NCC#N)[C@H]1CN1,57.3046
CCC[C@@]12[C@@H]3[C@H]4[C@@H]3[C@@H]1[C@@H]24,116.989
CC[C@H]1[C@H]2C[C@]1(CO)C2,-0.1943
C[C@@H](CO)C[C@H]1CO1,-72.3541
COCCN(C)C(=O)C,-99.3604
C#C[C@H]1CC[C@@H](O1)C#C,82.1753
C[C@@H](O)COCC(=O)N,-141.1412
C[C@H]1C[C@@H](O)[C@@]2(C)CN12,-24.2433
C1[C@H]2O[C@H]3CN4[C@@H]([C@@H]12)[C@@H]34,64.7957
Cc1c([nH]c(O)n1)C#N,1.5746
C[C@H]1N[C@]21[C@@H](C)C[C@H]2O,-9.7503
NC(=N)c1cnnnn1,124.6629
CC#CC1(CCC1)C=O,29.1998
NC(=O)CC(=O)NC=N,-85.1494
C[C@H]1O[C]([NH])C(=O)[C@H]1C,-67.8038
C1C=C[C@H]2CC=C[C@@H]12,36.7543
Cc1nc(no1)[C@H]1CO1,-6.858
CC1=NC[C@@](C)(O1)C=O,-68.5933
CNC(C=O)(C=O)C#N,-16.7181
C[C@@]12[C@H]3[C@H]4[C@@H]1[C@]2(O)[C@@]34O,52.3512
C[C@]12COC[C@@]31C[C@H]2C3,36.8775
CN1C[C@H]1[C@@H](C=O)C#C,61.7177
O=CCC1=CCC(=O)C1,-49.0117
C#C[C@H]1O[C@]2(C[C@@H]12)C#N,112.1567
O[C@@]12C[C@]1(O)[C@H]1C[C@@H]2O1,-41.8429
COCC[C@H]1CC(=O)N1,-73.5981
O[C@@]1(C#C)[C@H]2C[C@@H]1C2,76.1506
CC(=O)Oc1cnc[nH]1,-59.8468
N#C[C@H]1OCC[C@]21CN2,31.6886
CCc1c(OC)occ1,-60.1674
C1CC(C1)[C@H]1CCCO1,-34.002
[NH][CH]Oc1c[nH]c(=O)[nH]1,-41.6462
O[C@@]1(CC#N)COC1=O,-73.2118
C[C@@]1(O)[C@H]2C[C@@]1(N2)C#N,57.158
CNC(=O)C[C@H]1CO1,-68.9967
CN=CN(C=O)C=NC,-15.3622
Nc1c2OCCn2cc1,10.8277
C[C@H]1C[C@@H](O)C21CC2,-15.4837
Oc1ncc(F)cc1F,-114.6792
C[C@H]1O[C@@H]2C[C@H]1O[C]2[NH],-55.9759
O=C1C[N][C]2N[CH][N][C@@H]12,29.5886
C[C@H]1C[C@@H](C)C1(C)C,-22.6416
NC(=N)Oc1n[nH]nn1,41.5237
O=C1CCN=COCO1,-94.0965
C#C[C@]12C[C@H]1OCC=C2,70.8186
C[C@@H](O)[C@@]1(C)[C@@H](C)[C@H]1C,-53.0613
Nc1c(cno1)C1CC1,30.982
C1[C@H]2[C@@H]3C[C@@]42C=CC[C@@]134,128.2025
CN1[C@H]2[C@H]3[C@@H]1C(=O)[C@@]23C,47.8548
[NH][C]1C[C@@H](CN2CC2)O1,19.0024
CC(C)[C@H]1[C@H]2C[C@H]2C1=O,-8.8861
CC(=O)N1[C@H]2C[C@@H]1CC2,-16.8445
CC#Cc1cocc1,37.2443
CC1(C)[C@H]2CO[C]([NH])N12,-4.1395
O=Cc1nc(=O)ocn1,-63.0654
O=C[C@H]1[C@H]2N[C@@H]1C2=O,20.7839
C[C@@H](O)C1CCC1,-44.1075
CC[C@]1(OC1(C)C)C#N,-12.6464
C[C@H]1C[C@@H](C)[C@]1(O)C#C,14.5313
C[C@]1(CN1)c1n[nH]cn1,62.7937
C[C@H]1[C@H]2C[C@]3(C#C)[C@H]2N13,139.3794
O[C@H]1CC[C@@H](C#N)C1=O,-43.5558
C[C@@]12C[C@H]3[C@@H](CC=C1)[C@@H]23,57.1516
C[C@H]1O[C@H]2COC(=O)[C@@H]12,-102.5199
O=CC[C@]12C[C@H]1[C@H]1C[C@@H]21,55.6324
CC(=O)n1cc[nH]c1=O,-67.6066
N[C@@H](CC#N)C#CC#C,137.403
CC[C@H]1N2C[C@H]2CC1=O,-10.4589
C1[C@H]2[C@@H]3[C@H]4[C@@H]([CH][C]13)N24,157.9203
OC[C@H]1O[C@H]1CCC#C,-6.1326
O=C1CC[C@@H](CN1)C#C,7.1426
C1C[C@@H](O1)[C@H]1CC=CC1,-5.5157
C[C@]12N[C@H]1CN1C[C@@H]21,65.4907
C1[C@H]2[C@@H]1[C@@]13C[C@@]21OC=N3,96.3423
C[C@H]1O[C@H]1C1CC1,-5.977
OC[C@H]1N[C@@H]2[C@H]1O[C]2[NH],-11.0045
OCCCc1nocn1,-38.8195
C[C@H]1C[C@]2(CN2)C(=O)N1,-17.7157
CC(=O)CC#CC=O,-14.7416
FC(F)(F)[C]1[N]CCN1,-148.3883
O[C@@]12C[C@@H](C1)C=C2C=O,-14.3713
CC#CC(=O)OCC=O,-62.4579
CC(C)C1(O)COC1,-77.757
CCCc1noc(=O)[nH]1,-63.4191
CO[C@]12C[C@H]1[C@@]1(C)O[C@@H]21,9.377
C[C@@H](O)C[C@@H](C)CC#C,-16.4167
OCc1nc(c[nH]1)C#C,42.4503
C[C@@]12C[C@]1(C=O)N=CO2,-29.0829
CC#C[C@@]12C[C@]1(C)CO2,52.6336
CC[C@@]1(C)[C@H]2O[C@@H]1C=C2,19.9624
C[C@@H](OC[C@H]1CO1)C#N,-24.5829
CCN1C=CO[C@H]1[NH],-14.9585
OC[C@H]1[C@@H](OC1=O)C#C,-45.6783
CCCOC=NCC#N,-9.1634
ON=C1CC=CC(=O)C1,-17.4394
COC=N[C@H]1CO[C]1[NH],-29.2324
CC#C[C@@]12C[C@H]3[C@@H]1O[C@@H]23,112.8442
C[C@H]1[C@H]2OCC[C@H]2N1C,-23.612
Nc1c([nH]nc1O)C#N,30.4524
C[C@H]1C[C@@H](C#C)[C@H]2O[C@@H]12,36.7488
CO[C@H]1[C@H]2N[C@@H](C#N)[C@@H]12,59.284
O[C@H]1C[C@H]2CCC[C@@H]12,-33.0904
C[C@H]1C(=C([NH])OC=C1)N,-7.5816
Nc1c(C#N)c(O)c[nH]1,16.1511
C[C@@H](O)[C@H]1C[C@H]1CC=O,-65.1384
CC1=C[C@@H](CO)C(=O)C1,-69.4182
O=C[C@H]1[C@H]2OC(=O)[C@@H]12,-52.2039
O=C[C@H]1CN(C=O)C1=O,-83.3204
C[C@]1(CN1)[C@]1(CN1)C#C,113.3081
OCC(CO)CC#N,-65.2718
OC[C@]1(CN2C[C@@H]12)C=O,-11.616
N[C@]12CO[C@H]1COC2=O,-88.9283
CO[C@H]1C[C@H]1N(C)C=O,-57.7297
O[C@H]1[C@H]2N3C[C@@]2(O)[C@H]13,26.8157
C[C@@H](CC(=O)C)C=O,-89.8913
ON=C1C=CC[C@]21CO2,12.1796
Cc1cc(O)nc(C)n1,-36.8725
C[C@H]1CCC(=O)N1,-59.6137
CN1CC[C](C1=O)[N][N],11.5051
CC(C)(C#N)C1CCC1,20.3763
OC[C@@H]([C@H]1CO1)[C@H]1CO1,-65.4647
COC=NCC#CCO,-9.1242
CCC[C@]1(CO1)[C@H]1CO1,-42.8681
Cn1cnc(N)c1,22.9709
CC1=C[N]C(=C([NH])O1)C,-6.3077
OC[C@H]1C[C@]1(O)C1CC1,-46.1562
O[C@@]12[C@H]3C[C@@H]1[C@]1(CO1)[C@@H]23,34.0599
C[C@H]1Cc2conc2O1,-16.694
C[C@H]1C[C@H]2CCO[C@@H]12,-31.3478
O[C@]12C[C@H]1CN(C2)C=O,-53.8361
CC(C)Cc1cocc1,-32.776
Cc1cnc([nH]1)C(=O)N,-35.8342
O=C1NC[C@H]2[C@@H](C#C)N12,57.6624
C1[C@H]2C[C@@H]3C[C@H](O2)[C@H]1O3,-66.6082
Fc1cncc(F)n1,-66.662
CC(C)C1=CC(=O)CC1,-42.9379
O=CC[C@H]1CO[C@H]1C#N,-12.5819
CN[C@@H](C=O)C(=O)OC,-115.9538
O[C@H]1C[C@H]2O[C@H]3C[C@H]3[C@@H]12,-25.0206
CO[C@@]1(C)CC=C[C@H]1O,-69.3214
CC[C@H]1C[C@@H](C)C(=C1)C,-17.9661
CC[C@H]1C[C@H]2[C@@H](C)[C@@]12C,13.2337
O=C1C[C@@]23C[C@@H](C2)[C@H]3O1,-6.1998
C[C@H]1OC[C@H]2[C@@H](C=O)[C@@H]12,-49.1032
C[C@@H](CC1CCC1)C#C,51.821
O=C1CCC=CC1,-25.2448
OC[C@]12C[C@@H]3[C@H]1N3CC2,19.649
C[C@@]12CN3[C@@H](C1)C(=O)[C@@H]23,40.3962
CO[C@@H](C)[C@H]1C[C@H]1O,-71.3319
C#C[C@H]1OC[C@]21CCO2,28.0515
NC[C@@H](NC(=O)N)C#N,-22.8688
C[C@H]1O[C@H]1CC1COC1,-42.9685
CCOc1c[nH]c(O)n1,-64.4413
O=C1O[C@H]2C=CCN[C@@H]12,-30.6617
O=C1NC[C@H]2N[C@@]12C#C,58.2767
C1[C@H]2N[C@H]2c2nocc12,64.3673
C1[C@H]2[C@H]3O[C@@H]4[C@H](O3)[C@@H]4N12,13.8005
O=C1OC[C@H]1CC#C,-10.0014
CCc1nc(co1)C#C,34.5891
Nc1nccnn1,57.8255
O=C[C@H]1[C@@H](C#C)N1C=O,33.9917
COCCC1CCCC1,-62.7011
COC[C@H]1NC[C@H]1C#N,15.4086
CNc1ncc(o1)C#N,17.4607
O=CCCc1c[nH]nn1,17.4037
O=CC[C@H]1CN1C=O,-35.8756
N#C[C@H]1C[C@H]1C1COC1,32.6509
CC1=C[C@H]2CO[C@@]2(C)C1,-16.7833
Nc1nc(=O)[nH]nc1,0.1725
C[C@@](O)(CO)CC#N,-70.4494
Oc1nc2c([nH]nc2)[nH]1,33.4475
COCCOC[C@@H](C)O,-138.5022
C[C@H]1[C@@H](C)[C@]1(C#C)C#N,94.7032
C[C@H]1NCCN(C)C1=O,-50.6203
CC(C)[C@@H](O)C#CCO,-46.4575
CC[C@H]1CC=C[C@H]1C#N,33.2815
C[C@@]1(O)CCC=C1C#N,-6.0646
C[C@@H](C[C@@H](O)C#C)C#C,59.8581
N#C[C@@]12C[C@H]3C[C@@H](C1)[C@@H]23,89.7534
CC1(C)NC(=O)[C@H]2N[C@@H]12,-18.8063
CCC#CC(=O)COC,-29.0116
C[C@@]1(N)[C@@H](C#N)[C@H]1C#N,79.1354
CC1=C[C@@H]2O[C@H]1[C@]2(C)O,-20.3657
C[C@@H](O)[C@H]1OC(=C[CH]1)[NH],-56.3537
C[C@H]1CN2[C@@H](CC=O)[C@@H]12,21.4211
Nc1cccncc1=O,14.8242
CN(C)[C@@H](C#N)[C@H]1CN1,62.0072
C[C@H]1[C@H]2[C@H]3[C@@H](O)[C@@H]1[C@@]23O,-6.9923
CCOc1c[nH]nc1C,-15.3651
Cc1conc(C)c1=O,-27.6791
C[C@]12C[C@H]1C(=O)O[C]2[NH],-52.1332
C1[C@H]2C=C[C@@H]3OCC[C@]123,13.1337
CN[C@@H](C=O)C(=O)C#C,4.2303
O[C@H]1C[C@H]2O[C@H]2[C@H]1C#N,-22.0629
C[C@H]1CCC=C[C@@H](C)C1,-12.8017
C[C@H]1CN1C(=N)NC=O,-5.2486
C[C@H]1[C@H]2CN2C=C1C=O,18.8061
C[C@H]1[C@H]2O[C@@H](C3CC3)[C@@H]12,27.308
CC[C@H]1C[C@@H](CO1)C=O,-82.341
C[C@@]1(CC#N)CCC1=O,0.5845
COCc1nonc1N,-5.7519
C[C@H]1[C@H]2[C@@H](O)C[C@@H](C)N12,-16.6329
OCC(=O)n1cnnn1,-2.0895
C[C@]12CC[C@H]1[C@H]1[C@@H](O)[C@@H]21,27.3306
C[C@H]1[C@H]2[C@@H]3N2[C@H]1[C@]3(C)O,27.4427
CCCCCC#CC=O,-2.5752
NC(=O)[C@H]1[C@H]2C[C@@H]1C2=O,-15.1955
CC#C[C@]1(N[C@H]1C)C#N,103.9725
CC[C@]12OCC[C@H]1[C@H]2C,-33.7077
O=CNc1nonc1,0.6673
CC[C@H]1CC[C@]1(O)C#C,17.4844
CN1[C@H]2[C@@H]1C(=CC2=O)C,15.8317
C[C@H]1[C@H]2C[C@H]2[C@@]2(C)O[C@@H]12,-3.3389
C[C@@]12C[C@@H](C1)[C@H]2NC=O,4.681
CO[C@@](C)(CO)CCO,-140.2033
C1C=C[C@@H]2[C@H]3[C@@H]4[C@H]([C@@H]13)N24,110.573
C[C@H]1O[C@H]1C(C)(C)C#C,22.6419
CC(C)n1ccc(N)c1,12.6074
OC[C@]12C[C@H]1OCOC2,-89.824
CCCOc1ccco1,-60.8018
CC[C@@]1(CC=O)CN1C,-17.298
CN1C[C@H]2OC(=O)C[C@@H]12,-57.7894
N[C@]1(C[C@H]1NC=O)C#N,14.0359
C[C@@]12C[C@H]3C[C@H]4[C@@H]1N4[C@@H]23,78.0405
CO[C@@H](CO)[C@@H](C)O,-136.2332
O=C1O[C@H]2C=CC(=O)[C@@H]12,-67.3915
OCC#CCCOC=O,-68.6645
C[C@H]1CC(=O)O[C@H]1C,-104.5041
C#CC[C@@H](C#N)[C@H]1CO1,73.3133
C[C@@H](O)[C@]12C[C@H]1CC=C2,-8.5974
O=CCN1CC2(CO2)C1,-9.8314
CC1=C[C@@H](NCC1)C#N,44.0744
CN1C[C@H]1CNC=O,-15.2126
CC[C@@]12[C@@H](C[C@H]1O)N2C,0.1649
C[C@H]1C[C@H]2CC(=O)C[C@@H]12,-28.2542
OC[C@H]1N[C@]21CNC2=O,-29.9622
CCCCC[C@H]1CO1,-45.343
Cn1ccc(C)c1N,15.5949
CCC#C[C@@H](CC)C=O,-3.8171
C[C@H]1C[C@]2(C)O[C@H]1C=C2,-17.4899
FC(F)(F)CC=O,-209.0228
CN[C@H]1[C@@H](C=O)[C@H]1C#N,24.9103
C[C@H]1N[C@]21COCC2=O,-41.9712
O[C@H]1CC(=O)[C@]2(CN2)C1,-46.2407
C[C@@]12O[C]([NH])[C@H]3[C@@H]1O[C@@H]23,11.1292
C[C@H]1C=C([NH])OC(=C1)N,-11.1232
OC[C@H]1CC[C@]2(CO2)C1,-63.1592
OCC1(CC1)O[CH][NH],-45.8887
C[C@@H](COCC=O)C#C,-21.3158
C[C@H]1[C@@H](C#N)N1CCO,11.481
C1CN1[C@]12C[C@H]1C=CC2,79.32
O[N][C]1[C@@H](O)C[C@]21CO2,-23.1998
COc1cc(CO)n[nH]1,-37.742
CCNC(=O)[C@@H](O)CC,-117.5632
N[C@H]1[C]([NH])OC21COC2,-17.6674
C[C@H]1C[C@]21OC[C@H]2C=O,-28.5196
CC(C)N[C@@H](CN)C#N,13.1601
O[C@H]1[C@@H](NCC1=O)C=O,-90.3164
O[C@@H]([C@H]1CN1)C(=O)C#C,17.4237
O[C@H]1[C@H]2[C@H]3C[C@]1(O)[C@@H]2O3,-50.3067
OC[C@@]12C[C@H]3O[C@@H](C1)[C@@H]23,-9.9629
C[C@H]1C[C@]21COC[C@H]2C,-31.0383
C[C@H]1[C@@H](C)N1C1COC1,5.8408
COCC[C@H]1OC[C@H]1O,-104.1304
CC#C[C@H]1COCCO1,-25.7949
CCc1ncc(C)cn1,12.3218
CCCC#CC(=O)CO,-34.1063
OCC(O)(CO)[C@H]1CO1,-141.7339
C[C@H]1C[C@]21CCOC2,-25.4172
C1CC1OC1COC1,-31.0133
O=CC1=CCOCC=C1,-30.2228
CCC[C@@]1(CO)O[C@H]1C,-85.8342
CO[C@H]1CCC(=O)[C@H]1C,-86.342
CN1C[C@@H](NC1=O)C#N,-13.471
C[C]([NH])Oc1c[nH]cn1,-4.1149
C[C@@H]1[C@H]2[C@@]31[C@@H]1[C]([CH]C3)[C@H]21,166.047
ON=C1[C@H]2C[C@@H]1[C@H]1C[C@@H]21,71.9926
CCOC[C@@]12CN(C1)C2,25.9368
C1[C@H]2COCCC=C[C@@H]12,6.7502
O=C1CCC(=O)OC1,-115.153
Nc1nc(CC#C)no1,61.9693
O[C@H]1[C@H]2O[C@@H]1[C@]12CCO1,-19.7049
O=CCC1=NCCCO1,-61.2188
CN1CC[C@@H](O)[C@H]1C#N,-7.562
C[C@@]12C=C[C@H]3CN1[C@@]23C,73.5425
C[C@H]1C[C@@H](N1)C(F)(F)F,-161.9923
C#Cc1c(nc[nH]1)C#N,116.9043
CC(=O)n1nnnn1,54.615
C[C@@]1(O)[C@H]2[C@H]3C[C@H]3[C@@H]12,50.0884
CC[C@H]1[C@@H]2C[C@@H](C2)[C@H]1O,-28.6851
C[C@H]1C[C@@H](C#N)[C@H]2O[C@@H]12,8.5338
C[C@H]1[C@H]2CC[C@]1(O)[C@H]2C,-32.6648
CN[C@H]1[C@@H](C)OC1=NC,-17.3887
C[C@H]1C=CC(=O)[C@]1(C)O,-70.9857
[NH][C]1OC[C@H]1NC=O,-46.91
C[C@H]1[C@H]2N1C[C@H]1O[C@@]21C,10.7967
CC[C@H]1C[C@H]1CCO,-44.1081
CN=C1OC[C@H]2C[C@@]12C,-14.1248
C1CC21O[C@@H]1O[C@H]2C=C1,-2.0564
C[C@]12CC[C@H]1C12COC1,22.7617
[NH][C]1O[C@@H](C=O)[C@H]2CN12,-9.7672
Cc1cc(O)ncc1F,-78.3021
CC(=O)[C@]12CCN1CC2,9.5674
CC1=C2CCC[C@H]2CC1,1.0863
[NH][CH]OC1(CNC1)C=O,-19.0366
C1O[C@H]2[C@@H]1[C@H]1OC[C@@H]2O1,-69.6403
O=C[C@]12C[C@H]1C=CCO2,-17.3952
CCCOC(=O)CC=O,-136.3162
C[C@H]1CCC(=NO)C=C1,0.1334
C[C@H]1CC(=O)N[C]1[NH],-42.8394
N#C[C@]1(CCN1)[C@H]1CN1,87.6571
C[C@H]1[C@H]2[C@H]3CO[C@@H]1[C@@]23O,-24.1816
CC(=O)O[C@H]1C[C@H]1C=O,-100.9762
O[C@H]1[C@H]2[C@H]3C[C@H]3[C@H]2C1=O,9.0681
CC(=O)C1=C[C@H]2C[C@H]2C1,-1.2538
O=CN1CCC[C@H]2C[C@@H]12,-21.9267
C[C@@]1(O)[C@H]2CCN2C1=O,-33.4082
C[C@]12NC[C@H]1N[C@H]2C#N,85.976
CC[C@@]1(O)[C@@H](C)[C@H]1C,-49.0585
ON=C1CO[C@H]2CN[C@@H]12,4.5822
CN(C)CCCC(=O)O,-109.8894
C[C@@H](C#C)[C@@](C)(O)CO,-45.3769
C[C@H]1[C@@H](C)[C@]1(O)C=O,-69.1954
Cc1c(F)c(N)ncc1,-36.455
O[C@H]1[C@@H]2[C@H]3[C@@H]4[C@@H](N24)[C@@]13O,43.3016
C[C@@]1(O)C[C@H]2O[C@@]12CO,-78.9762
CC[C@H]1C[C@H]1OC=NC,-18.3384
C[C@H]1OC21CN(C2)C=O,-36.2734
CC(C)(O)[C@@H](O)C(=O)N,-156.044
O[C@H]1C=C[C@]2(CO2)[C@H]1O,-68.8007
CC#CCCNC=O,-4.8208
O=C1C[C@]23CO[C@@H]2[C@H]1O3,23.2272
Cc1coc(CC#N)n1,10.0444
C[C@H]1[C@H]2C[C@@H](O)C[C@@]12O,-65.8381
C[C@H]1[C@H]2CCO[C@@H]12,-18.5423
CCC(=O)[C@@H](CO)C#N,-60.612
OCC#C[C@@H](CO)C#N,4.4318
CN=C1OCC21CCC2,3.6274
FC(F)(F)CCNC=O,-227.2583
OCC1(CC2CC2)CC1,-11.4977
CCC(CC)C(=O)C,-74.1614
O=C1CC(=O)[C@H]2C[C@@H]12,-42.7806
COC[C@H]1OCO[C]1[NH],-101.2443
C[C@@]12[C@@H]3[C@H]4C[C@@H](CN13)[C@@H]24,81.0958
C[C@H]1[C@@H](OC1=O)[C@H]1CO1,-85.8702
COC[C@H]1COC(=O)N1,-128.2611
CO[C@@H](C#C)C(=O)C=O,-28.0064
CO[C@@]12C[C@H]3[C@@H](C1)O[C@@H]23,-11.1821
CC#C[C@H]1N[C@H]1C#C,140.4047
O[C@@]12CN3C[C@@H](C=C1)[C@@H]23,44.1324
O[C@H]1C[C@]2(C[C@@H]12)O[CH][NH],-15.7419
C[C@@H](CC#N)C1CCC1,20.9605
C[C]1[C]2C[C@@]3(C)[C@@H](C1)[C@@H]23,104.8329
C[C@H]1COc2cncn12,0.4951
CC1(C)C=CCC21CC2,23.9734
CC1=C(N(C[CH]1)C=O)[NH],-16.3774
O=C1CCC(=O)C1,-70.7857
O[C@H]1C[C@@H]2C[C@H]1[C@H]2C#N,15.1961
C#C[C@H]1COC[C@H]2O[C@@H]12,14.8989
ON=C1[C@H]2CC[C@@H]1N2,49.5909
O=C1C[C@@H](C#N)C21CC2,34.1417
C[C@H]1C[C@@](C)(O)C=C1C,-51.0923
C1C[C@@]2(O1)[C@H]1[C@H]3O[C@H]3[C@@H]21,48.0358
CN1C(=O)OCOC1=O,-171.715
CNC(=NCC=O)C=O,-44.8586
C[C@H]1C[C@@](O)(C=O)[C@H]1O,-101.2083
C[C@H]1[C@@H](O)[C]2[N]CCN12,7.3985
C[C@@H](O)[C@@H](C#N)[C@H]1CN1,8.2393
CC#CC1=C(OC[CH]1)[NH],38.1571
CO[C@@]12C[C@@H](C1)CC2,-20.34
C[C@@H](N)C[C@@H](C)C(=O)O,-118.8672
OC[C@@H](O)C(=O)N1CC1,-96.1527
[NH][C]1OCOC1=O,-96.1612
CC[C@]1(CO1)C=O,-56.8662
Cc1coc2c1cno2,6.9379
CC[C@H]1[C@H]2[C@@H](O)[C@@H]1N2C,25.4122
NC(=O)O[C@H]1CCOC1,-134.5569
C[C@@H](O)[C@]12O[C@H]1C[C@H]2C,-51.1845
O=CC#CC1CC1,44.1569
C[C@@H](C#C)C(=NO)C#C,113.255
CCC[C@H]1CCCOC1,-70.2299
C[C@]1(CN1)C#CC(=O)N,35.9074
C[C@]12[C@H]3[C@H](CN13)NC2=O,23.2549
CC[C@]12CN1C[C@H]2OC,2.2966
O=C1CCC[C@H]1CC#N,-15.6749
CO[C@H]1C[C@]21C[C@H]1O[C@@H]21,2.6319
O[C@H]1C[C@H]2O[C@@H]3CC[C@]123,-11.1382
CNC(=NC)NC(=O)C,-48.777
C[C@@]1(C#N)[C@H]2N[C@@H]1C=C2,104.3001
CC(C)OC(=O)CC=O,-139.7041
CC(=O)c1nonn1,16.4504
CCCC(=O)C=O,-78.039
CC(C)(O)[C@H]1C[C@H]2CN12,-1.4082
O[C@@H](C#C)[C@@H](C#C)C#N,113.8817
CN(C=N)C(=O)C#N,6.9405
Oc1ccc2NCCn12,6.1446
C[C@@]12[C@@H](NC1=O)[C@H]2C=O,-20.7765
C[C@H]1CN(C=O)C(=O)O1,-126.4107
Oc1cc(C=O)c[nH]1,-45.2652
C[C@@]12C[C@@H](C1)C[C@@H](O)C2,-36.9024
Oc1ccc([nH]1)O[CH][NH],-29.0367
COC[C@@H](O)[C@@H](O)CO,-174.326
N#C[C@H]1[C@H]2O[C@H]2[C@]21CN2,86.0716
CC[C@@]12[C@H]3C[C@]1(C)CN23,61.7461
O[C@H]1[C@H]2[C@@H]3[C@H]4[C@@H]3[C@]1(O)[C@@H]24,29.3191
C[C@@]12N[C@]1(C=O)[C@H]1C[C@@H]21,44.0966
Cc1c(cco1)C#C,37.4131
O[C@]12CC[C@H]1O[C@H]1C[C@@H]21,-28.4681
O=C1CCC[C@@H]2C[C@H]1O2,-56.6697
O=CC1=C[C@@H]2[C@H]3O[C@@H]2[C@@H]13,43.8019
CC[C@H]1[C@@H](O)[C@H]1CO,-75.5061
Cc1c(oc(=O)[nH]1)C=O,-103.8211
OC[C@]12C[C@H]1O[C@H]1C[C@@H]21,-16.9207
CC[C@@]1(CO)[C@@H](C)[C@H]1C,-50.0442
O[C@]12C[C@H]1C=CNC2=O,-42.6998
CN1[C@@H](C=CC1=O)C#C,37.6093
O=C1C[C@H]2CCC=CN12,-10.459
C1O[C@H]2[C@H]3O[C@H]3[C@H]3[C@@H]1[C@@H]23,1.9848
C1[C@H]2[C@@H]3[C@H]4C[C@H]([C@@H]2O4)N13,35.1722
C1N2CCO[C@@H]3CC[C@]123,18.0802
CC#C[C@H]1CCCC=C1,52.129
N=CNc1cnco1,13.0311
CCO[C@@H](CO)CC#C,-41.4731
C[C@]12C[C@H]1CCC2,1.8637
O[C@H]1[C@H]2CC[C@@H]1OCC2,-81.1769
CC[C@]1(C[C@H]1C)NC=O,-43.0818
CO[C@@H](C)C(C)(C)O,-111.6719
CC(C)n1cc(O)cn1,-15.5445
Cn1nc(CO)nc1N,-13.3363
O=CCCNCC#N,-0.935
O[C@H]1CC=C(C#N)[C@H]1O,-28.141
C[C@]12C[C@H]3[C@H]([C@@H]13)C(=O)C2,7.3236
COC[C@H]1[C@H]2[C@H]3C[C@@H]1N23,41.9024
C[C@H]1[C@@H](CO)N1CC=O,-44.6587
O[C@@]1(C#C)[C@H]2[C@H]3[C@@H]1CN23,115.1676
O[C@H]1C=C(CC1=O)C#N,-18.8527
O=C1O[C@H]2CO[C@@H]12,-66.026
CC1=C[C@@H](N)C(=O)OC1,-63.8267
OC[C@]12C[C@H]1CCO2,-56.3371
O[C@@]12CN[C@]31CO[C@H]3C2,1.4249
C1O[C@H]2[C@H]3[C@H]4[C@H](CN34)[C@@H]12,57.4394
CC[C@@H](N=COC)C#N,-7.0681
OC1(CC1)[C@H]1O[C@H]2C[C@@H]12,-2.7528
Nc1c(O)c(C=O)c[nH]1,-40.662
C[C@H]1C[C@H]2[C@H]3[C@@H](O)[C@@H]1N23,12.3787
C[C@@](N)(CC(=O)O)C#C,-45.5122
CCn1cnc(N)c1,16.2742
CC#CCNC(=O)N,-8.1852
CN1[C]([NH])CCC1=O,-41.9684
CN1C[C@@H]2[C@H]1CO[C]2[NH],0.083
Cc1coc2c1[nH]nc2,29.6177
O=C[C@]12O[C@H]1C[C@H]2C#C,44.8197
CO[C@@H](C)C(=O)C(=N)N,-71.8201
N[C@@H](C#N)c1cnco1,30.8191
O=C[C@@]12C[C@H]3CC[C@@H]1[C@@H]23,13.9357
CCC#Cc1nocc1,57.6884
C[C@H]1[C@@H](C(=O)N)C1(C)C,-53.3346
CCC[C@H]1CCC(=O)C1,-63.4404
C[C@@](N)(C#N)C1(N)CC1,45.0519
CC#C[C@]1(CO1)C1CC1,52.9216
O[C@H]1CC[C@@H](C1)[C@H]1CO1,-62.1289
ON=C1[C@@H](O)CNC1=O,-68.6487
CC(C)(C)n1cccc1,3.2722
O=C[C@H]1NC[C@H]1C#N,31.8931
C#CC#C[C@H]1C[C@H]2O[C@@H]12,124.8942
C#C[C@H]1[C@H]2CO[C@@]12C#N,112.2401
N#C[C@H]1CC2(COC2)N1,43.9307
COC[C@@H](C)CN1CC1,-25.3394
O=C1C[C@]2(CN2)[C@H]2N[C@@H]12,38.8196
CN=C1N[C@H]([NH])OC=C1,1.6959
O[C@H]1[C@H]2[C@H]3C[C@H]3[C@@]12O,16.0209
C[C@H]1C=CC(=O)C1=O,-44.6995
CC[C@H]1C[C@H]2CC[C@H]2O1,-36.5798
Cc1cnc(N)c(F)n1,-30.8497
CC[C@@]1(CC(=O)N)CN1,-38.2421
O=C1N[C@H]2CN3[C@H]2C[C@H]13,30.406
O[C@@]12C[C@H]3[C@@H](C1)N3CC2,-6.6719
C[C@H]1CN(C(=O)C)C1=O,-84.8301
OCC#C[C@]12CC[C@H]1O2,26.8492
Cc1c(CC#C)nno1,73.3212
Cc1ccnc(=O)nc1,19.0542
O[C@H]1CC[C@]21C[C@H]1C[C@@H]21,17.7611
O[C@H]1CCO[C@H]2C[C@H]2C1,-61.9695
O=C1N[C@H]2CCC[C@@H]12,-30.7602
C[C@H]1CN(C(=O)N)[C]1[NH],-27.6953
CCc1c[nH]c(OC)c1,-25.617
Nc1c(CO)[nH]nc1O,-41.9215
CCOC(=O)C#CCO,-75.6393
CC1(C)CC=CCO1,-39.7696
CCc1cnc(O)nn1,4.7537
[NH][C@H]1OC=C2C=CCN12,24.5907
CC(=O)[C@@]1(O)CO[C]1[NH],-85.0616
C[C@H]1O[C@]21[C@@H](C)C[C@H]2O,-53.2684
C[C@H]1C[C@H]2[C@H]3C[C@H]3[CH][C]12,66.6916
COC[C@H]1CC(C)(C)O1,-83.1798
Nc1c[nH]c2c1OCO2,-6.5443
C[C@H]1C[C@]2(CNC2=O)C1,-17.3383
C[C@H]1C[C@H]1[C@H]1CO1,-3.6854
O=CN1C[C@@H]2C[C@@H](C2)C1,-22.4274
CO[C@H]1[C@@H](O)C[C@H]1CO,-107.8635
CC(=O)C1(CC1)N1CC1,11.1669
Oc1cnncc1O,-24.4077
CCO[C@H]1[C@H]2C[C@@H](C)[C@@H]12,-12.4314
Cc1ncc(CC=O)[nH]1,-17.8031
Cn1c(C)cnc1C=O,-12.0507
C[C@H]1OC[C@]21CC=CC2,-7.3148
COc1ncc(O)[nH]1,-52.1498
C[C@]1(CO1)[C@H]1COC1=O,-84.8605
C[C@]12[C@@H]3[C@H]1[C@H]1[C@@H]3OC[C@@H]21,39.4816
CC1=CC(=O)N[C@H]1C#C,31.1717
OC[C@H]1COC[C@H]1CO,-119.6582
C1[CH][C]2[C@H]3O[C@H]3[C@@H]3[C@H]2N13,112.8176
CO[C@H]1O[C@@H](C)[C@H]2C[C@@H]12,-65.8927
C[C@@]12C[C@H]3CC[C@@H]1[C@@]23O,-1.3434
CCO[C]([NH])CC#CC,-0.976
C[C@H]1O[C@H]2C[C@@H](C=O)[C@@H]12,-28.9733
C[C@@]12C[C@]1(C)CCC2,-5.6739
C[C@H]1CC(=O)[C@H]1C1CC1,-8.0653
CC[C@]1(COCO1)C#N,-50.7896
CC[C@H]1[C@H]2CCC(=O)N12,-17.1237
Oc1cc(C#C)c(O)[nH]1,4.1053
CN=C1O[C@@H]2[C@H]3C[C@@H]2[C@@H]13,38.8933
O[C@H]1[C@H]2[C@@H](O)[C@@H]1C12CC1,3.0611
O[C@H]1CO[C@H]2OCC[C@@H]12,-113.9191
CO[C@H]1C[C@H]1C(=O)C=O,-74.7413
O=C1NC[C@H]2[N][CH]N[C@@H]12,-13.6473
C[C@@]1(O)[C@H]2C=C[C@@H]1[C@H]2O,-24.9949
N#C[C@H]1N[C@H]2CCN[C@@H]12,66.3576
CC[C@@](C)(CC#C)OC,-8.7567
CC(=O)OC=NC1CC1,-57.0967
O[C@H]1[C@H]2O[C@@H]3[C@H]2[C@]13C#C,66.6777
C[C@@H](CO)[C@H]1[C@H]2C[C@@H]1O2,-18.6161
Nc1nocc1C=O,-15.1745
C1CN1c1nonc1,74.5076
CC[C@@]1(CO)NCC1=O,-60.5083
CCC1=CC(=O)[C]([NH])N1,-13.1068
O=C1CN2C[C@H]3O[C@@H]1[C@@H]23,2.0931
C#C[C@]12CN1[C@H]1C[C@@H]21,161.7896
CC(=O)NC1CC1,-34.6325
COC[C@@]1(O)C[C@]1(C)O,-110.4739
O[C@@]12CN(C1)C[C@]12CO1,-2.2749
CC#C[C@@]1(N)CO[C]1[NH],45.4606
CC(C)[C@@]1(C)CCCO1,-70.6391
O=C[C@H]1[C@H]2[C@H]3C[C@@H]1N23,57.4606
C[C@@]12CN(C1)[C@@H](C2)C#N,66.7155
CC#CCN(C)C=O,-0.4327
Nc1cc(c[nH]1)C#N,54.9222
O[C@@H](CC=O)[C@H]1CN1,-45.5115
C[C@H]1[C@H]2CC[C]2[CH][C@H]1O,1.6328
[NH][C]1NC=CNC(=O)N1,-10.4567
CO[C@@]1(C)[C@@H](C)OC1=O,-120.3611
NC(=N)C(=O)[C@@H](O)C#C,-1.218
O=N(=O)c1c[nH]cn1,17.8178
CO[C@@H](C#CC)C(C)C,-15.9561
O=CC[C@]1(CO1)C#C,17.2037
C[C@@]1(CO)CCO1,-75.7378
C[C@H]1C[C@@](C)(N1)C(=O)O,-86.1527
COC(=O)C#CC(=O)N,-69.8791
C1O[C@H]2[C@H]3O[C@H]4[C@@H]1[C@@H]2[C@@H]34,10.5936
NC(=O)OC[C@@H](O)C#N,-109.3998
Cc1c2CCn2cc1,53.3535
NC(=O)Nc1conn1,-21.0817
CN[C@@H](CN(C)C)C#N,23.6646
O=C1CN[C@H]1CN1CC1,26.6486
CCC1(CC1)[C@@H](C)CO,-47.9778
COCCCC#C,2.7673
C[C@H]1[C@H]2[C@H]3CN3[C@@H]12,101.1064
O=c1cc[nH]cnc1=O,-21.2105
CC[C@H]1C[C@H]2OC[C@@H]12,-8.9808
C#CCCn1ncnn1,117.3975
CC1(CC1)C1(O)CC1,-11.0516
CC(C)(CC1CC1)C#C,53.4111
CCO[C@H]1C[C@H]1OCC,-72.371
C[C@@H](O)Cc1ncc[nH]1,-33.4982
NC(=N)C(=O)OCC=O,-101.411
[NH][C]1C[C@]2(C[C@H]2O1)C=O,-29.7876
O=C1[C@H]2C[C@H]2C=C1C#N,43.5461
[NH][C]1C[C@@H](C#N)C(=O)N1,3.8575
COC[C@@]1(CC=O)CN1,-45.6257
Cn1cc2[nH]cnc2c1,58.8499
C1[C@H]2OCC=CCO[C@@H]12,-19.1578
Nc1n[nH]c(=O)c(F)n1,-45.9046
N#C[C@H]1NC[C@H]1N1CC1,94.5541
N#CCC#CC[C@H]1CN1,112.0856
CCN=c1[nH]c(C)co1,-21.5824
C#Cc1nonc1,100.725
OCC1(CCC1)NC=O,-72.8771
O[C@H]1CC[C@@H](C1)NC=O,-90.5936
C[C@]12C[C@H]1[C@@](C)(C2)C#C,84.5505
CCC#CC[C@H]1O[C@H]1C,15.6043
O[C@@H](C#CC=O)[C@H]1CO1,-16.934
O[C@H]1[C@H]2CC=C[C@@H]1O2,-31.0624
O[C@H]1C[C@H]2[C@H]3C[C@H]3C[C@@H]12,0.4732
CCC[C@H]1CC(=O)N1,-46.931
C[C@H]1C=C[C@H]2[C@@H](C=O)[C@@H]12,9.9855
C[C@@]1(O)CC(=O)C[C@H]1O,-126.1436
NC1=CNC(=C([NH])O1)[NH],12.901
OC[C@@]1(O)C[C@]1(O)C#C,-37.8782
O[C@H]1C[C@@H]2O[C@H]1CCO2,-113.8162
[NH][C@H]1Nc2c(O1)cn[nH]2,44.9453
O=C(CCN1CC1)C#N,31.0071
CC[C@@]12C[C@H]3[C@@H](C1)[C@@H]23,57.4949
O=C(OCCC#N)C#C,3.7288
O=CN1CC[C@H]2N[C@H]2C1,-10.8137
C[C@@]1(O)[C@H]2CCO[C@@]12C,-65.2162
O=C1OCC2(COC2)O1,-135.2388
C[C@@H](C#C)[C@H]1N[C@H]1C=O,51.4159
C[C@H]1N[C@@H](CC#N)C1=O,13.0873
OCC(=O)CO[CH][NH],-92.4662
CC(C)C(=N)NC=O,-48.9217
C[C@@H]1C=C([NH])C(=CN1)F,-15.4987
O=C1C[C@]2(C[C@H]3N[C@@H]23)O1,-6.1863
O=CC(=O)OCCC#C,-53.8535
OCCC(=O)NC=O,-125.278
C[C@H]1N[C@H]2CN=CO[C@@H]12,2.0345
C[C@H]1N2C[C@@H](C2)O[C]1[NH],9.3789
C[C@H]1C[C@H]2CCO[C@H]2C1,-53.7265
[NH][CH]N1CC(=O)[C@H]1C#C,72.3542
CN1C[C@H]1C(=O)C#N,35.992
C[C@H]1CO[C@@H](OC1)C=O,-111.6494
O[C@@]12C[C@@](C1)(OC2)C#N,-9.1318
C[C@H]1[C@H]2CO[C@@H](C)[C@@]12C,-37.4031
C[C@H]1C[C@H]2CC[N][C]2O1,-29.3589
C[C@H]1[C@@H](O)[C@H]1CC#N,-0.3015
CC#C[C@@](N)(CO)C#N,40.8716
CCC[C@H]1[C@H]2[C@@H]3C[C@H]2[C@H]13,70.4769
[NH][CH]N1CCN=C1C#N,76.728
NC(=N)c1cc(N)co1,3.3651
C[C@H]1CO[C@H]1C1COC1,-41.4844
OC[C@H]1Cc2ncnn12,36.1424
CCC[C@H]1NC(=O)C=C1,-41.6926
NC(=O)C#CCC#C,69.5099
C1[C@H]2N1C1(CC1)C12CC1,104.3959
C#C[C@]12O[C@H]1[C@H]1C[C@@H]2C1,89.3691
C[C@H]1CC[C@]1(C=O)C#N,7.4093
C[C@]12O[C@H]1[C@H]1CC[C]1[CH]2,34.4025
Cn1cc[nH]c(=O)c1=O,-63.1117
N#C[C@H]1OC[C@H]2C[C@@H]12,21.2006
OCCC(=O)NCC#C,-34.0758
CC(C)(C[C@H]1CO1)C#N,-4.1543
C[C@H]1C[C@]2(CO[C@@H]12)C=O,-31.9464
CN1CC(=O)[C@H]2CC[C@@H]12,-9.3294
O=c1ccncnc1,36.8377
C[C@H]1[C@H]2C[C@H]2[C@]21C[C@H]2O,21.6303
C[C@@]1(O)CC[C@H]1OC=O,-116.143
C[C@@]1(O)[C@H]2N[C@@H]1[C@]12CN1,66.6165
CC(C)[C@H]1CC[C@@H](C)O1,-74.7128
CC[C@H]1CN=C(N)C1=O,-33.6212
CCO[C@H]1[C@@H](C)[C@H]1C=O,-64.1815
C[C@H]1[C@H]2O[C@]1(C)[C@H]1N[C@@H]21,30.3794
[NH][C]1C[C@@H](O1)C1COC1,-26.4591
O=CC[C@H]1N[C@H]1C1CC1,15.985
OCC1=CC[C@@H](C1)C#N,2.3597
CCCC[C@@H](O)[C@H]1CN1,-37.931
C[C@H]1[C@H]2[C@H]3C=C(C)[C@@H]1[C@@H]23,61.2417
CC[C@H]1C[C@@H](CC)C=C1,-13.1556
C[C@]12C[C@H]1OC(=O)CN2,-50.2053
[nH]1nnc2cncc2n1,139.8519
N[C@H]1CC[C@H]1C(=O)O,-78.0667
CN=C1O[C@@H](C)[C@]21CO2,-24.9857
CC[C@H]1C[C@H]1N(C)C=O,-38.0278
CC1=CNC(=O)[C@H]1C#C,33.7231
CN[C@@H](C=O)C#N,7.1535
OCC1=C[C@H]2CC[C@@H]1O2,-42.043
C1Cc2c(CO1)cno2,-19.8836
O[C@H]1[C@H]2O[C@H]2[C@]1(O)C#N,-27.7933
CCCC[C@H]1OC[C@H]1C,-53.2407
C([C@H]1CO1)C1COC1,-34.041
C[C@H]1OCCC(=O)O1,-132.3366
N#CC[C@H]1CN[C@H]1C#N,84.4291
C[C@@]12C[C@@H](C1)[C@@H](CO)C2,-29.2813
O[C@H]1[C@H]2N3CC[C@H]3[C@@]12O,15.7741
Cn1ncnc1C=O,9.5792
CN=c1ccncnc1,84.6745
Cc1cc2c([nH]1)nn[nH]2,76.9263
CC1=C[N]C(=C([NH])O1)O,-42.2326
CCC[C@H]1C[C@@H](C)[C@H]1O,-55.1239
CC[C@@H](O)C(=NO)C,-62.8878
C[C@]1(NCC1=O)C(=O)N,-60.6731
NC1=NC[C@]2(O[C@@H]12)C#N,45.9176
CCCOc1cocn1,-59.2346
[NH]C1=N[N]OC(=C1)C=O,38.3266
C[C@]12C=CC[C@H]1CC=C2,31.3459
N#CCCOC1CCC1,-5.0856
C[C@H]1CCCOC(=O)C1,-102.9026
C[C]1C=C([NH])NC(=O)N1,-32.8636
Nc1c(O)c(F)ncc1,-69.8912
C1[C@H]2[C@@H]3[C@@H]4C=C[C@H]2[C@@H]4N13,106.7627
C[C@@H](O)CN1C[C@H]1C=O,-45.4449
C#CCC1(CC1)C#N,102.8589
C[C@]12CC=C[C@H]1N1C[C@@H]21,75.4759
CC1=CC[C@H]2O[C@H]2C1,-10.2341
[NH][C](OC(=O)C#C)C#N,42.1421
CN1CC(=O)CNC1=O,-78.4511
C#CC#C[C@@]12C[C@@H](C1)C2,161.466
OC[C@]12C[C@H]3N[C@H]3[C@H]1N2,26.3938
C[C@H]1[C@@H]2N1C[C@]2(O)C#C,75.8323
CNc1nc(O)cn1C,-19.6864
C1O[C@]21C[C@H]1C[C@H]1C=C2,27.5834
CC#CC(=O)C#CCO,37.8324
N[C]1[N][C@@H](CC#N)CN1,40.5817
O=CNC1=CCCC1=O,-66.4366
CC#C[C@H]1CN1C1CC1,99.8697
C[C@H]1CCC=C1C,-7.239
O=COc1ncco1,-80.6504
O[C@@]12C[C@@](C1)(OC2)C#C,17.1341
CCC[C@]12C[C@H]1C(=O)O2,-51.7726
O[C@H]1[C@H]2CO[C@@H]12,-21.2896
CN(C)CC(=O)CC#N,-9.5794
CC1(C)[C@H]2C[C@]31CC[C@@H]23,103.3163
C[C@H]1OC(=O)NC1(C)C,-111.3824
C1[C@H]2Cc3cncn3[C@@H]12,61.679
CC#C[C@H]1[C@@H](O)[C@H]1C#C,87.7194
CN=C(CC=O)NC=O,-59.5819
C1CN1c1cnco1,28.4342
Cc1cnc([nH]1)[C@H]1CO1,5.4945
O[C@H]1[C@@H]2[C@H]3O[C@@H]2[C@H]3C1=O,-23.9213
O[C@H]1[C@H]2C[C@]31CC[C@H]3C2,22.9682
C[C@@]1(O)C[C@H]2CO[C@@H]1O2,-112.2079
O=CC#CC1(CC1)C#C,109.2685
CC[C@H]1[C@H]2[C@@H](CO)CN12,6.2951
OC[C@@]12[C@H]3[C@@H]1N1C[C@@H]2[C@@H]31,84.6513
OCCO[C@]12C[C@H]1OC2,-61.8471
O=C1CN2C[C@H]2C=CN1,17.1342
CC(C)[C@@H](C=O)[C@H]1CN1,-16.2633
OCC[C@@]1(O)CC[C@H]1O,-115.2449
C[C@H]1[C@@H](C#C)[C@H]1C#N,99.9416
O[C@]12C[C@H]1OC[C@H]1N[C@@H]21,-11.0613
CO[C@H]1CCCNC1=O,-89.7822
NC(=NCC(=O)O)N,-89.1309
C[C@]1(C[C@H]1C(=O)N)C=O,-69.1932
C1C[C@]23C=C[C@H]4[C@H]([C@@H]24)N13,124.2401
CC[C@@H](O)C1=NCCO1,-81.3949
C[C@H]1[C@H]2C[C@H]3C[C@H]3O[C@@H]12,7.1593
NC1=N[C@@H](C#N)[C@H]2CN12,85.1661
C[C@]12C[C@H]1[C@@H](O)[C@H]1C[C@@H]21,3.7745
N[C]1[N][C@@H](CN1)C#N,48.0477
CN1C=NCC1=O,-26.5807
C#C[C@@]12CN(C1)C2,135.2397
C#CC[C@]12CO[C@H]1CO2,30.4768
[NH][C]1N[C@@H](CCO1)C#C,32.0218
O[C@H]1C[C@]21CC[C@H]1N[C@@H]21,14.7274
O=C[C@H]1CC(=O)OCO1,-142.9007
C[C@H]1O[C@]21CCC(=C2)C,-17.2997
O=C[C@@]1(C#N)[C@H]2C[C@@H]1O2,45.8661
CCOc1ncccc1,-26.3024
CC(=O)[C@]12C[C@H]1CCO2,-55.9687
CC[C@@]1(O)C[C@@H](C)C1,-53.7598
C[C@@]12[C@H]3C[C@@H](OC1=O)[C@@H]23,-35.2667
OCC#CCOC1CC1,-0.1988
O[C@H]1[C@@H]2O[C@@H](C=C2)[C@H]1O,-66.9966
CC[C@H]1[C@H]2OC[C@@]12C#N,34.3953
C1Cc2c(CO1)nc[nH]2,-7.5552
CCN(C)c1cnn[nH]1,47.6564
C[C@H]1[C@H]2C[C@H]3C[C@H]3C[C@@H]12,34.6725
Nc1ccnccc1=O,10.2195
CC[C@@H](CC#CC)OC,-15.6323
CCOC(=O)[C@@H](C)CO,-153.1295
CN1[C@H]2C[C@@H]1[C@H]2O[CH][NH],55.7223
C[C@@]12C[C@]1(C#N)[C@@H](O)C2,23.4516
CO[C@]12C[C@H]1OC=NC2,-29.1166
CC(=O)[C@]1(CN1)[C@H]1CO1,-19.1938
C1CC1[C@H]1OC[C@]21CO2,-7.0456
C[C@@H](O)CN(C)C=O,-100.773
Cc1nocc1OC=O,-62.9194
O[C@H]1CC=C(C1)[C@H]1CO1,-37.0537
O[C@H]1CCCCN2C[C@@H]12,-17.7228
CC[C@@]12C[C@]1(O)CO2,-38.2133
C[C@@H](N)[C@@H](OC=O)C#N,-52.0179
COCCNC=O,-91.641
COc1c(C=O)cco1,-79.112
COCC(=O)CCO,-120.4219
C[C@@H](OC(=O)C#N)C#N,-15.5115
OC[C@]12CN1CCCC2,-17.8264
C[C@H]1[C@H]2[C@@H]1[C@H]1CC[C@@H]2C1,23.3208
CCOC[C@@]1(C)CO1,-74.2762
O=C[C@]12CN1CCC2,-1.3438
CCN1CN=CN=C1[NH],33.4143
C[C@H]1O[C@H]1[C@@](C)(O)C#C,-7.958
OC[C@@]1(O)CN[C@H]1C=O,-84.6919
C[C@@H](O)c1coc(N)n1,-63.6908
C[C@]12[C@@H](CO)[C@H]1NC2=O,-35.4859
o1nncc2ccnc12,102.7447
C[C@H]1[C@H]2[C@@H](O)[C@@H](C#C)N12,75.6089
O=CN1C[C@@H](C=C1)C#C,44.2848
O=CN[C@H]1C[C@H]2CN2C1,-6.2863
CC(C)[C@H]1C[C@@H](O)CO1,-100.0209
C[C@@]12[C@H]3C[C@@H](CC1=O)[C@@H]23,7.1404
C[C@@]1(O)[C@H]2C[C@H]2[C]1[N]O,3.3746
OCCc1nocc1,-32.4783
C[C@H]1[C@H]2C[C@]3(CO3)CN12,17.828
Nc1noc2c1nco2,19.4499
OCC1(CC1)C#C,31.6307
O[C@@]12[C@H]3O[C@@H]1[C@@H]1C[C@H]3[C@H]21,27.3889
O=C[C@H]1CC=CC(=O)O1,-89.9366
O=CC(=O)[C@H]1CC=CC1,-40.5484
C[C@H]1C[C@]2(CO2)CC1=O,-56.5065
CO[C@]1(CO[C]1[NH])C#C,19.0358
CC#C[C@@]1(C)C[C]([NH])O1,28.0393
C[C@H]1OC=N[C@H]2CO[C@@H]12,-41.3079
CCCOC[C@H]1CO1,-69.0854
COC=NC[C@@]1(C)CO1,-48.6044
C1OC[C@H]2[C@H]3O[C@H]3C[C@@H]12,-45.2609
N[C@@H](C#N)[C@H]1C[C@H]1C#C,109.5009
C[C@@H](CCC#C)NC=O,-5.334
CC1(C)NC(=O)[C@H]1C#C,19.4876
C[C@H]1NC(=O)N(C)C1=O,-102.875
O=C1O[C@H]2[C@H]3N[C@H]3[C@H]2O1,-54.3683
C[C@@]1(O)C[C@]2(O[C@@H]12)C=O,-64.0134
C[C@@]12CCC[C@H]3O[C@@H]1[C@@H]23,2.613
CN(CCN)CC(=O)O,-93.7313
NC(=O)[C@H]1CO[C]([NH])N1,-69.6411
CCO[C@H]1C[C@]2(CO2)C1,-45.6078
C[C@H]1CC2(CC2)C1=NO,31.994
C[C@]12O[C@@H]3[C@H]1[C@H]2[C@H]3O,3.1564
O=C1[C@H]2C[C@]3(CN[C@H]13)N2,66.6522
CC[C@H]1[C@@H]2N1CCC2=O,-7.8874
C[C@H]1[C@H]2C[C@]3(CN3)[C@@H]1O2,25.0631
CC1(C)CN1[C@H]1C[C@H]1O,-1.6529
CC(C)[C@]12C[C@@H](O)[C@H]1O2,-50.8858
COC[C@@H](O)CCC#C,-38.3118
C[C@]12O[C@H]1C[C@H]2CC#N,25.8643
COc1ccccc1,-19.8772
C[C]1C=C([NH])OC1=O,-59.0955
COc1c(CO)[nH]nc1,-36.9834
CCC1(CC)[C@H]2C[C@@H]1O2,10.1778
CCCc1cc(O)no1,-50.0391
Oc1cn(C=O)c(=O)[nH]1,-93.3238
NC(=O)O[CH][NH],-80.8596
CC[C@H]1C[C@@H](C=O)[C@H]1C,-36.2523
[NH][CH]Oc1c[nH]c(=O)o1,-78.5052
N#C[C@H]1C[C@H]2CO[C@@H]12,36.8676
C1[C@H]2[C@@H]3[C@@H]4CC=C[C@]24N13,153.9922
C[C@]1(CN1)c1n[nH]cc1,60.9742
C(C1CC1)c1nonn1,63.4246
NC1=C(O[C@H]([NH])N1)C=O,-36.8564
C[C@@H](O)c1c[nH]c(O)c1,-62.1895
O[C@H]1C[C@H]1CC#N,4.8829
C[C@@]1(O)[C@H]2C[C@@H]1[C@H]2O,-32.9046
Nc1noc(=O)[nH]1,-44.7662
C[C@H]1[C@H]2CC(=O)CO[C@@H]12,-50.2339
CC[C@@H](CO)NC=O,-103.1369
CC[C@@H](C)CCC(C)C,-58.7589
C[C@@H](CNC=O)C(=O)C,-98.098
C1CC1[C@H]1CCOCO1,-63.7152
C[C@H]1[C@H]2OCC[C@@]12C#N,13.5137
C[C@H]1[C@H]2[C@@H]3N2[C@H]1C3(C)C,63.5834
C1C=C2C=CC[C@]32O[C@@H]13,36.5761
O=c1[nH]nc([nH]1)[C@H]1CO1,-25.6259
NC(=O)C[C@@]12C[C@@H](C1)O2,-25.644
C1CN1c1ncc[nH]1,59.5277
O[C@@H](C#N)[C@H]1COC=N1,-24.1873
O[C@H]1CC(=O)C(=C1)C=O,-81.89
COC[C@@]12C[C@H]3[C@@H]1CN23,65.6072
CC(C)[C@H]1N[C@H]1[C@H]1CN1,39.3313
CC[C@@]1(C)C=C[C@H]2C[C@@H]12,24.3675
OC1=C[CH]N2[C]1[C@H]1C[C@@H]21,66.8814
N[C@H]1CNC1(C#N)C#N,97.5802
CC[C@H]1CC[C@@H](C)[C@H]1C,-39.7568
OCC(O)(CO)CO,-175.1595
CCn1cncn1,25.4006
CC1OCCCCO1,-95.3781
O=C[C@@]12C[C@@H](C1)C2,24.811
C[C@H]1[C@@H]2[C@H]3CN2[C@H]3C1=O,46.0256
C1O[C@]21[C@H]1CCC[C@@H]2O1,-23.182
CCN1[C@@H](CO)[C@H]1CO,-57.6329
O=CCN=c1ocno1,-40.2346
CC[C@H]1C[C@@]2(C)OC[C@@H]12,-20.333
OC[C@H]1O[C@@H]2C[C@H]1C=C2,-40.9744
CCCn1ncnc1C,9.3629
C[C@@H](O)c1c[nH]nc1C,-19.8398
Nc1cnc2OCCn12,7.8166
C1O[C@H]2[C@H]3N[C@H]3CO[C@@H]12,-10.8373
O[C@H]1[C@H]2N[C@@H]1[C@H]2O,-8.2018
C1N[C@]21[C@H]1C[C@H]3O[C@@H]2[C@@H]13,70.6911
C1[CH][C]2CCO[C@H]3[C@@H]1[C@@H]23,28.984
Cc1noc(=O)c(O)n1,-67.8613
C1O[C@H]1[C@H]1CCCC=C1,-6.9973
CC(C)(C)c1conc1,-9.1957
C[C@H]1[C@H]2C[C@]31O[CH][N][C@@H]23,65.6441
CCC#C[C@H]1O[C@H]1C,19.8525
COC(=NC(C)(C)C)C,-61.4677
C[C@H]1[C@H]2N[C@@]2(C=O)[C@H]1O,-23.4126
C[C@H]1O[C@H]2[C@H]3[C@@H](O)[C@H]3[C@@H]12,-4.1798
O=C1CCC2=CCCN12,-24.2473
O=C[C@H]1[C@H]2CN2[C@H]1C#N,68.2754
CNCC(=O)OC=NC,-73.8858
CNc1cc(N)n[nH]1,37.0878
C[C@@]1(C#N)[C@H]2C[C@@H]1N2,98.2202
O[C@H]1[C@H]2C[C@@]1(CC2)C=O,-45.7805
O[C@H]1CC(=O)[C@]21CN2,-19.0094
NC(=O)[C@H]1O[C@H]2C[C@H]2O1,-81.1892
O[C@@]1(C#N)[C@H]2[C@@H]3O[C@H]2[C@H]13,64.5521
CC1(C)O[C@]1(C)C=O,-66.2159
C[C@H]1O[C@H]1[C@@H](O)CC#C,-8.0778
C[C@]12CC[C@H]1[C@H]2CCO,-14.1752
C[C@@]1(CO)CC(=O)N1,-77.0207
C[C@H]1CCCOC(=N1)C,-46.0461
OC[C@H]1C[C@H]1C#C,33.6908
C[C@H]1[C@@H](CC1(C)C)C#C,44.931
C[C@]1(O[C@H]1C#N)C(=O)N,-33.6395
O[C@@]12C[C@@H](C1)CO[C]2[NH],-50.9427
C[C@@]12[C@@H](O)[C@H]3CN1[C@@]23C,27.7307
C[C@H]1[C@@H](C)C2(CC2)C1=O,-12.9429
CC1=CCOCC[C@H]1O,-67.7056
C[C@@]1(C#C)[C@H]2[C@H]3C[C@@H]1N23,137.891
O[C@@]12[C@H]3C[N][C]1O[C@@H]23,81.1792
CO[C@@H](C)[C@@H](CO)C=O,-123.528
CC(C)[C@H]1[C@@H](O)[C@H]1C#C,18.757
FC(F)(F)[C@H]1CO1,-185.1228
CC#C[C@H]1CC(C)(C)O1,8.698
CC1=C[C@@H](OC1)C=O,-49.1597
CCN1[C@H]2C[C@@H](CO)[C@@H]12,7.0249
O=C1N[C@@H]2[C@H]3[C@@H]4C[C@]13[C@H]24,82.4637
O=C1NC=C[C@H]1C#C,43.5141
O=C1CN2[C@H]3CC[C@@H]2[C@@H]13,18.1573
O[C@H]1[C@H]2C[C@]3(CN3)[C@@]12O,2.7565
C[C@H]1[C@H]2CC=C[C@@H]12,33.9644
CC(=O)Oc1conc1,-67.494
C[C@@]1(O)C[C@H]2C[C@@H](C1)O2,-65.3643
CNC1=NO[C@H]([NH])N1C,7.1388
CCc1nn(C)c(=O)o1,-75.3713
O=C[C@@]1(CC#N)CO1,-11.9099
O[C@H]1C=C[C@@H]2[C@H]3CN2[C@@H]13,62.0478
C#C[C@]1(CC=CC1)C#N,111.2775
COC(=O)[C@H]1C[C@H]1O,-113.9048
Oc1coc(O[CH][NH])n1,-66.0259
O[C@H]1[C@H]2O[C@@H]1[C@H]2[C@H]1CO1,-15.3827
OC[C@@H](O)[C@H]1CN=CO1,-106.2901
COCC[C@H]1O[C@H]1CO,-103.0116
O=C1O[C@@H]2[C@H]3[C@H]4[C@@H]2[C@@H]1N34,23.9729
O[C@H]1C[C@@H]2O[C@H]1[C@H]1C[C@@H]21,-41.3509
C[C@@]1(C=O)[C@H]2[C@@H](O)CN12,-15.4212
C[C@H]1C[C@@H](C)[C@@H]2C[C@H]1C2,-5.5834
O[C@H]1[C@H]2[C@H]3[C@@H]1[C@@H](O)CN23,-9.4944
O[C@@]12[C@H]3[C@H]4[C@@H]1[C@@]4(O)[C@@H]23,61.6
CN1[C@H]2C[C@]3(CO3)[C@@H]12,46.047
NC(=O)CN1C[C@H]2C[C@@H]12,7.3922
O[C@H]1CC(=O)[C@H]1[C@H]1CN1,-22.7273
Cn1nnc(n1)C(=N)N,71.0392
[NH][C]1CCC=CC(=O)O1,-46.9223
Cc1coc(CC#N)c1,10.2963
C1CC21COC[C@H]1C[C@@H]21,6.139
C[C@@]1(O)CCC=CC1=O,-74.8003
NCC(=O)O[C@H]1C[C@H]1O,-100.3884
C[C@]1(CO1)[C@H]1C[C@H]1CO,-41.9595
CC[C@@]12C[C@]1(O)[C@@H](C)C2,-21.1644
Nc1nc(O)cnc1F,-67.7918
Cc1n[nH]c(N)c1C,20.9548
O=CN1C[CH][C]2CC[C@@H]12,15.0806
OCc1ccc(o1)C#C,6.9175
N#C[C@H]1C[C@]21CC=CC2,66.7979
C[C@H]1[C@H]2CC3(COC3)N12,38.3481
COCC1(CC1)OC=O,-101.5107
O=C1N[C@H]2C[C@H]3C[C@@]12O3,16.5132
Cc1ncnc(C)c1C,8.6245
COc1conc1C#N,18.0119
C[C@H]1C[C@@H](O)[C@H]2CC[C@@H]12,-36.908
O=c1[nH]nccn1,13.8261
CCCCO[C@@H](C)CO,-116.3555
OCC#CCC1CC1,28.8798
C[C@H]1[C@@]2(C)CO[C@@]12C#N,31.6092
C[C@@H](OC1(C)CC1)C=O,-62.9089
C[C@H]1CO[C@@]23C[C@@]12CC3,14.2991
CC(=NO)C(C=O)C=O,-61.8136
C1Cc2nonc2C=C1,52.0989
CN(C(=O)C)C(=O)CN,-86.3431
O=C[C@H]1C[C@H]2OC=N[C@@H]12,-25.1365
CCC(C)(C)C(=O)C#N,-25.3284
Nc1coc(c1)C#N,26.6551
CCO[C@H]1C[C@H]2C[C@@H]12,-7.7327
NC1=NNC(=O)[C]([NH])N1,2.1352
O[C@H]1[C@H]2O[C@@H]1[C@H]2O,-46.5919
C[C@H]1CO[C@H]2C[C@]1(O)C2,-64.3327
C[C@H]1CN1C(C=O)C=O,-28.0034
CC(=O)N1CC(=O)C1,-58.0248
O[C@H]1C[C@]2(C[C@@H]12)OC=O,-71.3709
C1N=COc2c1[nH]cc2,17.9994
CC[C@@H](C)C(=O)O[CH][NH],-93.6264
CC(=O)c1c(C)[nH]cc1,-29.1105
C[C@@H](CO)[C@]12CN1CC2,1.3773
O=C1CN[C@H]1C#N,32.2707
OCc1c(C=O)cno1,-54.8553
C[C]1[C]2C=C[C@@H]3[C@H]2N3C1,131.09
C[C@H]1[C@H]2O[C@@]2(C=O)[C@H]1C,-30.0244
Oc1noc2nccn12,10.1835
O[C@@]1(C2CC2)[C@H]2CO[C@@H]12,-3.0873
CC#C[C@H]1CCC1(C)C,39.7703
O=C(NCC#C)C1CC1,27.8529
C#CC1(C#C)[C@H]2C[C@@H]1C2,178.2864
CC1(C)[C@H]2CCC[C@@H]1O2,-34.7996
CN1CC2(CCC2)C1=O,-15.2663
O=C1NCCOCO1,-123.2543
O=C1CCC2(CC2)N1,-25.4283
COC(=N)N(C)C=O,-78.0187
CC(=O)CCC1CC1,-37.4321
O=COC[C@H]1[C@H]2C[C@@H]1C2,-23.433
C1O[C@@H]2[C@H]3[C@H]4[C@@H]2[C@@H]1N34,63.2011
CC#C[C@@]12C[C@@H](C1)C2,97.5763
O=C1CC[C@H]2CCN12,-20.5073
CCc1cnc(N)cc1,9.4101
CC1(C)C[C@]21CC(=O)O2,-59.1464
C[C@H]1CO[C@@]2(C)C[C@@]12C,-37.5732
CN1C[C@H]1C(=O)CC=O,-34.7529
C#Cc1cnno1,88.6994
NCC(O)(CN)C#N,-16.3085
C[C]([NH])Oc1n[nH]cc1,6.0765
C[C@]1(CN1)[C@@H](N)C(=O)O,-69.6865
CC(C)Cn1cnnc1,22.4138
CCCC(=O)CC(C)C,-81.6073
Nc1c(CC#C)[nH]cn1,83.1414
O[C@H]1[C@H]2CN[C@H]2[C@H]1C#N,41.3918
Oc1c2C=CCn2cc1,17.0226
C[C@H]1[C@H]2[C@@H](CO)CN12,11.2485
C1[C@H]2N[C@]31COCO[C@@H]23,11.0578
C[C@@H](O)c1nc(O)co1,-99.5081
O=CN(CC#N)CC#N,25.7444
O=C1[C@H]2N[C@@H]1[C@H]2CC#C,104.7704
CO[C@@]12C[C@H]3[C@@H](OC1)[C@@H]23,-16.1903
CCOCC(=O)C,-91.9175
C[C@@H](OC=O)[C@@H](O)CO,-176.38
C[C@H]1[C@H]2C[C@@H]1COC2,-24.5267
O[C@@]12C[C@@H](CC1)[C@H]2C#C,39.5481
[NH][C]1NC(=O)OCO1,-112.4923
C[C@]12O[C@@H](CO)[C@H]1[C@H]2O,-73.0356
C(C1CC1)n1cnnc1,61.7184
CN1[C@H]2CO[C@@H](C#N)[C@@H]12,36.3755
N[C@H]1[C@H]2CC[C@@]1(N2)C#N,70.2707
C1[C@H]2C[C@@]34CC[C@@]3(O4)[C@@H]12,43.7505
C[C@@H](CO)[C@@H](C)C#N,-36.4114
Cn1nc(N)cc1C=O,3.5665
Oc1cc(C=O)ccn1,-47.7891
[NH][C]1O[C@H]2[C@H]3C[C]([CH]1)[C@@H]23,89.5872
C[C@H]1CN(C)[C@H]1C(=O)O,-79.5413
O[C@]1(C=C[C@H]2N[C@@H]12)C#C,83.5286
C[C@H]1C[C@@H](O1)[C@@H](O)CO,-116.7089
C[C@H]1[C@H]2N3[C@@H](C)[C@@H]1[C@@]23C,65.5419
COc1c(O)cnn1C,-36.5749
CCCOC=NCCC,-55.0658
O=CC[C@]12C[C@H]1COC2,-45.7108
C1O[C@H]2C=CCCC=C12,24.9993
CCCOc1nonn1,-1.8701
OCCCC(=O)CC=O,-118.0682
O=C1[C@H]2[C@@H]3[C@@H]4O[C@H]2[C@H]1[C@H]34,7.5274
C1[C@H]2Nc3c[nH]cc3[C@@H]12,74.9835
OC[C@H]1[C@H]2[C@H]3O[C@H]3CN12,-4.0445
[NH][C]1OCCOCCO1,-101.8624
CC(C)C(=O)NCCO,-113.3827
CO[C@H]1[C@@H](O)[C@]1(C)C=O,-93.9467
CN=COC1CN(C)C1,-2.5801
COc1coc(=NC)[nH]1,-38.3055
NC1=C(C[C@H]2O[C@@H]12)C=O,-23.6185
C1C[C@H]2[C@@H]1[CH][C]1CC[C@@H]21,66.7688
Cc1noc(c1)C#C,63.0371
C[C@]12O[C@H]1[C]([NH])NC2=O,-38.1413
CO[C@@H](C)[C@H]1CC[C@H]1C,-48.1428
O[C@H]1[C@H]2CC(=O)C(=O)[C@@H]12,-69.801
CN(C)C(=O)C#CC#C,61.9924
C[C@@]12[C@H]3O[C@H]3[C@H]3[C@@H]1C[C@@H]23,56.5379
C[C@@]12O[C@@H](C=C1)C(=O)O2,-78.6928
O[C@]12[C@H]3O[C@H]([C@@H]13)C12CC1,40.7021
C[C@@]1(CO)CNC(=O)O1,-139.4452
Cc1ncnn1C=O,-1.0257
CC(=O)C[C@@]1(C)CO1,-69.329
CCCOCC1(O)CC1,-80.314
CC1(C)[C@H]2CCN2C1=O,-5.2085
CCC[C@@H](C#N)[C@H]1CN1,38.3177
CO[C@@H](C#C)[C@H]1CN1C,51.3702
CC[C@H]1CN2C[C@@]12C=O,13.1461
CCN1CC2(CCO2)C1,-3.1684
Nc1c[nH]cc1C#C,84.2448
O=C1CN2C[C@H]1C=CC2,3.5765
OC[C@H]1C[C@@H](O)C1,-72.1722
C[C@@H](CN1CC1)C(=O)C,-22.517
CC[C@@]1(C)CC(=O)[C@H]1C,-47.1816
CC(=O)c1c[nH]c(=O)o1,-104.1669
C[C@H]1C[C@]1(CC#N)C#N,69.8492
C[C@@]12C[C@]1(O)[C]([NH])N2,25.0665
C[C@H]1O[C@H]1COC(=O)C,-117.5988
[NH][C]1OCC=CCC1=O,-23.9122
C[C@H]1OCO[C@H]1CC=O,-111.9374
C1[C@@H]2[C@H]3[C@@H]4[C@@H](CN24)N13,134.6289
O[C@H]1C[C@@H](C#C)C21CC2,53.3596
C[C@H]1CC(=O)N1C(=N)N,-31.7534
[NH][C](C#N)N1CCC1=O,27.455
Nc1c(cco1)N1CC1,29.8343
CN(C=O)C1=NCCO1,-69.1859
C[C@@]12N[C]3[N]C[C@]1(N)[C@@H]23,148.5469
C[C@H]1O[C@H]2[C@@H](OC=O)[C@@H]12,-64.7231
O[C@@H](C=O)[C@H]1[C@@H](O)[C@H]1O,-124.2372
CC#C[C@H]1N[C@H]1C#CC,128.1853
OC[C@H]1[C@H]2O[C@H]2CC1=O,-87.6686
CCNC1=N[C@@H](C)CO1,-45.722
OCC[C@H]1COCCO1,-124.0269
Cn1ncc2c1CCC2,37.0293
C[C@@H](C=O)C1OCCO1,-111.7636
Cc1c(F)occc1=O,-103.4812
C1[C@H]2C[C@@H]3C[C@H]2[C@H]1OC3,-16.9992
CO[C@H]1C[C@]21C[C@H]1C[C@@H]21,29.5652
OC[C@H]1N[C@H]1C[C@H]1CO1,-28.6095
O[C@]12CO[C@H]1[C]([NH])OC2,-69.2025
CC[C@@]1(C)CO1,-39.1886
O[C@H]1CC2(CC2)[C@H]1C#N,25.752
C[C@@H](CCC=O)[C@H]1CO1,-62.3234
NC(=O)[C@@]12[C@H]3[C@H]4[C@@H]1N4[C@@H]23,103.3658
O[C@]12C[C@H]1CCC=CC2,-6.6133
O=C[C@H]1C[C@]21CC(=O)N2,-27.0196
C[C@H]1C=Cc2cncn12,48.4888
C[C@H]1[C@H]2N[C@@H](C#N)[C@@]12N,89.0653
CN=C1C[C@]2(CN12)C#N,106.53
CC1=CC[C@H]2CC=C[C@@H]12,28.3702
C1[C@@]23CCC[C@@]12CCC3,10.3998
C[C@H]1[C@H]2C[C@]3(C)O[C@H]2[C@H]13,8.3353
C[C@]12CC=C[C@H]1CCO2,-27.6417
CC(C)[C@H]1C[C@@H](C)O1,-52.8041
CN1[C@H]2C[C@H]2CC1=O,-23.7026
O=C[C@]12COC(=O)[C@H]1N2,-69.4148
O[C@H]1CC=CC[C@H]1O,-74.5694
N#CC[C@@]12N[C@H]3[C@@H]1C[C@@H]23,131.1556
Oc1c(cn[nH]1)C#C,54.4576
CO[C@H]1[C@H]2O[C@H]2[C@H]1C=O,-48.672
CC1(C)C[C@H]2[C@@H](O)C[C@@H]12,-19.6722
C#Cc1c(cco1)C#N,81.5046
CC[C@H]1OCOC1=NC,-76.2174
NC(=NCCC#N)C=O,6.0213
C[C@H]1[C@@H](O)[C@@]2(C)C[C@@]12C,-23.8094
C1[C@H]2C=C[C@]31OCC[C@@H]23,41.5718
CC(=O)n1ncnc1O,-55.4777
C[N]C1=C(C=N[N]O1)O,17.7853
CCCc1c(C)ocn1,-38.8631
CC[C@H]1N[C@@H](C=O)[C@H]1O,-54.3487
CC(=NO)[C@@H](O)C1CC1,-30.9658
C#C[C@]12CCOC[C@H]1O2,10.6927
OCC[C@H]1CCC1=O,-67.8795
C[C@]1(CCNC1=O)C#N,-20.8195
CC(=O)C(=O)CC(=O)N,-122.2591
CC(C)(C)c1c[nH]nc1,14.1831
CCC[C@@H](C)CC=O,-66.7957
CC(C)c1c(O)[nH]cn1,-30.52
O=C1OC[C@@]23C[C@@]12CO3,-42.2032
Cc1cc(F)c[nH]c1=O,-76.5865
C[C@H]1[C@H]2[C@@H]3[C@@H](O)[C@H]2[C@H]13,42.9135
O=CC1=NCCC(=O)N1,-58.4519
O[C@@]12[C@H]3C[C@@]1(C[C@@H]23)C#N,66.7728
C[C@@]12[C@@H](CC1=O)[C@H]2C#C,62.1653
CN1[C@H]2CC3(COC3)[C@@H]12,43.5182
N#C[C@H]1C[C@H]2CN12,89.2003
C[C@@]12CC[C@H]3[C@@H]1[C@@H](O)[C@@H]23,10.3803
CC[C@@]1(C=O)[C@@H](C)[C@H]1O,-69.1036
OC[C@]12NC[C@H]1NC2=O,-27.3492
C[C@]12CCC[C@H]1OCC2,-53.409
C[C@H]1COCCC(=O)O1,-123.2332
CC[C@]12[C@H]3C[C@H]3[C@H]1N2C,89.4199
O=CCCc1ccc[nH]1,-11.6739
O=CN1CC1,-7.3762
Cc1ccccc1,10.6379
CC#C[C@H]1O[C@H]2CC[C@@H]12,52.0286
CCN1[CH][N]C[C@H]1C#N,47.4946
CCCC#CC#CC=O,59.7952
CN=C1O[C@H]2C[C@H]2C1=O,-23.6806
O=C1COC2(CC2)CO1,-91.4588
N[C@@H](CNC=O)C#N,-14.849
CNc1n[nH]c(O)n1,-11.6496
CN1C[C@H]1C(=O)N,-19.6046
C[C@H]1CN=C(N)C(=O)N1,-38.8373
COc1c[nH]cnc1=O,-41.5373
C[C@H]1[C@@H](O)[C@H]1C(=NO)C,-34.1228
C[C@H]1[C@H]2CO[C@@H]1CCC2,-53.3532
Oc1nc(O)nc(F)c1,-121.0972
CC1=C([C@]1(CN)O)C=O,-13.3285
CN1C[C@@]23CC[C@@H](O2)[C@@H]13,42.6008
C1C[C@H]2C[C@@H](O1)OC=N2,-61.6549
Cc1nc(F)noc1=O,-65.6975
N1[C@H]2[C@H]3O[C@H]3[C@@H]3N[C@H]2[C@H]13,71.0347
CCCCC(CO)CO,-116.9497
C[C@H]1[C@@H]2N1[C@@H](CO)C2=O,-21.2715
O=COCCC1COC1,-102.0598
ON=C1CN2C[C@@]12C#C,126.8258
CC[C@@H](C)[C@@](C)(O)C#C,-15.0732
CC(=O)c1nonc1,0.1512
C[C@H]1C[C@@]2(C)CC[C@@H]12,15.2448
C[C@@]1(O)C[C@H]2O[C@H]2[C@H]1O,-98.5752
CNc1cc(=O)nc[nH]1,-9.2868
C1O[C@H]1[C@H]1COC21CC2,-4.9817
CCN1C[C@]1(C)CO,-30.8478
CN=C(C#N)N(C)C,37.4294
CC1=N[C@H]2[C@@H](O)[C@H]2CO1,-41.4924
O[C@H]1[C@H]2C=C[C@@H]1[C@H]1C[C@@H]21,27.1786
N#C[C@H]1CCC=CCO1,11.9964
CN[C@@H]1C=CN=C([NH])O1,0.9165
CC#C[C@]12C[C@H]1[C@H]1CN21,149.429
CCOCc1ccc[nH]1,-25.4589
C[C@H]1C=CC(=NO)[C@H]1O,-25.7557
C[C@H]1CNC(=O)O[C@H]1C,-105.8986
OCCC[C@H]1CO1,-66.7066
CNC(=O)[C@H]1O[C@H]1C,-72.9783
C[C@H]1N[C@]1(C)C(=O)C#N,18.211
C[C@@]12C[C@@H]([C@H]1O)[C@H]2CO,-32.2199
OC[C@]12O[C@H]1CC[C@H]2O,-100.4546
C[C@H]1[C@@H](C2CC2)N1C=O,4.9872
C[C@@H](CCO)CC#C,-7.077
CCC#C[C@H]1O[C@H]2C[C@@H]12,60.4636
O=C[C@H]1C[C@H]2N[C@@]12C=O,-0.6197
CCC1(CC)CCCO1,-70.7758
CC[C@@]12O[C@H]3[C@H]4[C@@H]1N4[C@@H]23,74.1487
C1C[C@H]2C[C@H]3O[C@H]3C[C@@H]12,-2.9348
CC[C@@]1(C)[C@H]2OCO[C@@H]12,-57.7376
C1[C@H]2C[C@]3(CCO3)[C@@H]12,23.5121
Cn1ncc(C#N)c1O,21.7102
NC1=NC[C@H]2C[C@H]2C1=O,1.6937
CC#CC[C@@H](C)[C@@H](C)O,-22.8117
CC(=O)[C@@H](C=O)N1CC1,-32.1801
CC(=O)[C@H]1CC2(CC2)O1,-34.2368
COC1=C(O)O[C@H]([NH])O1,-113.3798
C[C@@]12C[C@@](C)(C1)[C@H]1O[C@@H]21,11.2356
O=C(C#C)C#C[C@H]1CO1,82.5718
C[C@]12C[C@H]1CCNC2=O,-31.9593
CN=C1NC=N[C@H]1C,24.9338
N#C[C@H]1C[C@H]2N=CO[C@@H]12,35.345
C[C@H]1C[C@H]1c1cnco1,2.2882
C[C@@]12N[C@]1(C)[C@H]1O[C@@H]21,38.2658
C[C@H]1CN=COCC1=O,-51.5112
CC(C)(CC#N)NC=O,-32.3674
CC(=O)N1C[C@H]2[C@@H](O)[C@@H]12,-35.0937
O=C[C@H]1C[C@@H](CC#C)O1,8.7964
C#C[C@@]12[C@H]3O[C@@H]4[C@@H]([C@H]14)[C@@H]23,120.0674
C1[C@H]2C[C@@H]3C=CCO[C@]123,30.1417
C1[C@H]2CCC=CC=C[C@@H]12,55.34
CC(C)OC[C@H]1N[C@H]1C,-36.5806
C[C@]1(C[C@H]2O[C@H]2C1)C#N,8.141
O[C@H]1C[C@H]1[C@H]1CCC1=O,-37.1391
Cc1c(N)oc(O)c1C,-66.0205
C1OC=N[C@@H]2[C@H]3N[C@@H]2[C@@H]13,67.7648
CC1(C)CCOC1(C)C,-70.9961
O[C@H]1C[C@@]2(C1)OC[C@H]2O,-82.3259
C[N]C1=N[N]OC=C1N,59.5375
Nc1c(F)c(F)ncc1,-75.7194
C[C@@]12CC(=O)[C@@H](O1)C=C2,-35.4317
CC(C)[C@@](C)(N)C(=O)O,-117.267
C[C@]12C[C@]1(COC2)C#C,35.6745
OC[C@]1(C[C@H]1C#N)C#N,41.1306
C[C@@H](O)[C@@H](O)[C@H]1CN1,-62.7096
C[C@H]1C[N][C]2[C@H]1[C@H]1CN21,91.9747
C[C@H]1[C@H]2O[C@]1(CO)C=C2,-14.1408
O=C[C@H]1[C@H]2[C@@H]3[C@H]2[C@H]2[C@@H]3[C@@H]12,61.9187
CC(=O)CC1OCCO1,-119.605
O=C1N[C@H]2[C@@H]3CN(C3)[C@@H]12,36.8223
C[C@@H](O)[C@H]1N[C@]1(C)C#N,3.3768
CO[C@H]1[C@H]2O[C@@H]3[C@H]2O[C@H]13,-32.8594
C[C@@]1(COC(=O)N)CO1,-119.7194
C[C@H]1CC=C(CO1)C#C,24.267
Cc1ncc(F)nc1O,-72.3881
C1[C@H]2C=C[C]3[C]2N1C=C3,129.9648
C[C@H]1C[C@H]1[C@H]1CN1C,39.7707
O=C1C[C@H]2C[C@H]3C[C@@]12O3,11.2493
CC#CC1(O)CN(C)C1,29.3503
CN(C)c1ncc(O)[nH]1,-13.2155
O[C@H]1[C@H]2COC[C@@H]1C=C2,-46.5479
O[C@H]1[C@H]2C[C@@H]1[C@]12CO1,13.5021
C[C@@](O)(C[C@H]1CO1)C#C,-5.9606
CN(C=O)[C@H]1C[C@H]1CO,-66.1816
OC[C@H]1C[C@H]2CN3[C@H]2[C@H]13,23.3187
[NH][CH]O[C@]12C[C@H]1C(=O)C2,-5.4992
C[C@H]1C(=O)[C@@]2(C)O[C@@]12C,-44.6397
O=C1C=C[C@H]2C[C@@H]12,10.5921
C[C@]12OC=N[C@H]1[C@H]2C#N,35.8062
O=C1C[C@H]2[C@H]3CCN1[C@@H]23,2.4413
C1CN2CCC[N][C]2O1,-22.4992
COC[C@@]1(O)C[C@H]2N[C@@H]12,-26.1785
C[C@H]1OC=N[C@H]1CC#C,29.0377
OCC#CC1CCCC1,3.8768
Nc1cn(CC#N)cc1,64.9274
CCC[C@H]1[C@@H](C)N1C,2.5206
CN1C[C@@H](O[CH][NH])C1=O,-46.0295
[NH][C]1O[CH]C=C([NH])C=N1,46.4679
C[C@H]1CN1CCC(=O)C,-25.172
CN[C@H]1[C@H]2CN2[C@H]1C#N,93.4986
CC1(C)N[C@]21C[C@@H](O)C2,-10.4293
C[C@]1(C[C@H]1O)[C@@H](O)C#C,-6.3754
O[C@H]1[C@H]2O[C@H]2C[C@]21CO2,-59.9478
C1CC1C#C[C@H]1CN1,102.8132
O=C[C@H]1[C@H]2OC[C@@H]3[C@H]2N13,12.2003
CCN(C)[C@@H](C)C(=O)O,-108.9764
C#C[C@H]1[C@H]2O[C@@H](C#N)[C@@H]12,116.0265
C[C@@]1(CO)COC(=O)C1,-135.8474
CCC[C@@H](NC)C#N,9.773
CO[C@@]1(C)OCC=C1C,-76.5246
[NH][C]1O[C@H]2CC[C@@H]1CO2,-64.5182
CC(C)N1N=NO[C@H]1[NH],23.7075
O=c1[nH]cnc(c1)C#N,20.9169
Oc1n[nH]c(c1)[C@H]1CN1,27.8975
CC[C@@H](NCC=O)C=O,-66.6792
C#C[C@H]1C[C@]1(C#C)C#N,172.9973
O=CNCC(=O)[C@H]1CN1,-49.5574
C[C@@]12[C@H]3[C@@H]1[C@@H]1[C@H]3[C@H]2C1=O,72.3171
C[C@@H](CO)[C@@H](O)C(=O)C,-140.568
C[C@H]1[C@@H](C#N)[C@H]2CN12,80.8112
OC[C@H]1C[C@]21CNC2=O,-40.4325
C1Cc2nccnc2C1,34.8109
O[C@]12C[C@H]1OC(=O)OC2,-130.0387
CC(=O)CC[C@H]1CO1,-66.0114
Nc1cocc1CC=O,-36.3632
CC(C)[C@H]1COC21CC2,-13.9995
C[C@H]1Cc2ncnn12,68.5651
CC[C@]12N[C@H]1[C@H]1C[C@@H]21,85.6365
C[C@H]1CN(C=O)[C@H]1C#C,33.3041
C[C@@]12C[C@@]3(O)[C@@H]1C[C@@]23C,26.8819
CC1(CC=O)CCCC1,-52.0818
C[C@@]12OC(=O)[C@]1(C)[C@H]2O,-84.7833
O[C@H]1CC(=O)C[C@H]2N[C@@H]12,-46.129
CNc1c(O)nn[nH]1,16.5808
O[C@@]12CO[C]1[N]CC2=O,-35.0097
C#C[C@@]12C[C@@H](CCC1)O2,38.1086
OC[C@H]1CCC(=O)CN1,-78.2235
CN(C)C(C)(C)C(=O)O,-107.3674
C[C@@]12[C@H]3C[C@@H]1[C@@H]1C[C@H]3N21,97.1318
CNC(=O)NC(=O)OC,-145.6553
C[C@H]1COC[C@]21CN2,-11.3129
CC[C@@](O)(C#C)[C@H]1CN1,35.3763
CCOCC[C@@H](N)C#N,-26.7906
C[C@@]12O[C@@]3(C)[C@@H]1N[C@@]23C,47.7075
Fc1cnc(F)cn1,-65.5808
CO[C@H]1[C@H]2O[C@H]2[C@]1(C)O,-70.1503
CC[N][C][N]C=O.N#N,-8.8817
C[C@@]12C[C@H]3C[C@@H]1[C@@H]23,62.3831
CC1=C[C@@H]2C[C@H]1OC2=O,-51.149
O=c1oc2c(o1)cn[nH]2,-46.993
CN1[C@H]2C=CNC(=O)[C@@H]12,10.4468
C[C@@H](CO)[C@@H](C=O)C#C,-24.0078
O=Cc1c(nco1)C#N,1.3132
C[C@@H](CN1CC1)C(=O)N,-28.2835
C[C@@H](O)Cc1n[nH]cc1,-18.9312
CC[C@H]1CCN[C@H]1C#N,20.8428
CC[C@H]1O[C@@H]2[C@H]3O[C@@H]2[C@@H]13,-5.4097
[NH][C]1O[C@H]2[C@H]3C=CN1[C@@H]23,59.0046
O=CNCCCNC=O,-95.6874
Nc1n[nH]c(=O)nc1F,-46.7467
O[C@H]1C[C@@H](C#N)C21CC2,24.9545
[nH]1cc2cncnc2n1,76.7737
C[C@@]12CC[C@@H](O1)OCC2,-89.1821
OCC1=C[C@H]2O[C@H]2C1,-28.8109
OC[C@H]1OCC(=O)C=C1,-92.0141
CC1(CC1)[C]([NH])OC=O,-53.4395
O[C@H]1C[C@H]2CCN2C1=O,-57.6878
Oc1nc(c[nH]1)C#N,13.634
CC[C@H]1O[C@@H](C)C1(C)C,-59.4443
OC[C@@H](O)[C@H]1[C@@H](O)[C@H]1O,-138.7081
Fc1nccc(=O)[nH]1,-70.8558
C[C@H]1[C@H]2C[C@@H]1[C@H]1O[C@@H]21,24.2965
CCCC#CC[C@@H](C)O,-22.0586
CN1CCOC(=C[CH]1)[NH],-9.3592
CCCN=COCCO,-85.7441
CC[C@H]1[C@H]2[C@@H](C)[C@H]2C1=O,-7.0626
C#C[C@H]1C[C@H]2N[C@@H]12,116.3152
COCC(C)(C)[C@H]1CO1,-73.6103
C#CCNc1n[nH]cc1,101.375
NC(=O)Nc1c[nH]cc1,-22.9602
CCC[C@H]1OCC=C1C,-45.1334
CCC[C@H]1[C@H]2CCC[C@@H]12,-2.9334
C[C@H]1CC(=O)[C@]1(C)O,-73.3595
O=CC[C@H]1C[C@H]1C#C,43.0589
C[C@H]1[C@H]2C[C@@H]3[C@H]2O[C@H]13,20.9017
O[C@@]12C[C@@H](C1)[C@H]2C#N,43.3247
C[C@H]1N[C@H]1C#C[C@H]1CN1,110.5414
OCC(=O)N1C[C@H]1C=O,-77.3357
C1C[C@@]23[C@H]4C[C@@H]2[C@H](C4)[C@@H]13,92.6027
Cc1c[nH]c(C=O)c1N,-17.8997
C[C@@H](O)[C@H]1[C@H]2CC[C@@]12C,-17.7458
[NH][C]1OCC[C@H]1N1CC1,5.344
CC#CC#CCN1CC1,127.6462
CC#C[C@H]1COC(=O)C1,-38.1162
CO[C@H]1C[C@H]1C=O,-50.5101
C[C@@]1(O)[C@H]2[C@@H]3O[C@]3(C)[C@@H]12,-10.7353
C1[C@H]2[C@@H]3CN2CCN13,82.7271
O=CCOC=O,-106.9365
COc1ncncc1C,-20.8929
O[C@H]1[C@H]2N(C[C@@]12O)C=O,-58.5788
NC(=O)[C@H]1C[C@H]2C[C@H]2C1,-30.6804
CC1(CCCCC1)C#N,-1.8225
C[C@H]1[C@H]2C[C@@H]1[C@@H](O)C2,-23.3985
OC[C@]12C[C@H]1[C@H]1C[C@@H]2C1,19.0199
CC#C[C@@H](C#N)[C@H]1CN1,111.0471
o1ccnc1,-7.2942
CC(C)(C)N(C=O)C=O,-90.0665
O=C1N2C[C@H]2C[C@]21CN2,31.4796
[NH][CH]O[C@H]1[C@H]2N[C@H]2C1=O,16.6108
CC(=O)[C@H]1CC(=O)CN1,-67.6878
[NH][C]1O[C@H]2[C@@H](C3CC3)[C@@H]12,47.6879
O=CC[C@@]12O[C@H]3C[C@@H]1[C@@H]23,16.6239
OCC[C@H]1O[C@H]2C[C@H]2O1,-87.0862
Cn1cccc1N(=O)=O,9.5005
O[C@H]1C[C@@]2(C[C@H]1C2)C#C,41.4413
C[C@@H](O)C(=O)[C@@H](C)CO,-139.271
C[C@H]1[C@H]2OC[C@@H]3C[C@H]2[C@H]13,8.3604
C[C@H]1NC(=O)CCC1=O,-87.4072
C[C@@]1(CO)[C@H]2O[C]([NH])[C@@H]12,-19.5609
C[C@H]1N=CN(C=O)C1=O,-62.4064
CC[C@@H](O)[C@@]1(CO)CO1,-114.6996
CCCOC(=O)C1CC1,-90.3379
CC[C@H]1[C@@H](C)N1C1CC1,33.0765
OC[C@]12C[C@H]1C[C]([NH])O2,-44.4963
CN=C1C[C@@H](O1)C(C)C,-34.6556
CC[C@H]1CCC(=C1)CC,-16.4908
Cc1nc(C)c(CO)o1,-71.5432
C[C@@]12C[C@H]3OC[C@@H]1C[C@@H]23,3.548
C[C@]1(O[C@H]1C#N)C1CC1,30.629
OC[C@H]1NC21CC(=O)C2,-24.8144
C[C@@]1(O)C[C@H]2O[C]([NH])[C@@H]12,-33.9503
C[C@H]1Cc2cocc2N1,2.3277
CC(C)(O)CCCC=O,-104.9305
O=CC#CC1=CCCC1,37.4527
CC#CCn1nccn1,99.1636
C1CNc2c(C1)ocn2,-6.474
CCn1cc(N)c(N)c1,22.7922
CC#C[C@@H](C)[C@@H](C)C#C,81.7688
C1[C@H]2C[C@]3(CC=CC3)[C@@H]12,61.6395
CC[C@H]1O[C@H]1COC,-69.5786
C[C@H]1C[C@H]2CC[C@H]2C1=O,-27.2815
O=C[C@@]12CN3C[C@@H](N1)[C@@H]23,65.9814
CC[C@@H](C)NC(=O)CC,-86.312
Cn1cc(O[CH][NH])cn1,19.2655
CC[C@@H](O)[C@]12CC[C@H]1O2,-46.9137
NC(=O)C[C@H]1O[C@H]1C#C,-4.2624
NC1=C(OC=C([N]1)O)[NH],-38.0455
C[C@H]1[C@H]2C[C@H]3[C@@H](O)[C@@H]1N23,29.8328
CN1C[C@@H]([C@H]2CO2)C1=O,-39.8558
C[C@@H]1C(=C([NH])OC=N1)C,-10.9431
C[C@]12N=CO[C@H]1[C@H]2C=O,-22.3579
C1CC1[C@H]1O[C@@H]2C[C@H]1C2,13.3748
C1C[C@H]2[C@H]3[C@H]4[C@@H]1[C@H]4[C@@H]23,86.4782
C[C@@]12CO[C@H]3[C@@H]1CC[C@@H]23,-9.1208
CN=C1CC=C[C@@H](C)O1,-18.4515
C[C@@]1(O)C[C@H]1[C@@H](O)C#N,-35.2913
CC1(C)[C@H]2[C@@H]3[C@H]2[C@H]1[C@H]3O,22.4492
C[C@]12CC[C@H]1COC2=O,-73.5252
C[C@@](O)(C#C)C1(O)CC1,-9.218
CC[C@H]1C[C@]21C[C]([NH])O2,0.0356
O[C@@H](C=O)[C@@H](C=O)C#C,-40.3031
C[C@H]1O[C@]1(C)C#C,28.5346
C[C@]12C[C@H]1C[C@@H](N2)C#N,53.2203
Cc1c[nH]c(OC=O)c1,-55.3667
OCCCC#C,3.2868
[NH]C1=C[C@H](N=CN1)C#N,78.3356
COC[C@]12CN1CC2,12.4703
O[C@H]1C[C@]1(CC#N)C#C,67.6777
CC(C)NC(=O)CC#C,-12.46
CC[C@@]1(N)[C@@H](N)[C@H]1C#N,41.4468
OC[C@]12COC[C@H]1CO2,-91.4015
OCC1(CO)COC1=O,-150.4282
CC[C@@]12CC(=O)[C@]1(C)N2,2.0292
CCC[C@@H](O)[C@@H](O)C=O,-135.9985
NC(=O)N1CCC=C1,-31.1979
C[C@]1(CCCO1)C(=O)N,-100.5189
CC(=NO)[C@H]1OCC=C1,-18.4916
C[C@H]1O[C@H]1[C@H]1OC[C@H]1C,-45.8212
CC(CO)(CO)O[CH][NH],-116.5303
COC(CN)(CN)C#N,-9.9053
C1[C@H]2O[C@]31C=CCO[C@@H]23,31.4332
C[C@H]1C[C@@H](O)[C@]1(C)O,-85.7496
C1CN2C[C@H]3OC[C@@H]2[C@@H]13,-6.532
CCOC(=NCC=O)N,-76.4762
C[C@H]1OCC=CC1=O,-57.6324
CC(C)N1CCNC1=O,-63.4284
COCC[C@H]1[C@@H](C)[C@H]1C,-44.1374
CC[C@]12CC[C@H]1[C]([NH])O2,-4.9626
C[C@H]1O[C@]1(CC#C)C=O,6.1678
CN1C[C@H]2O[C@H]2C(=O)C1,-35.5994
Nc1ncc(F)[nH]c1=O,-66.7075
C[C@@H](CC#C)[C@H]1CN1C,71.4179
O[C@H]1[C@H]2O[C@@H]3[C@H]2CO[C@H]13,-63.9287
C#CC1=CCC[C@]21CO2,60.4271
Cc1cc(ncn1)C#N,62.2415
O[C@H]1C=CCO[C]1[NH],-45.8229
C1Cc2c(ocn2)C=C1,7.6476
CCOC[C@@H](C)CO,-108.0154
CN1C[C@@]23N[C@@H](C=C2)[C@@H]13,159.6321
CNC(=O)[C@H]1[C@H]2C[C@@H]1O2,-13.3599
CCC[C@@H](C)C#N,-4.1852
OCC1=C(OC=CC1)[NH],-36.8389
C[C@@]12[C@H]3[C@H]4[C@@H]1[C@@H](N23)C4=O,86.0731
O=C(C#C)c1cnco1,25.6439
C[C@H]1C[C@]21CO[C]([NH])C2,-14.6344
O=C(CC#CC#C)C#C,138.2493
C[C@H]1COC(=NC1)C,-46.4855
Cn1cnc2c1cco2,21.5002
C[C@@]1(C=O)[C@H]2[C@@H]3C[C@H]2[C@H]13,56.4181
OCCCCO[CH][NH],-79.3825
NC1=CC(=O)CNC1,-17.1366
CC(=NO)[C@H]1CCO1,-24.955
CO[C@H]1[C@H]2N[C@H]2[C@H]1C=O,-5.8417
NC(=O)Nc1conc1,-31.163
OC[C@@]1(C#N)[C@H]2CO[C@@H]12,10.7119
Nc1cc(O[CH][NH])co1,-23.8867
CCO[C@@]12C[C@H]3O[C@@H]1[C@@H]23,5.8667
CC#C[C@@H](C)OC=O,-41.2186
CO[C@H]1CN2[C@@H](CO)[C@@H]12,-20.0615
OC[C@@]12CC[C@@H](CO1)O2,-112.804
CC#CC#C[C@@]1(C)CN1,117.8652
O[C@H]1C[C]2[CH][C@H]3O[C@H]3[C@@H]12,7.4303
C1CC21C[N][C]1OC[C@@H]21,43.5959
C[C@@H](CO)C1(O)COC1,-109.3049
[NH][CH]O[C@H]1[C@H]2CC=C[C@@H]12,25.5625
C[C@H]1[C@H]2CCOC=N[C@@H]12,-2.0164
C[C@@](O)(C#N)[C@H]1CN1,13.5492
O=c1cc[nH]cc1C#C,48.7851
C[C@]12C[C@H]1O[C]([NH])C2=O,-30.0536
O=Cc1cnccn1,17.1408
C[C@@]12N[C@@]3(C)[C@@H]1O[C@@H]23,61.5847
OC[C@H]1[C@H]2CCOC[C@@H]12,-58.0325
C[C@@H](OC(=O)N)C#C,-46.03
CCc1noc(CN)n1,-4.9506
O=C1OC[C@]21O[C@H]2C#C,-4.8546
C[C@]1(CN=C(N)O1)C#C,24.7935
C1[C@H]2[CH][C]3CO[C@H]3CN12,52.7318
C1C[C@@]23O[C@@H]2CC=C[C@@H]13,21.0962
C[C@H]1O[C@@H]2C[C@H]1[C@@H](C)O2,-82.9559
OC[C@H]1[C@H]2O[C@H]3C[C@H]3[C@@H]12,-12.1567
C[C@@]12[C@H]3N1C[C]2[CH]C3=O,99.0814
CC1=CC[C@H]2O[C@@]12C=O,-25.8804
C[C]1C=C([NH])NC1=O,-18.7513
OC[C@H]1N[C@H]1C(=O)C=O,-64.3582
CN=CO[C@@H](CO)C=O,-96.4922
C1CC21C[C@H]1N[C@@H]21,79.9192
C[C@H]1C[C@@H]2C[C@@H](O2)[C@H]1C,-34.4526
C[C@@H](CC=O)C(=O)CO,-120.4239
O=C(C#N)[C@H]1CCC=C1,21.2985
CC1(C)C[CH][C]2CC[C@@H]12,31.0643
OC1(COC1)C#CC=O,-20.315
CO[C@H]1[C@H]2CO[C@@]12C#N,14.1506
N#Cc1c[nH]cc1C#N,86.6559
CN=COc1conc1,0.967
CCC[C@@]12C[C@@H](C1)CO2,-27.9999
C[C@@]12C[C@H]3C[C@@H]1O[C@H]3O2,-47.385
CNC1=C(N)O[C@H]([NH])O1,-41.5099
CCCc1ncco1,-29.9269
CCN=C1NCCC1=O,-21.5529
CC1=NO[N]N=C1[NH],85.1674
CC#C[C@]12N[C@H]1CC2=O,74.5633
O[C@H]1C=C[C@H]2CN2[C]1[NH],33.0076
C[C@@]1(O)C[C@@H](C1)OC=O,-115.2356
OC[C@H]1CC(=NO)[C@H]1O,-59.604
CC1=CCC[C@H]1CCO,-43.426
CCCC[C@H]1CO[C]1[NH],-35.4977
O[C@H]1[C@H]2[C@H]3[C@H]4O[C@@H]1[C@H]4N23,22.3773
CN(C)C1=CC(=O)CC1,-32.9815
O=C[C@]12O[C@H]1COC2=O,-105.8376
NC(=O)[C@H]1C[C@H]1OC=O,-100.1865
CC(=O)OCC#CC#N,-6.0936
O=C1CCC(=O)C21CN2,-34.7932
N[C@@](CO)(C#N)C1CC1,7.5008
CO[C@]1(OCC=C1)C=O,-80.3173
Cc1c(C)cc(o1)C#C,28.9757
C[C@H]1[C@@H](C#N)C21COC2,31.1568
C[C@H]1CC(=O)N1CCO,-81.095
OCC1=C[C@H]2CO[C@@H]1O2,-69.1502
[NH][C]1OC=NC=N[C]1[NH],46.4407
CC(=O)OC[C@@H](N)C#N,-63.9431
C[C@H]1O[C@H]2[C@@H](CO)N[C@@H]12,-34.4817
C[C@H]1C[C@]2(CC2(C)C)O1,-23.0953
CC[C@@](C)(C#N)C#CC,56.3707
CC#CCNC=O,2.1777
CN1C[C@H]1C1(CC1)C=O,20.146
CCN1C[C@]21C[C@@H](O)C2,-3.0893
CNC(=O)[C@H]1C[C@@H](C)C1,-49.3675
CO[C@H]1C[C@]1(N)C(=O)O,-108.8968
N#CC[C@@]12C[C@@H](C1)OC2,21.2365
C[C@H]1C[C@@](O)(CO)C=C1,-77.1364
C[C@H]1[C@@H](C)[C@]21CN1C[C@@H]21,67.4934
C1O[C@@]23COC[C@@H]2N[C@@H]13,-10.1953
O=CNC(=O)OC1CC1,-105.2944
Cc1ccc(N)nc1O,-35.4173
C1CC21C[C@H]1CCO[C@@H]21,0.081
CC[C@H]1[C@H]2O[C@@H]1[C@]12CO1,18.5643
O=C[C@]1(NCC=C1)C#N,38.1255
N#C[C@]12N[C@H]1C[C@]12CN1,125.5335
O=C1NC[C@H]1[C@H]1CCO1,-42.1732
C[C@]12C[C@H]1C[C@H]1OC[C@@H]21,-1.324
C[C@H]1CCO[C@H]1CC#N,-22.6464
CC(C)[C@@H](C)N(C)C=O,-75.1888
O=C[C@H]1C[C@H]2CO[C@@H]1O2,-92.4659
O[C@H]1C[C@]21OC[C@H]2C#N,3.7239
CO[C@]12[C@H]3CN([C@@H]13)C2=O,25.7878
OC[C@]1(CO1)C#C,5.8834
O[C@H]1CCOCC[C@H]1O,-127.2046
C[C@]12C[C@H]1[C@@H](O)CO2,-57.7791
CCCC[C@@H](C)O,-80.9755
CN(C=N)c1conc1,33.414
Nc1c([nH]cn1)N(=O)=O,7.8528
O[C@H]1C[C@@]2(O)C[C@H]2C1=O,-87.4709
OC1=N[C]2N([CH]1)[C@H]1C[C@@H]21,63.1807
C1[C@H]2[C@H]3[C@H]4N[C@H]4[CH][C]1[C@@H]23,145.1594
Nc1c[nH]cc(N)c1=O,-14.7562
C1CC1C1COC1,-0.9237
Nc1nc2c([nH]cn2)o1,30.3884
Nc1c(CCO)cno1,-37.683
C1O[C@@]23[C@H]4[C@@H]2[C@@H]2[C@H]4[C@]32O1,102.833
CCOc1n[nH]cn1,-11.9863
C[C@H]1N[C@]21CC(=O)[C@H]2O,-26.7145
CC(C)CC1(CO)CC1,-48.5771
O=C=NC(=O)C#N.N#N,-17.8384
O[C@H]1[C@@H](O)[C@]21CC(=O)N2,-68.2456
CC1(CC(=O)N)CCC1,-49.9593
COc1c(O)cc(O)[nH]1,-82.9193
OC[C@H]1O[C@]21C[C@H]1O[C@@H]21,-34.619
CC[C@]12CN1[C@H]1[C@@H](C)[C@@H]21,86.1436
C[C@H]1[C@@H](O[C]1[NH])C=O,-42.3258
O=CC1=CCC=CC=C1,15.8149
CC1CC(=O)NC(=O)C1,-104.0513
CC[C@H]1CO[C@H]1[C@@H](C)O,-85.9942
C[C@H]1N=C(N[C]1[NH])C#N,64.3222
OCC[C@H]1[C@H]2C[C@@H]1C=C2,18.8065
CN1C=CNC(=O)[C]1[NH],-12.895
CN=C(NCC=O)C#N,16.3369
C[C@H]1[C@H]2C[C@@]1(C2)C=O,19.3354
C1[C@H]2O[C@@H]1[C@]12OCC=C1,21.7425
O=C1OC[C@H]2CCC=C12,-56.4257
OC1(COCC=O)CC1,-89.6702
C[C@]1(N[C]([NH])[C@H]1O)C=O,-36.1438
CN=CN1CCOC1=O,-66.5353
CO[C@H]1CC[C@H]2C[C@@H]12,-24.2312
CCOCCOC,-96.7178
CO[C@H]1C[C@@H](O)[C@H]1CO,-109.2465
C[C@]12O[C@H]1[C@]1(CN1)[C@H]2O,0.5759
C[C@@H](O)[C@]1(CCO1)C=O,-99.268
C[C@H]1O[C@@H]2[C@H]3N[C@@H]2[C@H]3O1,-2.5027
O=C1NC[C@H]2[C@H]3C[C@H]3N12,20.1562
C#CC[C@H]1[C@H]2CC[C@@H]1O2,49.3366
COC1(CC1)[C@H]1CN1C,13.9193
CN1[C@H]2[C@H]3OC(=O)[C@@H]1[C@@H]23,-7.6415
Nc1c(OC=O)nno1,-44.3463
CC1(C)C[C@H]2N[C@@]12C#C,96.7214
CC[C@H]1CCCOCO1,-98.2319
CC1(C)C(=O)C=CC1=O,-59.9686
OC[C@H]1C[C@H]2C[C@@]2(O)C1,-62.6378
CC1=C[C@@H]2N[C@H]1[C@]2(C)O,20.3286
CN1[C@H]2CC=C[C@@]12C#C,114.7829
CC1=N[C@@H](C)N=C([NH])O1,-11.9838
O=C(C#N)[C@H]1N[C@H]2C[C@@H]12,70.5514
O[C@H]1C[C@@H]2C[C@H]1N1C[C@@H]21,3.3908
C[C@@H](O)C1=NCC(=O)O1,-112.8339
OC[C@@]12C[C@H]3C=C[C@@H]1N23,45.6962
O=C1C[C@@H]2O[C@H]1[C@H]1O[C@@H]21,-54.412
[NH][C]1OC[C@H]2CN2C=C1,30.3809
C[C@]1(CC[C@H]1N)C(=O)O,-82.9173
CC(=O)C[C@@H](O)CC#N,-63.971
C#C[C@H]1[C@H]2C[C@@H]1OC2,56.0346
OC1(CC1)[C@]12CC[C@H]1N2,29.4306
NC(=O)[C@@]12C[C@H]3[C@@H]1O[C@@H]23,19.2956
NC(=O)C(=O)CO,-118.3975
COC(C)(C)C(=O)N,-107.1121
O=C[C@H]1OC[C@@H](O1)C#C,-31.9879
O=C1[C@H]2O[C@@H]3[C@H]2OC[C@H]13,-47.6261
CCO[C@H]1[C@@H](C)[C@H]1C,-43.6613
CC[C@]1(C[C@H]2N[C@@H]12)OC,5.6061
N#C[C@H]1C[C@H]2CCN12,83.2905
O[C@]12C[C@]1(OC2)[C@H]1CO1,-32.8023
[NH][C]1O[C@@H](C#N)[C@]21CO2,26.0673
C[C@]12[C@H]3CC[C@H]([C@@H]13)[C@H]2O,-3.802
C[C@H]1CCCOC1=O,-99.2129
C[C@H]1C[C@@H](C1)OC=O,-76.3427
CN=C(N)NC(=O)CO,-86.7977
CCNc1noc(N)n1,-7.2356
CO[C@@H](C#C)C(F)(F)F,-151.0923
CC[C@@]1(C)C[C]([NH])O1,-37.3728
C1[C@H]2O[C@@H]1c1c2[nH]nc1,75.9135
CCOc1cnc(O)[nH]1,-60.1837
CC[C@H]1[C@H]2[C@H]3C[C@H]3[C@@]12C,72.0444
ON=C1CNC(=O)NC1,-41.0374
CC(C)c1ccc(C)[nH]1,-4.2435
Nc1n[nH]c(n1)[C@H]1CO1,23.1778
CN1C[C@@H]2[C@H]3[C@@H]2C(=O)[C@@H]13,28.1472
NC1=NN[C@@H]([NH])N=C1F,9.4559
C[C@@]12[C@H]3OC[C@@H]1C=C[C@@H]23,16.7607
O[C@@]12[C@H]3[C@H]4[N][C]1O[C@@H]2[C@@H]34,94.1404
C1[C@H]2[C@@H]1[C@H]1COC[C@@H]2O1,-34.0021
CC#C[C@]1(N[C@H]1C)C#C,130.999
CC(C)C[C@@H](C)CC=O,-71.7585
N#C[C@H]1[C@H]2CO[C@@H]1C=C2,36.0556
CCC[C@H]1O[C@H]1CCC,-54.1694
O[C@H]1[C@H]2NC=N[C@@]12C#N,50.3692
C[C@H]1CC[C@H]2OC=N[C@@H]12,-32.8554
Cn1cccc1C(=O)C,-24.5096
OC[C@H]1CCCC1=O,-88.9468
CC1=NOC(=C([NH])N1)[NH],28.1188
CN=CNC(=O)C#C,35.7033
CO[C@H]1OCCC=C1C,-73.2967
Cc1c(C#C)c(O)c[nH]1,33.6667
C[C@H]1[C@@H]2N[C@]2(C)[C@]21CN2,72.6268
CC(C)CC#C[C@H]1CN1,59.5573
C[C@H]1[C@H]2C[C@H]3O[C@H]3CN12,18.3601
C[C@H]1[C@@H](C)[C@@H]2[C@H]1O[C]2[NH],-1.333
CC1(C)OC(=O)[C@]1(C)N,-88.5875
Cc1c(F)cnoc1=O,-74.4836
C[N]C1=C[C@H](C=NN1)F,10.1938
O[C@H]1CC[C@]21C[C@H]1CN21,31.2008
O=C[C@H]1C[C@H]2CC[C@@H]1O2,-61.4124
C[C@H]1C[C@@H](CCC=O)O1,-70.2664
CC(=O)c1c(O)[nH]cn1,-65.6368
C[C@@]12C[C@H]3N(C1)[C@@]23C#C,135.8327
O[C@@]12CN(C1)C[C@H]2C=O,-23.3128
CO[C@H]1C[C@H]2CO[C@@H]1C2,-68.7146
NC(=O)NCCCC=O,-95.0379
O[C@H]1COC(=O)[C@@H](O)C1,-163.6523
CC(C)[C@H]1[C@H]2COC[C@@H]12,-32.0674
CC[C@@]1(C)C[C@H]1C(=O)N,-52.8885
Cc1c(O)cnnc1F,-45.6794
C[C@H]1N[C@H]1[C@H]1[C@H]2CN1C2,104.6323
CC[C@H]1CN(C=O)C1=O,-72.7693
Cc1c(C=O)c(N)c[nH]1,-17.008
Cn1cccc(N)c1=O,-27.9624
COc1c[nH]c(O)c1N,-46.0095
C[C@H]1[C@@H](O)C[C@]1(C)O,-84.8328
C[C@@H](O)[C@]12C[C@H]1NC2=O,-37.9601
O=C[C@@H](CC1CC1)C#N,13.3631
CC(C)[C@H]1COC[C@H]1O,-96.9449
CCC[C@@H](C)[C@@H](C)C#N,-13.3334
CN1CC(=O)[C@H]2C[C@@H]12,-2.6032
O=C1CO[C@@H](O1)C#C,-49.4962
O=C1CN2C[C@H]2CCN1,-5.8269
C[C@H]1COC(=C[CH]N1)[NH],-14.4012
O=C1[C@H]2[C@H]3O[C@@H]1CO[C@@H]23,-55.2968
Nc1ccnc(=O)cc1,17.2972
COC[C@@H](C)CO,-99.6188
OCCC[C@]1(CO1)C=O,-93.274
OC[C@@H](CNC=O)C=O,-119.5864
C[C@H]1CO[C@H]1C(=O)N,-75.3402
COCCN1C[C@H]1CO,-52.5181
C[C@H]1[C@H]2[C@@H](O)[C@@H](CO)N12,-24.8978
C[C@@H](C#N)[C@H]1N[C@H]1C#N,84.9625
Nc1c[nH]c2c1nn[nH]2,95.7137
C#CCCc1ccno1,63.0548
CC1=C[C@@H](NC1)C(=O)O,-73.2619
C[C@H]1[C@H]2O[C@@H](C)[C@@]12C,-9.1139
C[C@@]12OCC[C@H]3[C@@H]1O[C@@H]23,-9.7809
C[C@H]1C[C@@H](N1C)C(=O)O,-79.4949
CC1=C[C@H]2[C@H]3CC[C@@H]1[C@@H]23,40.2245
OCC#CCCCC#N,31.2917
C[C@]12[C@H]3C[C@H](N13)[C@]2(C)O,26.4543
C[C@H]1C=C(CO)CC1=O,-64.7809
CC[C@H]1[C@H]2C[C@H]2C1=O,-2.8477
CC#C[C@]12CN1CCC2,76.3732
C[C@@]1(O)[C@@H](O)CC[C@H]1O,-133.2488
OCCn1nnc(O)n1,-21.8603
COC=N[C@@H](C)C#N,-3.0723
C#CCCC#CC#N,133.7692
CC(=NO)C(C)(C)CO,-65.5439
CC(=O)[C@H]1[C@H]2N[C@H]2[C@H]1O,-22.9263
CC[C@@]12C[C@@H](C)[C@]1(C)O2,-25.2652
CC(=O)[C@@]1(C)C[C@H]2O[C@@H]12,-33.588
C[C@@H](CNC(=O)N)C#N,-37.7147
C1N2[C@@H]3[C@H]4[C@@H]5O[C@@]1([C@H]35)[C@@H]24,145.5792
C1N=COc2cocc12,-14.1238
N[C@@H](CCC#N)C(=O)O,-70.4121
N#CCCCC1COC1,-2.7907
OCCCC(=O)[C@H]1CO1,-95.6102
O=Cc1ncc[nH]c1=O,-31.1541
CC[C@H]1COC[C@]1(C)O,-98.5168
C1Cc2c(N1)cno2,38.3589
C[C@H]1OCOC(=O)[C@H]1O,-164.913
C[C@H]1OC[C@@H]2[C@H]3C[C@@H]2[C@@H]13,15.0157
OC1(CC1)[C@H]1[C@H]2CC[C@@H]12,27.4059
CC#C[C@H]1[C@@H](C)[C@]1(C)O,9.5451
N#C[C@]1(CO1)C1CC1,38.8675
CC#CC(=O)[C@@H](C)C#C,65.0939
C[C@H]1C[C@]21[C@H]1[C@@H]3CN1[C@H]23,129.7165
C[C@H]1NC(=O)[C@@H](O)C1=O,-114.7246
C#C[C@H]1N=CN2C[C@@H]12,124.0847
C1O[C@H]2[C@@H]1n1ncnc21,79.6494
C[C@H]1[C@@H]2N1CC[C@]2(C)O,-19.1209
CN=CNC(=O)[C@H]1CN1,-6.1805
[NH][C]1CCOCO1,-66.3155
O[C@H]1C[C@H]1[C@H]1[C@H]2CCN12,41.3865
C[C@@H](O[CH][NH])[C@H]1C[C@H]1O,-53.2825
CC[C@]12C[C@H]1OC=N2,-3.7949
C[C@H]1C[C@]21C[C@H]1CN1C2,46.5428
C[C@]1(CCCC=C1)C#N,28.5745
C[C@H]1CN2[C@H]1[C@@H](O)C2=O,-30.0711
[NH][CH]N1[C]([NH])COC1=O,-47.6439
NC(=O)OCC(=O)C#C,-65.6761
C[C@@]12CC(=O)[C@@H](CO1)O2,-102.7295
C[C@H]1C[C@@]2(O)C[C@H]2C=C1,-10.4931
CC#CC[C@@H](C)[C@H]1CO1,17.7944
O[C@H]1[C@H]2C[C@]1(O)COC2,-95.3793
O[C@@]12[C@H]3CN4C[C@@H]1[C@H]4[C@@H]23,58.621
CC(=O)C[C@]1(CO1)C#C,4.1252
C[C@H]1O[C@]1(C)C1(C)CC1,-22.7966
C[C@H]1C[C@H]1O[C@H]1C[C@H]1O,-36.6194
C#CCO[C@H]1[C@H]2CC[C@@H]12,67.6285
CCCNC(=O)CC#C,-10.5179
OC[C@H]1N[CH][N][C@H]1C#C,43.7751
CC(C)[C@@H](O)C1(C)CC1,-53.2275
C[C@]12CN1C[C@]2(C)O,-0.8712
CN1CN=C([NH])C(=C1)C,32.5762
C[C@H]1[C@@H](O)[C@H]1NC(=O)C,-76.7815
C1O[C@H]1[C@]12COC[C@H]1O2,-52.5438
CC(C)CC(C)(C)C#N,-13.5123
COCC(=O)C(C)C,-93.7158
O=C1O[C@H]2[C@@H](O[C@@H]12)C#C,-2.3615
OC[C@H]1[C@@H](O)[C@H]1C1CC1,-42.3573
C[C@@]12N[C@@H]([C@H]1O)[C@H]2C#N,52.0105
C[C@]1(CCC[C@H]1O)C#C,2.1844
CCN(C=N)C=O,-30.4662
C[C@H]1O[C@@](C)(CO)[C@H]1C,-89.7624
O=C1NC[C@H]2OC[C@H]2N1,-57.1101
COC1(CCC1)C(=O)C,-69.7117
Cc1ncc(F)nc1F,-77.6816
CCC#C[C@@]1(C)C[C@H]1O,13.0554
C1[C@H]2C[C@]3(CCO3)C[C@@H]12,-2.2232
C[C@H]1Cn2ccnc12,56.9301
C[C@H]1C(=O)CC=C1C#N,7.0967
NC(=N)C(=O)C[C@H]1CO1,-37.6121
CC(=O)C(O)C(=O)C,-122.8449
O[C@]12C[C@H]1N1[C@@H](C=O)[C@@H]21,47.8699
C[C@]12C[C@@H]3[C@H]1N2C3(C)C,61.1412
Nc1nc2cocc2o1,-11.7979
CC[C@@]12[C@H]3C[C@@H]1C[C@@H]23,57.1905
OCCNC(=O)CO,-137.2652
O[C@@H](CNC=O)[C@H]1CN1,-57.0127
O[C@H]1[C@@]23CC[C@@]12CCC3,8.3315
C[C@H]1CN1c1c[nH]nn1,82.3249
CC#CC1=CC[C@H]2C[C@@H]12,84.6213
CCCN1C[C@H]1C#N,46.5719
o1nc2cncnc2n1,89.2411
C1[C@H]2[C@@H]1[C]1[N]C=NN21,120.4104
O[C@]12C[C@H]1N1CC=C[C@@H]21,47.7374
C[C@@]1(O)[C@H]2C[C@@H]1[C@H]2C#C,69.3573
C[C@H]1[C@H]2O[C@@H](CO)[C@@H]12,-32.919
CC[C@H]1[C@H]2[C@@H]3C[C@@]2(C)[C@H]13,65.731
CC(C)(C)COC=O,-111.0614
CO[C@H]1[C@H]2C[C@@H]1[N][CH]O2,-27.9796
CC#CC[C@@H](C)C(=O)N,-17.9947
CC[C@H]1[C@H]2C[C@H]3O[C@@H]1[C@@H]23,18.2223
C[C@]12CN1[C@@]1(CO)C[C@@H]21,49.157
N[C@]12CO[C@H]1CO[C]2[NH],-34.8963
C1[C@H]2CC[C@@H]3O[C@H]2[C@H]13,8.4098
ON=C1[C@H]2CO[C@@H]1C=C2,18.4202
C[C@H]1[C@@H](CO)[C@]1(O)C=O,-102.4564
CC1(C)N=CO[C@H]1C#N,1.5543
CN(C=O)[C@H]1[C@H]2CO[C@@H]12,-22.6765
C[C@H]1O[C@]21CCO[C]2[NH],-46.3186
CC1=C[C@@]2(C)C[C@H]2CC1,13.8523
CCc1nonc1,23.6966
Fc1nccnc1C#N,24.079
CC[C@H]1C[C@H]2CCO[C@@H]12,-36.1349
CCn1c(N)ccc1N,19.8417
O=C1C=CC[C@H]1C#N,15.482
C[C@H]1O[C@H]2C(C)(C)[C@@]12C,-14.3547
O=C[C@H]1C[C@@H](C1)[C@H]1CO1,-28.0151
CC1(C)CC(C)(O)C1,-56.1205
COC(=O)C(=O)C#C,-49.7704
Nc1c(C=O)nc(O)[nH]1,-45.9816
CN(C)c1nocc1,10.465
O[C@H]1CC2(CC2)NC1=O,-61.594
C1OCC21C[C@H]1O[C@@H]21,2.6738
C#CCCc1conn1,78.3451
Cc1c(CCO)[nH]nn1,-1.9461
O=C[C@]12C[C@H]1CNC2=O,-48.1027
OCC(=O)[C@@H](O)[C@H]1CO1,-129.4989
NC1=N[C@H]2C[C@H]2OC1=O,-34.555
OC[C@H]1[C@H]2N[C@@H]1[C@H]2C#N,65.9833
C[C@H]1CC2(COC2)[C@H]1O,-46.7863
CC#C[C@H]1C[C@H]1[C@H]1CO1,53.7242
C[C@]12O[C@H]1C[C@H]1O[C@@]21C,-33.63
C1[C@H]2C[C@H]3O[C@H]3C[C@@H]1O2,-33.6413
CN1C[C@]1(C)CC=O,-13.3285
C[C@]12C[C@H]1OC(C)(C)C2,-37.5832
Nc1ccc(F)c(N)n1,-32.4003
CC[C@@H](C=O)C1(O)CC1,-65.0499
C[C@@H](C#N)c1ncn[nH]1,59.3874
C[C@H]1C[C@H]1[C@H]1CC(=O)N1,-13.0141
Nc1nc(CCO)co1,-60.3399
CCc1c(OC)onc1,-38.7113
C[C@H]1COc2c1nco2,-28.8312
CO[C@H]1CN2C[C@@H](C2)O1,-37.7906
O=C(CCCC#N)C#N,21.8805
COC(C)(C)C(=O)C#C,-24.5588
C[C@H]1C[C@@]23C[C@@H](C2)[C@@]13O,66.1785
OCc1nccc(F)n1,-63.4774
[NH][C]1C=NC=CN=C1,89.7829
OC[C@@]1(CNC=O)CO1,-101.073
C[C@H]1C[C@]2(CCO2)CO1,-65.7979
C#CCOCC#CC#C,135.2769
CC[C@@H](O)C(=O)N1CC1,-65.748
C1N[C@H]1[C@]12CN1CC2,85.8063
C1O[C@H]2COC[C@@H]3N[C@]123,-9.266
O[C@@]12C[C@H]3C[C@@H]1[C@@]23C#C,92.3021
COC(CO)(C#C)C#C,41.6358
C[C@H]1COC(=O)[C]([NH])O1,-107.079
C[C@]12CC[C@H]1NC2=O,-12.1407
CC1=C[C@]2(CO2)[C@H]2N[C@@H]12,42.8629
N[C@@]12C[C@@H](C1)OC2=O,-46.5646
C[C@H]1CCOCC=C1C,-36.9407
O[C@@]12CO[C]1[N]CCC2,-38.6121
CO[C@@H](C)CCC1CC1,-46.4937
CNc1nn(C)nc1,43.4206
CC#CCc1c[nH]nc1,83.6676
O[C@H]1CO[C@@H]2C[C@H]1C2=O,-75.0394
CC1(C)OC[C@]21C[C@H]2O,-48.6989
C[C@@H](O)[C@H]1OCCC=C1,-73.9468
CC#C[C@H]1C[C@H]1CO,22.0902
CC[C@H]1[C@@H](CC1=O)C#N,-1.0828
CC[C@H]1CC=C(C)[C@H]1C,-16.2279
CN=C(OC1CC1)C#N,28.1827
CO[C@]1(C[C@H]1C)C(=O)C,-70.9736
C[C@@]1(C=O)[C@@H](O)CC1=O,-90.5269
CCc1ccnc(N)n1,9.6891
C[C@@]1(O)[C@H]2NCC(=O)[C@@H]12,-39.709
O[C@@H](CN1CC1)C1CC1,4.9597
C[C@H]1C=CCO[C@H]1C=O,-51.8498
CC1(C)C[C@H]2CCC[C@@H]12,-6.7537
C[C@H]1O[C@@H](CC1=O)C#N,-41.576
[NH][C]1C[C@@H](CO1)C=O,-56.3061
CCC(CC)(CO)C=O,-97.7681
C[C@@H](O)C#CCNC=O,-36.1987
O[C@H]1COC[C@H]1[C@H]1CO1,-87.0585
C[C@H]1[C@H]2[C@@H](CO)[C@@H]1C2=O,-11.3158
O[C@]12[C@H]3C[C@H]3[C@H]1[C@H]2C#N,85.3684
CC[C@H]1OCC[C@H]2O[C@@H]12,-65.7578
CN1C[C@@](O)(CO)C1=O,-112.3901
N#C[C@H]1OCC21CCC2,31.8244
CCn1cncc1C=O,-12.692
CC1(CC1)C(=O)C(=O)N,-69.1273
CCCc1c(C)[nH]cc1,-2.499
C#C[C@@]12CC[C@@H](C1)OC2,25.7492
O[C@H]1C[C@]23CC[C@@H]2[C@H]1C3,45.0879
C[C@H]1N(C=O)[C@]1(C)C#C,40.757
N#C[C@H]1COC[C@H]2C[C@@H]12,15.1239
CCc1c(C)[nH]cc1N,7.1901
[NH][C@H]1NC(=CO1)N1CC1,32.6848
CO[C@]12[C@H]3N[C@H]([C@@H]13)C2=O,31.6619
CC[C@@H](NCC#C)C#N,78.8434
C[C@H]1CC(=CC1=O)CO,-70.3312
O=COC=NC[C@H]1CO1,-69.8583
O=C[C@@]12CO[C@H]3[C@@H]1O[C@@H]23,-15.8647
O[C@@]12[C@@H]3[C@H]4[C@@H]3[C@@H]1N1[C@H]4[C@H]21,91.5425
OCCCC(=O)NC=N,-75.8179
CC1=CCC[C@]1(O)C#N,-1.4499
C[C@H]1[C@H]2O[C@@H]3[C@H]2[C@@H]3N1C,28.3695
CCCOCCC(=O)C,-105.9766
CC(C)c1cncnn1,48.9134
N#C[C@H]1O[C@H]2C[C@H]2O1,0.8047
C[C@H]1O[C@H]2CC[C@@H]1CO2,-84.1243
C[C@H]1CC[C@@H]2O[C@H]1[C@H]2O,-66.1776
C#C[C@]1(COCO1)C#N,32.3088
O=C1N[C@H]2[C@H]3C[C@@H](O1)[C@@H]23,-31.5113
O=C1Cn2ncnc2C1,14.9067
C[C@H]1[C@H]2N[C@@](C)(C#N)[C@@H]12,77.1127
C[C@H]1CO[C@H]1C(C)(C)O,-85.3202
NC1=C(NC(=O)C[N]1)[NH],-15.6783
C[C@@]12C[C@H]3[C@@H]1[C@H]1[C@@H]2N31,109.8156
O[C@H]1[C@H]2C[C@@H]3CC[C@H]2[C@H]13,-12.296
[NH][CH]OC(=O)C1CCC1,-57.6112
CC(C)N(C)CC#N,14.8859
N#C[C@H]1C[C@@H]2CN1C2,75.7622
Fc1nccc(F)c1F,-118.8345
C[C@]12CN1C[C@H]2NC=O,7.1362
C[C@H]1[C@H]2C=C[C@@H]1[C@H]2CO,17.8351
CN[C@@](CN)(C#C)C#N,93.8977
CCNc1cnc(C)o1,-27.2564
CO[C@H]1CN2[C@@H](C#C)[C@@H]12,81.8533
C[C@@]12[C@@H]3[C@H]4[C@@H]3N3[C@@H]1[C@@H]2[C@@H]43,123.4746
C[C@H]1[C@H]2O[C@H]2[C@@]2(C)O[C@@H]12,-29.8945
C[C@H]1N[C@@H](C#N)[C@H]1C#C,109.9621
C[C@]12C[C@H]1N(C2)C=O,3.8011
CN=C1O[C@@H](CO)[C@H]1C,-62.9117
OCc1ccnoc1=O,-56.9524
CCn1nnc(O)c1N,3.2545
O[C@H]1C=C[C@@]23C[C@@]12OC3,19.0832
O[C@H]1C[C]2[CH][C@@H](O)C[C@@H]12,-29.2368
Nc1ncccc1CO,-17.4441
C[C@@]12C[C@H]3CN(C1)[C@@H]23,69.6758
O[C@@]12[C@H]3C[C@@H]1OC[C@@H]23,-18.1087
C[C@@](O)(C#N)[C@H]1CO1,-27.6408
C[C@H]1C[C@@]23CC[C@]2(C1)N3,51.1531
CC(C)c1c(N)nn[nH]1,35.0729
CCO[C@@H](C)C1(C)CC1,-50.9716
CCc1nc(OC)n[nH]1,-20.2769
O=C1N[C@@]23C[C@@H](OC2)[C@@H]13,35.8116
C[C@@]12[C@H]3CN(CC1=O)[C@@H]23,28.7001
CC(C)(C)OC=O,-107.7709
CC[C@]12[C@H]3CN([C@@H]13)C2=O,45.2324
Nc1cc(=NO)cn[nH]1,50.657
CNC(=O)NC1CCC1,-44.9056
CCC[C@@H](C)C#CC=O,-2.0525
C[C@H]1[C@H]2N[C@H]2C=C1CO,8.2948
[NH][C]1CCO[C]([NH])CO1,-46.7587
CC1=N[C@@H](CO)CCO1,-82.9524
C1O[C@H]2C[C@@H]3O[C@H]2[C@H]13,-26.5976
CO[C@@]1(C)C[C@H]1C#CC,19.3311
CO[C@@]12C[C@@H](C1)OC2,-43.1173
C[C@H]1N[C@H]1c1n[nH]cn1,62.7159
C[C@H]1CNC(=O)OCO1,-132.1203
C1O[C@@]23CO[C@@H]2C[CH][C]13,14.3618
[NH]C1=C[CH]C=NNC1=O,36.665
C[C@@]1(COC2CC2)CN1,2.6869
C[C@]12CC[C@H]1CCC2,-2.0933
Nc1cc(CO)c[nH]1,-13.4726
C[C@H]1C[C@@H]2[C@H]3C[C@@]12OC3,44.2012
C[C@@]12C[C@H]3O[C@]1(C=O)[C@@H]23,13.0534
C[C@]12O[C@H]3[C@H]([C@@H]13)[C@H]2O,-5.0069
CC1(CC1)[C@]1(CN1)C#C,102.529
CC[C@@H](CCOC)C#C,-8.1342
CN1C[C@@H]2C[C@]1(C2)C#N,66.1263
CCC[C@@](C)(O)C(=O)C,-111.2038
C[C@H]1[C@H]2CC[C@@]12C=O,0.4656
CCO[C]([NH])C1CC1,-26.2125
O[C@@H](C#C)[C@H]1C[C@H]1O,-0.3339
CC[C@@H](C)C(=O)C#C,3.2159
C[C@]1(C[N][C](N)N1)C#N,40.4926
[nH]1ccc2c1nco2,24.5505
C([C@H]1CN1)c1cnn[nH]1,82.0099
O[C@H]1[C@@H](NC1=O)[C@H]1CO1,-68.3755
COC1=N[C@@H]([NH])N=NN1,43.9813
[NH][C]1C[C@@H](O1)C1CC1,4.5391
C[C@@H](C=O)c1conn1,-8.3452
O[C@H]1[C@H]2[C@@H]1[C@@]1(O)CC[C@@H]21,-2.4309
CNc1c(N)c(C)n[nH]1,32.4167
C#CC1(CC1)[C@H]1OC1,65.4792
Nc1cnccn1,33.9277
C[C@]12COC[C@@]31CN2C3,63.6901
COC[C@H]1CN=C(C)O1,-75.8572
C[C@H]1C[C@H]2[C@@H](O)[C@@]2(C)C1,-36.6508
O[C@@H](C#N)[C@H]1CN2C[C@@H]12,51.8292
Fc1cncnn1,17.7682
C1[C@H]2[C@@H]1[C@H]1[C@H]3CC[C@H]3[C@@H]21,105.8363
C[C@H]1OCO[C@H]2CC[C@@H]12,-68.6933
CC1(C)[C@H]2O[C@]31CN[C@@H]23,102.2939
C[C@@]1(O)C[C@H]2CC[C]2[CH]1,-1.4714
CC(=O)n1ccc(C)n1,-20.4192
C[C@H]1C[C@H]1N1CC1,43.0763
CCO[C@H]1CC(=NO)C1,-29.8162
NC(=O)C#C[C@@H](O)C=O,-54.6112
Cn1cc(nc1O)C#N,9.5371
NC1=N[C]([NH])N=CC=N1,81.3475
CC(C)(CO)NC(=O)N,-112.0847
OC1(CNCC#N)CC1,10.8228
O=CC[C@H]1CCOC1,-73.3068
C#C[C@H]1C[C@]21CC=CC2,95.272
Cc1cc(C)co1,-28.8869
O=CCC1(CC1)C#N,16.0814
C[C@H]1O[C@H]1COCC#N,-26.985
o1cnc2c1ocn2,3.992
[NH][CH]OC[C@H]1[C@H]2CO[C@@H]12,-5.4382
O[C@H]1CC(=O)C(=C1)C#C,3.3551
C[C@H]1[C@H]2[C@H]3C[C@]1(C)C[C@@H]23,10.1343
CN=C1NC[C@@]2(C)O[C@@H]12,-2.1089
ON=c1cc[nH]c(O)c1,-13.354
CC(C)n1nccc1C,9.1473
CC[C@H]1[C@@H](O)C[C@H]1OC,-80.8241
CN1C[C@@H](C#C)[C@H]1C#C,141.7169
CN1CC2(C1)O[C@H]2C#C,74.4938
CO[C@]12CC[C@H]1N1C[C@@H]21,48.3908
O[C@@H]1C=C([NH])NC(=N1)O,-56.9587
COc1ncc(CO)o1,-92.7053
CC(=O)N[C@H]1CC[C@H]1O,-81.3855
CC1=NCCC(C)(C)O1,-56.4941
C1[C@H]2C[C@@H]1C=CCO2,6.4119
C[C@@H](CO)c1c[nH]nn1,0.9756
C[C@]1(C=CC[C@H]1O)C#C,31.0278
C[C@@H](CO)c1ncno1,-40.5671
CC[C@]12C[C@]1(CO2)C#C,56.895
OC[C@H]1CCCOC1,-92.9025
Cc1cc2c(o1)cco2,-21.0632
Cc1cnc(N)cc1F,-37.9742
C[C@]12CN1[C]([NH])C(=O)C2,15.5673
Cc1nccnc1F,-24.5343
[NH]C1=C([CH]CO1)[C@H]1CN1,20.753
CO[C@@]1(C)C[C@@H](CO)C1,-79.2773
C[C@]12C[C@H]1CCC2=NO,10.968
O[C@@H](CNCC#N)C#C,51.137
C[C@H]1[C@H]2O[C@@H]1C2=NO,42.5812
[NH][C]1OCC=C[C@H]1C#N,31.6791
C[C@H]1OC[C@]21[C@H]1CC[C@@H]21,22.1104
COC(=O)CCO[CH][NH],-119.8788
N#C[C@@]12C[C@@](C1)(N2)C#N,139.1541
O[C@@H](C=O)[C@]1(CO1)C#C,-20.1688
CNc1coc(N)c1,-7.6757
CC[C@@H](C#N)[C@@H](C)C#N,35.0351
CO[C@@H](C)[C@H]1COCO1,-122.7625
CCC(=O)[C@@]1(CC)CN1,-30.8146
O[C@@H](C#C)[C@H]1C[C@H]2N[C@@H]12,76.6148
Cc1cnc(O)c(O)c1,-69.6815
C[C@@]1(O)[C@H]2O[C@]31CN[C@@H]23,72.0392
C[C@]12[C@@H](O)[C@H]1[C@H]1[C@@H](O)[C@@H]21,7.7335
C[C@@H](C#N)C(C)(C)O,-41.1341
CCCN1[C@H]2[C@@H]3C[C@H]2[C@H]13,91.8
C[C@H]1C=Cn2cccc12,48.0398
CC[C@H]1OC[C@H]1[C@@H](C)O,-83.1177
Nc1cc(NC=N)n[nH]1,53.1988
C[C@H]1OCC=C[C@H]1C,-38.3188
COCC(=O)C,-83.3897
C[C@H]1[C@H]2N[C@]1(C=O)[C@H]2O,-1.2822
C[C@]1(COCC1=O)C#N,-38.1021
C[C@H]1C[C@H]2C[C@@]2(C)[C@H]1C,-4.5041
CC#CC(=O)C[C@H]1CN1,43.3919
CC[C@H]1C[C@@H](C)O1,-48.0445
CN(C=O)[C@H]1CCC=C1,-27.5642
CCn1cc(C)cc1C,-2.2662
O=CNC(=O)C#CC#C,39.0901
N[C@@H](C#N)[C@@H](O)CCO,-62.7664
CC[C@@]12C[C@@](C)(CC1)O2,-36.6997
CC[C@H]1O[C@]2(C[C@@H]12)C=O,-28.4945
N#C[C@H]1CNCCO1,-0.0295
O=C1Cn2ncnc2O1,-20.6982
O=C(C#N)c1conn1,41.5205
O=C1CN2[C@@H]([C@H]3CN3)[C@@H]12,63.3176
O=CC(=O)C1CC(=O)C1,-72.8984
CCC[C@@H](O)CN1CC1,-33.6338
CO[C@@]1(C)[C@H]2O[C@@H]1C=C2,-3.7857
CC[C@H]1[C@@H](CO)[C@H]1C=O,-63.8627
C[C@H]1[C@H]2[C@@H]3CN2[C@]13C#N,133.4818
CN(CCCO)CC#N,-17.3108
C1N=COc2c1[nH]nc2,32.8711
[NH][C]1C[C@]2(CCOC2)O1,-46.8695
C[C@@]12C[C@]1(CC#C)OC2,59.7024
O[C@]1(C[C@H]1CC#N)C#C,66.8437
Nc1c[nH]c(N)c1C#N,55.6763
C[C@H]1O[C@H]2[C@H]3C[C@H]3[C@H]2O1,-31.0321
C[C@@]12[C@@H]3[C@H]4[C@@H]3[C@@H]1[C@@H]24,126.9668
O[C@H]1[C@H]2CC[C@@H]1C=C2,-11.1001
C#C,57.6098
C1O[C@]21[C@H]1[C@H]3[C@@H]2[N][CH]N13,92.3994
Cn1cncc1C(=O)C,-21.5405
O[C@H]1C[C@H]2CC3(CC3)[C@@H]12,18.4702
CO[C@H]1CC=C[C@H]1CO,-63.6757
C[C]1C=C([NH])N(C1)C=O,-10.1449
CN1C[C@]21CCCC2=O,-8.343
CC(C)(C#C)[C@@]1(C)CO1,21.9861
C[C@@]1(CO)CO[C]1[NH],-62.1506
CNC(=O)C(=O)COC,-121.5204
O=C1NCC2=NCCN12,-18.5244
O[C@H]1[C@H]2C[C@@H]3[C@H]2N3C1=O,-8.456
O=CO[C@@H](C#C)C1CC1,0.3275
[NH]C1=C(COC=N1)C#C,73.3374
CC1(C)CC2(C[C@H]2O)C1,-18.1719
O=C[C@H]1CN2[C@H]3C[C@@H]1[C@@H]23,36.7805
C[C@@H](O)[C@@H](C)[C@H]1CO1,-75.6372
CC[C@@]1(C)N[C@H]1CC#N,33.5518
CC1(C)OC(=C([NH])O1)[NH],-65.5394
CCC1(COC)CCC1,-46.9562
C[C@]1(CCC=C1)C#C,66.3822
O[C@H]1C[C@H]1c1nonc1,21.602
FC(F)(F)C#CCC=O,-142.2859
C1[C@H]2C[C@]31[N][CH]O[C@H]3O2,0.2024
CC[C@H]1C[C@@H](O)CC=C1,-46.8133
N#C[C@@]12C[C@@H](CC1)N2,65.4203
N=C(NC=O)C(=O)C#C,9.6347
[NH][CH]OC[C@H]1CC(=O)O1,-91.2507
C[C@H]1[C@H]2C[C@@H]1[C]([NH])OC2,-13.3975
Cn1nnc(C=O)n1,34.5663
OCC1=C(CN[CH]1)[N]O,-16.4902
O[C@H]1CCCCC=C1,-36.3509
CC#C[C@H]1OCC1=O,5.0551
O[C@H]1[C@H]2OC=NC[C@@]12O,-64.2145
COC(=O)C=O,-110.1161
COCC(F)(F)F,-218.2282
CC1(C)C[C@H]2N[C@@]12CO,-2.3865
O=C[C@H]1CC[C@H]2O[C@H]2C1,-51.8121
CCCC[C@@]1(C)CN1C,-5.1757
CC1(C)[C@@H](O)C[C@]21CO2,-50.5068
OCC[C@H]1C[C@@H](O1)C#N,-33.1722
COCc1nc(C)n[nH]1,-16.3518
O=C1C[C@H]2OC[C@@]12C#C,37.5331
C[C@H]1CN=C(N)[C]([NH])O1,-23.5173
C1CNc2c(C1)[nH]nn2,56.6761
Cc1cc(C=O)c(N)o1,-53.6888
CO[C@H]1CC=CC[C@H]1C,-40.3656
O=c1oc(ccn1)C#N,-2.8999
CC#Cc1ccc(O)[nH]1,30.0855
FC1=N[C]([NH])NC(=O)O1,-109.4497
COC(=O)[C@@H](O)C1CC1,-115.095
CN1[C@H]2C[C@]31COC[C@H]23,62.3843
O[C@H]1C[C@H]1c1ccn[nH]1,19.0851
Nc1noc2ncnn12,61.4699
CC(C)N1[C@H]2C[C@@H]1C2=O,26.7147
C[C@H]1[C@H]2[C@H]3O[C@H]3CN12,27.6082
C1CN1[C@@]12[C@@H]3[C@H]4[C@@H]3[C@@H]1[C@@H]24,173.3892
CC[C@H]1O[C@@H](C)[C@H]2O[C@@H]12,-67.7488
CN=C1OC(=O)C[C@H]1N,-69.7387
CC1(C)NC(=O)C21CC2,-19.1669
C[C@H]1[C@H]2N1C=CC2=NO,53.1752
O[C@H]1[C@@H](C=O)[C@H]1N1CC1,-12.0973
OC[C@H]1C[C@H]1N1CC1,11.8058
C[C@H]1O[C@@H]2C[C@@H](C2)[C@H]1C,-28.1894
C1[C@H]2[C@H]3[C@H]4[C@@H]1[C@@H]2CCN34,76.2163
CC(C)(C)N=C(N)C=O,-40.968
O=C1[C@H]2CO[C@@H]1[C@]12CN1,17.7588
CN(C)[C]1C=C([NH])OC1,-15.4322
C[C@H]1C[C@]21C[C@@H]1[C@H]2N1C,70.7697
O[C@@H](C#N)C#CC1CC1,69.4096
COCCN1[C@@H](C)[C@H]1C,-27.2332
N#CCCc1c[nH]nc1,60.051
CC[C@@]12[C@H]3C[C@@H]1[C@@H](C)N23,63.2916
C[C@]1(C[C@H]1OC=O)C#N,-31.5458
ON=C1[C@H]2N[C@H]2[C@H]1C#N,103.8662
O[C@H]1[C@H]2C[C@H]2C[C@H]2N[C@@H]12,13.751
CCCC(=O)C#CCO,-33.3577
COC[C@@]1(C)[C@H]2CCN12,7.9825
C[C@H]1[C@@H](C#N)[C@]1(C)C=O,3.0525
Oc1nc2c(CCC2)o1,-47.4338
OC[C@]12C[C@H]3O[C@H]3[C@H]1N2,-16.8946
O[C@H]1C[C@@]23CC[C@@]12CO3,6.3116
CO[C@H]1[C@@H](C)N(C)C1=O,-74.6109
CO[C@H]1[C@H]2C[C@@H]1N2C=O,-1.178
CC[C@@H](O)[C@@]12C[C@@H](C1)C2,-4.7068
CCCCN1C[C@H]1C=O,-17.65
C(N1CC1)c1ncno1,46.207
O[C@@]12CN3[C@@H](C[C@H]13)C2,32.2976
C[C@@]12C[C@]1(C)C=CC2,24.2268
C[C@H]1O[C@H]1[C@H]1C[C@@H](C)O1,-51.4788
CC[C@@]12C[C@@H](O1)[C@H]1C[C@@H]21,12.8766
NC(=O)N1N=CN[C@H]1[NH],1.8447
C[C@H]1C[C@@H](O)[C@@]2(C)C[C@@H]12,-39.5348
O[C@]12CC[C@H]1[C@H]1CN1C2,16.5849
N#CC[C@@]12C[C@H]3[C@@H](C1)N23,105.9906
C1[C@H]2CC[C@H]3O[C@H]3CN12,19.681
O[C@]12C[C@H]1N(C=O)[C]2[NH],-5.0866
CN1C[C@@]2(O)[C@H]3C[C@H]3[C@@H]12,42.3548
C[C@]12CO[C@H]1CN2C=O,-34.5998
O=C[C@@]12CN(C1)CCN2,21.4798
NC(=O)Oc1ncc[nH]1,-65.1157
CCC[C@H]1C[C@@H]2C[C@H]1O2,-25.8406
O=C1OCCC[C@H]1C#C,-25.967
OC[C@H]1C[C@@H](CO1)C=O,-110.9566
C[C@@H](O[CH][NH])C(=O)CO,-107.9273
CNc1cnc(o1)C#C,50.7334
CC[C@H]1OC[C@]21CN2C,0.7228
O=C[C@H]1[C@@H](C=O)N1C=O,-51.9342
COCC1=CCOC1,-56.595
C[C@]1(CN1)[C@@H](O)CC=O,-53.3842
C[C@H]1N[C@@H](C=O)[C@]21CO2,-17.9263
Nc1nn(CCO)cn1,-10.0086
OCCC(=O)C(=O)C#N,-64.635
NC(=O)Nc1nonc1,-11.4137
CC1=CCC(=O)COC1,-54.4244
O[C@@H](C=O)[C@@H](O)[C@H]1CO1,-126.8621
CN1C(C)(C)[C@]1(C)CO,-36.1338
OC[C@@]12C[C@H]3C[C@@H]1O[C@@H]23,-15.3457
CCC1(CC)N[C@H]1C#N,36.5845
[NH][C@H]1NC(=CCO1)[NH],2.1514
C[C@]12CN1[C@H]1C[C@@]21CO,52.0222
CNc1n[nH]c(=O)cc1,-1.1154
C[C@H]1[C@H]2C[C@@]1(C=C2)C#C,114.9357
CC1=C[C@@H]2N[C@H]1[C@H]2O,24.1469
C[C@H]1CN1C(C#N)C#N,99.2113
NC(=O)[C@H]1[C@H]2[C@H]3C[C@H]3N12,64.5337
CC(CO)(CO)C#C,-39.0241
[NH][C@@H]1OC=CN1CC#N,31.7553
Cc1cn(cn1)C(=O)N,-28.0763
NC1=NOC(=C(O)[N]1)[NH],-7.0675
CCC[C@H]1O[C@@H](C)C1=O,-76.5384
C[C@@]1(O)C[C@]1(O)C#C,-5.0584
C[C@@]1(CO)[C@H]2[C@@H](O)CN12,-30.605
C#C[C@H]1CCO[C@H]1C#C,83.0463
O[C@H]1[C@H]2[C@@H]3OCO[C@H]2[C@H]13,-45.1649
C[C@H]1OC[C@]21CO2,-34.9353
C[C@@]12CC[C@@H](CC1)C2=O,-38.797
CC1(C)CC(O)(CO)C1,-89.94
N#C[C@H]1COCCN1,-0.7053
O=C[C]1[C]2C[C@H]3[C@@H](C1)[C@@H]23,91.2328
O=CC[C@]12C[C@H]1C=CC2,9.828
CC[C@H]1CN1CC(=O)C,-23.2744
C1[C@@]23COCO[C@@]12CO3,-41.3961
Nc1ncc(C=O)nn1,32.7685
NC(=O)c1ccc(N)[nH]1,-20.5236
O=C1[C@H]2CC=C[C@@H]1CO2,-38.6226
C[C@H]1C[C@@H](C)[C@H]1C(=O)C,-45.9266
CC(C)(C=O)[C@H]1CO1,-58.2541
CC#CC[C@@H](O)CC=O,-33.3257
C#CC[C@H]1O[C@H]1C#N,77.9242
C[C@H]1N[C@@H](C#C)C1=O,49.527
CC[C@H]1CO[C@@H](O1)C#N,-50.4049
C[C@]12N[C@H]1[C@H]1N[C@H]1C=C2,83.5366
O=C1C[C@@H](CC#C)N1,27.9538
O=c1[nH]nccc1C#C,62.8053
O=C[C@H]1CC=C(C1)C#N,15.8912
C[C@H]1[C@@H](C)[C@]21C[C]([NH])O2,-0.8053
C[C@@H](O)C#C[C@@H](O)CO,-78.7359
C[C@H]1C[C@]21[C@H]1C[C@@H]2[C@H]1C,67.318
CC(C)(C)C1CCCC1,-39.0816
O[C@@]12[C@H]3C[C]1[CH]C(=O)[C@@H]23,54.8253
CO[C@@H]([C@@H](C)O)[C@H]1CO1,-105.735
C1O[C@@H]2O[C@@H](C=C2)C=C1,-20.1851
C[C@@]12[C@H]3N1C[C@@H]2OC3=O,-17.612
CC1=NCC(=NO)CO1,-25.333
C[C@@]12CCO[C@]1(C)CO2,-73.19
O=CNc1cnco1,-41.5136
COC[C@@H](O)CN1CC1,-52.6612
C[C@H]1[C@H]2C[C@@H]3C[C@@]2(O)[C@H]13,7.8923
C[C@H]1CCCC(=O)N1C,-65.4192
CN1[C@H]2C=C[C@@H]1C2=O,45.8134
C1O[C@]21[C@H]1C[C@@H]2C1,48.0489
CC[C@@]12C[C@@H](C1)O[C]2[NH],-8.4936
OCC[C@H]1[C@H]2CCCN12,-13.3165
CC[C@@H](CC#C)O[CH][NH],13.6506
O=C1[C@H]2O[C@@H]3[C@H]2CO[C@H]13,-43.7431
CO[C@H]1CO[C]([NH])O1,-109.6292
OC(=O)CN=C(N)C#C,-19.4371
CC(=O)c1n[nH]nc1N,3.3428
Fc1nccnc1C#C,47.7132
CO[C@@]12[C@H]3C[C@@H]1[C@@H](O)[C@@H]23,0.4004
C[C@H]1CC=C[C@]1(O)C=O,-58.6695
OC1(CO[CH][NH])CCC1,-56.8123
Oc1ncc(nn1)C#C,80.7549
C#C[C@]12C[C@H]1N1C[C@@H]21,160.8866
CC#C[C@@]1(C)C[C@H]1C#C,115.6812
N#Cc1c[nH]nc1,68.2172
CCC(=O)[C@H]1O[C@H]2C[C@@H]12,-26.9339
CC1=N[C@H]2C=CC[C@H]2O1,-10.129
O=C[C@H]1N[C@H]1[C@H]1CN1,33.3766
C[C@H]1OC(=O)OCC=C1,-105.8564
C[C@]12C[C@@H]3[C@H]1C[C@@H]1[C@H]2N31,63.7383
CO[C@H]1[C@@H](O)[C@H]2N[C@@]12C,-31.8788
CNc1ccccc1N,17.9769
Fc1cccc(=O)o1,-104.9415
CCO[C@H]1[C@H]2[C@H]3C[C@@H]1N23,34.499
Cc1n[nH]c(c1)[C@H]1CO1,17.2182
Nc1c(O)[nH]c(=O)cc1,-63.9482
CN(C[C@@H](O)C=O)C=O,-118.4393
C[C@H]1O[C@@]2(C#N)[C@@H](O)[C@@H]12,3.2251
C1C[C@@]23N[C@@H]2C=CC[C@@H]13,67.1626
OCC#CC1(O)CCC1,-12.7986
O[C@H]1[C@@H](N[C@H]1C#C)C#C,107.6896
CC[C@H]1[C@@H](O)[C@]1(C)C#C,19.3349
OCC(=O)C#C[C@H]1CO1,-26.533
O[C@H]1C=C[C@@H]2[C@H]3O[C@@H]2[C@@H]13,19.6454
C[C@@H](C=O)[C@H]1OCC=C1,-52.353
CCC1=COC(=CC1)[NH],-8.0544
CN=C1C[C@@](C)(O1)C#N,13.5166
O=C[C@H]1[C@H]2[C@@H](CN12)C#N,66.6326
C1CNc2c(C1)nn[nH]2,56.7144
N#CCc1ncno1,44.4705
CCN(C)C(=NC)C#N,31.0001
C1O[C@@H]2COC[C@]32O[C@@H]13,-67.0229
C1CC21C[C@H]1CC[C@H]1C2,29.7126
O[C@H]1[C@@H](C=O)[C@H]1[C@H]1CN1,-12.7857
Cc1cn(CC#N)cn1,54.3701
Nc1ccc2CCCn12,28.6414
OC[C@@]12CN3CC[C@@H]1[C@@H]23,23.4843
CNC(=O)N(C=N)C=O,-79.83
Nc1cc(N)noc1=O,-26.9694
C[C@H]1[C@H]2O[C@@H]1[C@H]2C=O,0.2767
C[C@@H](N=C(N)C#N)C#N,75.842
CCC1(CC(C)C)CC1,-20.4615
COC[C@H]1C=CC[C@H]1O,-65.9404
[NH][CH]N1[C@@H](C[C]1[NH])C#N,83.1085
CN1CC(N)(C1)C(=O)N,-25.8346
O=CN1[C@H]2C[C@H]2OC1=O,-83.38
CC1=NNC(=C(O)C1)[NH],0.4936
C[C@H]1C=C[C@@H](O)C21CC2,-7.6625
CCOC(=O)C1(O)CC1,-120.2519
CC1(C)C=C[C@H]2CC[C@@H]12,21.0009
O[C@]1(CO[C@H]1C#C)C#C,68.0878
O=CC[C@]12O[C@H]1CC=C2,-20.1324
N[C@@]1(C#N)[C@H]2C[C@@H]1OC2,33.8548
C[C@]12C[C@H]3[C@H](N13)C(=O)C2,18.8111
NC1=NC[C]([NH])OC1,-9.2604
N[C@]1([C@H]2CC[C@@H]12)C(=O)O,-47.0396
C[C@@]1(O)[C@H]2C[C@]1(C)[C@H]2O,-42.9817
CCCCC1=CCCC1,-15.7886
C[C@H]1C=C(C#N)[C@H]2C[C@@H]12,64.3424
COC(=O)NC1CC1,-77.6821
Nc1cc(O)n[nH]1,-4.0384
O=C1NC(=O)[C@@H]2C[C@H]1C2,-64.2378
C[C@@]1(O)CC[C@H]2C[C@H]2C1,-39.5047
C1[C@H]2C[C@H]3CO[C@H]3[C@@H]12,7.7472
O=C1CN2C[C@]31NC[C@@H]23,105.9619
O[C@H]1[C@H]2C[C@@H]1C(=O)CO2,-77.8299
O[C@H]1[C@@H](CC1=O)[C@H]1CO1,-66.1162
C1[C@H]2C=C[C@]31O[C@H]3[CH][CH]2,71.9607
Nc1nc2c(occ2)o1,-7.5145
Nc1nc(CO)ncn1,-17.343
C[C@@]12C[C@@H](C1)N(C2)C=O,-17.0076
CC[C@@]1(C)O[C@@H](C)C1=O,-79.8322
C[C@]12COC(=O)C[C@H]1N2,-57.8264
CN1[C@H]2[C@@H]3O[C@H]2[C@]13C#C,143.3817
CCc1cc(C)no1,-12.8737
C[C@@]12C=C[C@@]3(O)[C@@H]1C[C@@H]23,48.6093
O[C@H]1COCCC=CC1,-65.0681
OC[C@@]12CN3C[C@]1(O)[C@@H]23,15.4391
CC[C@@H](C)[C@@](C)(N)C#N,-2.0047
O[C@H]1C[C@@H](C#C)[C@H]2C[C@@H]12,39.0097
CC[C@@H](C)[C@@](C)(O)CO,-119.4397
CCC1=C(C)C[C@@H](O)C1,-50.4855
C[C@H]1Cc2c[nH]cc2C1,21.2132
C[C@H]1[C@@H]2[C@H]1[C@@](C)(O)C2=O,-38.6125
ON=C1CN2C=NC[C@@H]12,61.8954
CCn1nc(C)nc1C,3.2121
CC1=CC(=O)OC1(C)C,-91.6245
C[C@@]12C[C@@H](O)[C@]1(C)O2,-49.2506
C[C@H]1C(=CN(C)C1=O)C,-43.309
CC1=C[C@@H]2C[C@H]1C(=O)C2,-10.6759
C[C@H]1[C@H]2C[C@@]2(O)[C@H]1O,-43.1186
CC1=C[C@]2(O)C[C@H]1C=C2,17.8758
C[C@H]1O[C@]1(C=O)C1CC1,-31.3672
COC1=C(OC=C[N]1)[NH],-28.6564
CN(C=O)c1c[nH]cc1,-14.3587
C[C@H]1CO[C]([NH])NC=N1,-10.9295
C[C@H]1CNC(=O)C1=NO,-40.4409
O=CNCC[C@H]1CO1,-63.0831
CO[C@@H](C)[C@]12CC[C@H]1N2,2.0801
O[C@H]1C[C@@H]2[C@H]1CC2=O,-34.3078
CCC(C)(CC)NC=O,-77.7515
C[C@]12[C@H]3C[C@](C)(N13)C2=O,30.9785
O=C[C@]12C[C@H]1CCO2,-40.5917
O[C@@H](CC#C)[C@H]1CCO1,-7.4974
COCC(C)(C=O)C=O,-108.1699
CN1CCCC(=C1)C=O,-30.334
CO[C@]12CO[C@H]1[C@@H](O)C2,-68.254
C1[C@@H]2[C@H]3[C@H]4[C@@H]5[C@@H]([C@H]1N25)N34,136.5189
C1[C@H]2C=C[C]3[C]2N1[CH][N]3,137.7343
C[C@H]1CC[C@H]2[C@H]3C[C@@]12C3,57.8232
C[C@H]1OC(C)(C)[C@]21CO2,-54.6314
CCCC1(O)COC1,-77.3949
C[C@H]1COC(=O)[C@]1(C)O,-139.9369
COC(=O)CC[C@@H](C)O,-154.0375
Cc1cc(=O)nccn1,26.2549
O[C@@]12C[C@H]3C[C@@H]1[C@@H]23,34.6842
CC#C[C@@H](N)[C@@H](N)C#N,80.4916
C[C@H]1C(=O)C[C@]21CO2,-32.9461
OCc1cncc(F)n1,-54.5053
O=CN1C[C@]1(C=O)C#C,32.0816
COC[C@@H](O)COC=O,-168.2933
O=C1C[C@H]2C=CC(=O)[C@@H]12,-23.5205
C[C@H]1[C@H]2O[C@H]2C[C@]1(C)O,-69.7286
O=C1CC(=O)C(=C1)C#C,11.7981
C[C@@]12[C@H]3N1C[C@@H]2NC3=O,22.6468
C[C@H]1N[C@]1(C)C(=O)N,-36.9809
C[C@@H](CCC#C)N1CC1,71.7806
CC1(C)C[C@@H](CO)CO1,-100.895
C[C@H]1[C@@H](C)[C@]21COC2=O,-57.9667
COCCNCC(=O)O,-136.642
C1CC2(C1)CCO2,-9.8582
CC[C@H]1N[C@@H](C#N)[C@H]1C,33.9616
[NH]C1=C([CH]ON=C1)C=O,18.3113
Nc1c(CC=O)onn1,-2.3559
C1Cc2c(O1)nco2,-22.1829
O[C@@]12C[C@@]3(C#C)[C@@H]1N[C@@H]23,122.5628
C[C@H]1C[C@]21CC(=O)O2,-51.6384
CC[C@@]12C[C@H]3[C@@H](C=C1)N23,74.7686
[NH][C]1OC[C@]21C[C@H]2C#N,49.3912
OC(=O)C[C@@]12C[C@@H](C1)N2,-27.2943
Cc1c2CC=Cc2co1,10.0418
CN1C[C@H]2N[C@H]2CC1=O,-12.3486
O[C@H]1C[C@H]1n1nccn1,35.7483
C[C@@]1(O)CC[C@H]1O,-78.8301
CC(=O)CCCC(=O)C,-100.5952
C[C@H]1C[C@H]2C[C@H]2[C]([NH])O1,-15.8266
Nc1nc(N)c([nH]1)C#N,49.9732
Cn1nc(N)n(C)c1=O,-28.6048
C1[C@H]2CO[C@]31CC=C[C@@H]23,30.4618
Nc1nc(O)nc(O)n1,-78.2572
CC1=C(C)C(=O)[C]([NH])N1,-11.0649
O=C[C@@]12C[C@@H](O1)[C@H]1C[C@@H]21,5.7216
CC(C)[C@@]1(O)[C@H]2CO[C@@H]12,-38.6475
CC(C)N=COCC#N,-6.568
CC(=O)c1c(N)cno1,-28.8993
C1[C@H]2[C@@H]1[C@]13C[C@@H]4[C@H]1N2[C@H]34,165.7806
C1O[C@H]1[C@]12C[C@H]1CCO2,-23.32
C[C@H]1CO[C@@H]2C[C@@H](C2)C1,-31.1607
C#CCC[C@@]12C[C@@H](C1)O2,76.6082
OCCc1ccco1,-57.0482
C1[C@H]2Cc3c[nH]nc3N12,89.8244
OC(=O)C[C@H]1NCC=C1,-68.8712
CC(=O)C[C@]12CN1CC2,9.5436
O[C@]1(C[C@@H]2C[C@H]1C2)C=O,-47.0292
CN(C)[C@H]1C=CNC1=O,-15.4692
C[C@H]1[C@H]2N1C[C@H]1C[C@@]21C,45.9397
C[C@H]1C=CCCO[C]1[NH],-12.9621
OCCNCC#N,-13.3985
C[C@@H](CO)C(=O)NC=N,-85.2663
N[C@]12CO[C@H]1[C@H]2C#N,51.3917
C[C@]12CC[C@H]1N2CC#C,105.1709
C1CC(C1)[C@H]1[C@H]2CO[C@@H]12,29.0098
CO[C@@]1(C)CCCC1=O,-87.4351
CN1[C@H]2[C@@H]3O[C@H]2[C@]13C#N,118.0677
O=CC1(CC1)N1CCC1,14.3233
CN1[C@H]2CC(=C[C@@H]12)CO,13.1499
ON=C1[C@H]2C[C@@H]1C=CC2,48.5087
C[C@H]1[C@H]2N1CCC12CC1,44.2549
N#Cc1c(nno1)C#N,107.8516
CCCc1ncncc1,15.9682
Fc1c[nH]c(=O)nc1,-56.2329
C[C@@]1(O)[C@H]2CC(=O)O[C@@H]12,-99.9559
OC[C@]12CN1CC=C2,16.5308
N#C[C@@H](C1CC1)[C@H]1CN1,78.0578
CC[C@H]1OCC[C@H]1CO,-96.552
CN(C=O)C(=N)[C@H]1CN1,3.935
CN(C=O)[C@@]12C[C@@H](C1)C2,8.4768
C1C[C@H]2[C@@H]1n1nncc21,117.8233
Cc1nnc2[nH]ncn12,85.0272
O=C1C[C@@]23C[C@@H](N2)[C@H]3O1,12.0843
CN1C[C@H]1[C@H]1CCO1,11.231
[NH][C]1CCC=CCCO1,-13.7784
CO[C@]1(C[C@H]1C#C)C#N,75.2454
C[C@H]1[C@H]2[C@H]3[C@@H]1OC[C@@]23C,2.394
OC[C@@]12C[C@H]3C[C@@H]1[C@@H]2C3,-16.8197
O=C1C[C@@H]2[C@H]1CCC2=O,-48.27
C[C@H]1CC(C)(C)[C@H]1C#C,45.4581
O=C[C@H]1[N][C]2N[C@H]3[C@@H]1[C@@H]23,132.203
CC(C)O[C@H]1CN=CO1,-80.2937
CC1=C(NC(=O)[C]1N)[NH],-24.0251
CCN1[C@H]2[C@@H](O)C[C@@]12C,-2.5848
CO[C@H]1CC(=O)C1(C)C,-72.2581
C[C@@]12C[C@]1(O)CCC2=O,-62.6787
CC[C@H]1CCC(=O)[C@H]1C,-62.176
N#C[C@H]1[C@H]2OC3(CC3)[C@@H]12,73.9095
O[C@H]1C[C@H]1[C@]1(CO1)C#C,31.1746
CN(C=N)C(=O)O[CH][NH],-63.821
CN1CC[C@]21C[C@H]2C#N,74.4885
Nc1cc(=O)nc(N)[nH]1,-18.1205
CCN1CC=CC(=O)C1,-19.1844
O[C@H]1C[C@H]1OC1CCC1,-41.4895
C1CC2(C1)COCC=C2,-5.7856
CNc1cncc(O)n1,-15.4747
CC(=O)C1(CO1)C(=O)C,-89.6384
[NH][C]1CCOCCO1,-61.6975
Nc1nc(=O)[nH]cc1O,-60.275
C[C@H]1N[C@]2(C[C@@]12N)C#N,81.7259
C#CCC[C@H]1O[C@H]2C[C@@H]12,64.3567
Cc1c(N)oc(C=O)c1,-51.5465
C[C@H]1C[C@]1(O)COC=O,-110.2959
CCc1cc(=O)nc[nH]1,-21.747
CNC(=O)CC#C,1.4171
Fc1cc(F)cc(=O)o1,-155.5643
O[C@@]12C[C@H]3[C@@H](C1)[C@H]3C2,-13.6026
CC(C)O[C@@H](CO)C#C,-40.5168
O[C@]12CO[C@H]1C(=O)OC2,-122.9164
[nH]1cc2[nH]cnc2c1,62.0137
CO[C@H]1C[C@H]1CC#CC,23.061
NCCC1=COC(=O)C1,-67.2472
O[C@@]12CC[C@@]3(O)[C@@H]1C[C@@H]23,-23.3608
CC(C)(O[CH][NH])C#C,23.0581
Nc1[nH]cc(n1)N(=O)=O,14.355
C[C@H]1[C@H]2[C@@H](C)[C@@H]1[C@]12CO1,43.4062
[NH][C]1NCC(=O)[C@H]2O[C@@H]12,-19.0261
C[C@H]1[C@@H](O)[C@@H](O)C21CC2,-52.2927
CC(C)[C@@H](C=O)C#N,-19.4186
CC[C@H]1COCC=C1C,-42.3015
Cc1c(NC=O)cn[nH]1,-7.2392
C[C@@H](CC(=O)C#N)C#N,22.0606
CO[C@@H](CO)C(C)C,-107.8509
CN[C@H]1[C@@H](N)[C@H]1C#N,55.7521
C1NC2=NC=C[C@H]2C1=O,26.61
CC[C@@]1(C)C[C@@H](CO)O1,-89.6708
CC(=O)[C@@H](O)C(=O)N,-137.0445
O=CC[C@H]1[C@H]2CC[C@@H]1O2,-37.2533
CO[C@@]12CCN3[C@@H]1C[C@@H]23,36.8082
C[N]C1=NC=C(CO1)N,17.2901
[NH][C]1CNC[C@@H](O1)C#C,44.2382
CC#CC[C@H]1CN1,71.5018
CC[C@@]1(CC=O)C[C@H]1O,-64.2762
C[C@]1(CN1)[C@]12CC[C@H]1N2,74.5043
C[C@H]1[C@H]2C[C@H]2OC21CC2,5.4732
CC#Cc1coc(C)n1,26.771
O[C@@]12C[C@H]3C[C@@H]1C[C@@H]2C3,-19.1346
CCC[C@H]1C[C@@H](C1)C=O,-37.6504
CNc1c(N)c(C)no1,6.0258
O[C@]12C[C@H]1C(=O)C=CC2,-35.6884
CC1(C)C[C@H]2C[C@H]2C1,0.7857
C[C@H]1OC[C@]1(C)C(=O)N,-79.2777
C[C@H]1[C@H]2C=CCC[C@@]12O,-10.7322
C[C@H]1N(CC1=NO)C=O,-17.9272
OC[C@@H](O)[C@H]1N[C@H]1C=O,-82.0563
CC[C@H]1O[C@@H](C)[C@]21CN2,-7.48
C#C[C@H]1C=CCOC=N1,72.0201
O[C@@H](C#C)[C@H]1C[C@@H](O)C1,-10.5684
N#CCO[C@H]1[C@H]2C[C@@H]1O2,31.1919
[NH][C]1CNC(=O)N1,-33.3901
COc1cn(C)c(=O)[nH]1,-66.2253
OCC[C@H]1CCN2C[C@@H]12,-15.418
CO[C@@H](CC#N)C#N,18.9206
Oc1nnc2ocnn12,24.3498
CN1C[C@]1(C)CNC=O,-26.571
[NH][C]1ON=NC(=O)C=N1,59.139
COC=NCCC(C)C,-51.3403
COC[C@@H](O)CO,-133.1848
CC1(C)[C@H]2O[C@H]2C21CC2,21.801
CC1=C(CC#N)COC1,2.9948
O=C1[C@H]2[C@H]3[C@H]4C[C@@H]1[C@H]4N23,63.4207
CCCCC#CCC=O,-3.3257
CO[C@@H](C)[C@H]1N[C@H]1CO,-59.2971
CO[C@@]12CC[C@]1(C)[C@H]2C,-13.5546
CN1[C@H]2CO[C@@H](C#C)[C@@H]12,63.3154
C[C@H]1[C@H]2C[C@]1(O)[C@H]1O[C@@H]21,-13.7832
CC1=C(CN)N[C@@H]([NH])O1,-16.3141
CC(C)(O)C(=O)[C@H]1CO1,-99.3998
C[C@H]1OCC[C@]1(C)C#N,-23.368
CCCc1nc(N)n[nH]1,12.3314
N1[C@H]2[C@H]3N[C@H]4[C@@H]1[C@H]4O[C@@H]23,61.0479
CO[C@]12C[C@@H]3[C@H]1N3[C@H]2C,42.1923
CC#C[C@@]1(C)C[C@H]1C,46.1715
CCCC#C[C@@H](O)CC,-21.1525
CCC#Cc1nonn1,95.676
C[C@]12C[C@H]1CO[C@H]2C#N,12.6063
CC1=NCC(=O)CO1,-60.1257
C[C@H]1[C@@H](C)[C@]21OC[C@H]2O,-46.3953
OC[C@@H](O)C1CC1,-71.6006
C[C]([NH])OC[C@@H](O)C#C,-20.6697
O=C1C[C@@]23CC=C[C@@]12N3,60.7161
C[C@@H](O)C(=O)OCC#C,-77.6084
C[C@@]12C[C@]3(CN3)[C@]1(C)N2,72.5402
CCN1C=CCNC1=O,-39.1345
CNC(=O)[C@H]1C[C@@H](C)O1,-81.5336
CC#C[C@@H](C)[C@H]1C[C@H]1C,46.7219
O=CN1C[C@H]1CC#N,23.0715
CC(C)[C@H]1[C@@H](C)O[C@H]1C,-55.5939
CCN1[C@@H](C)C[C@H]1C#N,33.9678
C[C@H]1[C@H]2CCO[C@@H]1[C@H]2O,-58.399
C[C@H]1[C@H]2[C@@H]3C[C@@]2(C)[C@]13O,29.643
C1C[C@@]23[C@@H]1N1[C@@H]2C=C[C@@H]31,175.5578
C[C@@]12O[C@@H]([C@H]3O[C@@H]13)C2=O,-29.4396
C[C@H]1C[C@@H](N1)C(=O)C#N,22.6092
CC(C)[C@H]1CC(=O)N1,-46.4271
N[C@@H](C#CCO)C(=O)O,-71.2507
C[C@@]12C[C@H]3O[C@@H]1[C@@]23C=O,10.9764
C1[C@H]2[C@H]3CO[C@@H](CN12)O3,-25.9421
NC(=O)[C@@H](O)CCC#C,-43.9717
C[C@]12O[C@H]1[C@H]1N=CO[C@@H]21,-3.2897
C[C@]12[C@@H](O)[C@H]1C[C@]2(C)O,-51.8729
CC(=O)O[C@H]1C[C@H]1C#N,-40.8782
O=CC[C@H]1CCC(=O)C1,-74.9886
CC#Cc1c(N)cco1,37.1845
COC1(CC1)C(=O)C#N,-13.8344
C1C[C@H]2[C@@H]1[C@]12CCCO1,6.7903
C[C@H]1CC=CC=CC1=O,-10.1933
C[C@@]1(O)CCNCC1=O,-79.3116
C1[C@H]2[C@H]3C=CC=C[C@@H]1[C@@H]23,84.7882
C[C@]12C[C@H]1C(=O)NC=C2,-12.1019
CC1(CC#N)OCCO1,-58.4031
CC(=O)CCOCC#C,-27.1918
O[C@H]1CN2C[C@H]2[C@H]1C#C,53.7157
O=C(C#N)n1nnnn1,115.6085
C[C@H]1[C@@H](C)[C@]21CO[C@H]2C,-18.1173
CO[C@H]1CCO[C@H]2C[C@@H]12,-54.2982
C[C@H]1C(=O)CC=C1C,-34.0048
CN=C1CCCOCO1,-69.3938
C[C@@]12CO[C@]1(C)[C@H]2C#C,55.3431
FC(F)(F)C(=O)NC=O,-242.0281
[NH][C](C#N)N1CC=CC1,74.7648
C[C@H]1[C@@H](O)[C@H]1C=O,-56.0441
N=CNc1noc(=O)o1,-58.4678
C[C@H]1[C@H]2N[C@H]2[C@@H](C)C1=O,-16.7855
O=C1N[C@H]2CC=C[C@H]2N1,-20.9287
Cc1cc(co1)C1CC1,-0.4167
O=C1[C@H]2C[C@@H]3CCN2[C@H]13,21.0501
C[C@H]1N[C@]1(CO)[C@H]1CN1,10.196
C[C@@H](C=O)C#CCO,-23.5191
C[C@H]1C[C@@]23CO[C@@H]2C[C@@H]13,22.261
C1C[C@@]2(CO1)CN=CO2,-55.12
CC1=CN=C(O[C@@H]1F)[NH],-48.8784
OC[C@@H](CC#N)[C@H]1CN1,14.5979
[NH][C]1O[C@H]2CCCO[C@@H]12,-44.6155
O=C1C=C[C@H]2N=CO[C@@H]12,-21.2649
C[C@H]1C(=O)[C@H]2N(C)[C@@]12C,9.5932
O[C@@]12C[C@H]3N[C@]1(C#N)[C@@H]23,86.6828
CC[C@H]1C[C@@H]2[C@H]3C[C@@H]2[C@@H]13,42.9305
Cn1ccc(N)n1,31.4347
CNc1c(N)onc1O,-27.6287
C[C@H]1C[C@H]2OC=N[C@@]12C,-17.0227
CC(C)CO[C]([NH])C#C,8.2057
O=C1N[C@H]2C=CCC[C@@H]12,-6.6262
C[C@H]1C[C@@H](C=O)C=C1C,-31.2461
COc1nc(OC)no1,-71.2956
CNc1cnc(O)nc1,-12.4425
O[C@H]1[C@H]2[C@H]3C[C@@H]1C[C@@H]23,-12.6651
CN(C)c1cc(C)n[nH]1,26.9181
CCC1=C(C)NC(=O)C1,-47.4977
C[C@H]1[C@H]2[C@@H]3[C@H]2[C@@]1(C)[C@H]3C,49.4139
CCCn1cccc1,8.9624
CC#CCCC(C)(C)O,-25.1422
CC[C@@]1(C#C)[C@H]2CC[C@@H]12,88.5967
CNc1nc(=O)[nH]nn1,18.8219
NC(=O)C[C@@]1(CO)CO1,-110.3564
CC1(C)C[C@H]2C[C@]1(O)C2,-33.3143
O[C@H]1[C@H]2N=CN(C=O)[C@@H]12,-20.79
C1COC[C@H]2O[C@H]2CO1,-80.2651
Oc1ccc(F)c(F)n1,-120.2754
C[C@H]1[C@H]2O[C@@H]1[C@]2(O)C#N,21.6532
C[C]([NH])OCCC=O,-72.037
C[C@]1(CN1)C(=O)C#N,30.948
C[C@]12OC[C@H]1[C@H]2NC=O,-32.8892
O[C@@]1(C#N)[C@H]2CC[C@@H]1O2,-11.0846
O=C1[C@H]2CC[C@@H]1COC2,-67.9529
CCC[C@H]1CC2(CC2)O1,-18.8132
CC1=CCc2cnnn12,73.4339
C[C@@H](O)[C@H]1O[C@H]1C(=O)C,-101.8552
[NH][C]1O[C@@]23C[C@@H](CC2)[C@@H]13,77.7437
C[C@H]1NC(=O)NC(=C1)C,-48.1669
COC(=O)CN1CC1,-58.164
OCC1(COC=O)CC1,-106.7529
O=CC(=O)C1CCCC1,-68.9783
O=C[C@H]1[C@H]2C[C@H]2[C@H]2C[C@@H]12,23.477
CC1=C[C@H]2CC(=O)N2C1,-4.7042
N[C@]1(CC21COC2)C#N,42.6876
CN(C=N)c1n[nH]nc1,64.4845
C[C@@]1(O)CO[C@H]1C#N,-31.682
CC[C@]1(CO[C]1[NH])OC,-59.4535
O[C@@]12CN(C1)[C@H]2C=O,11.3294
C[C@H]1O[C@H]2[C@@H](N)[C@@]12C#N,43.0227
C[C@@H](C=O)N1[C@@H](C)[C@H]1C,-17.8634
C[C@H]1CN=COCO1,-66.1365
C[C@H]1COC[C@@H](C)[C@H]1C,-68.963
C[C@@]12C[C@]1(C)OC(=O)C2,-75.6424
C[C@H]1O[C@H]2C[C@H]2[C@@H](C)O1,-69.8567
COCCO[C]([NH])C=O,-99.3988
CC(C)Cc1c[nH]nc1,13.356
CC[C@@]12OC[C@H]3C[C@@H]1[C@@H]23,3.7331
O=C[C@]12C[C@H]1[C@H]1C[C@H]1O2,-5.5246
C1N[C@H]1C1=CCOCC1,8.6337
Nc1noc(C=O)n1,-14.5956
O[C@H]1[C@H]2C[C@@H]3C[C@@]2(O)[C@H]13,-24.1546
O=C1C[C@H]2[C@H]3N[C@H]3[C@H]2O1,-18.0149
O[C@H]1C[C@]21[C@H]1[C@H]3C[C@@H]2N13,73.8688
CC[C@]12CC(=C[C@H]1N2)C,29.0528
C[C@@]1(O)C[C@]21C[C@H]1CN21,34.4701
CCN1[C@H]2[C@@H]1[C@H]1OC[C@@H]21,48.2534
CCC[C@@](O)(C=O)C#C,-26.5141
C[C@H]1CN(CC=O)[C@H]1C,-22.8866
C[C@]12NC[C@H]1[C@]2(O)C#N,43.5448
CCc1ccncc1N,15.6953
C[N]C1=NC=N[C@H](O1)N,-3.4349
CC[C@H]1OCC=CC1=O,-64.2174
C1C[C@H]2OCCN=C2N1,-16.4356
CC(C)[C@H]1[C@@H](C)NC1=O,-52.7674
C[C@]1(CO[C@H]1CO)C#C,-7.4146
O[C@]12C[C@H]1N=COC2,-31.8866
Oc1c[nH]c2c1OCC2,-26.6174
CC1=C(C)[C@@H]2O[C@H]1C=C2,23.4801
O=C[C@H]1NC1(C#C)C#C,128.1431
CCN1C[C@]21C[C@H]1N[C@@H]21,84.4773
O[C@@]12C[C@]1(C=O)N1C[C@@H]21,20.0185
O=CC#C[C@H]1[C@H]2C[C@@H]1O2,65.5131
O=C[C]1[N][C@@H]2C[C@@H](C2)O1,-20.4182
CN[C@@H]1C=C([NH])C=NN1,63.2191
C[C@H]1C=C[C@H]2[C@@H](C#C)[C@@H]12,97.3435
C[C@]12O[C@H]1C=C[C@]2(C)O,-41.103
CC1=NCC[C@@H](O1)C#N,-1.3171
O[C@@]12CN3C[C@@H]1[C@@H]23,57.8064
C[C@@]12O[C@H]3C[C@@H]1[C@@]23CO,-2.4629
O[C@H]1CN2[C@@H]([C@H]3CN3)[C@@H]12,54.7045
C(C#CC1CC1)[C@H]1CN1,98.9673
C#C[C@@]12CN[C]1[N]CC2,117.8668
CC1=CCC(=O)[C@]21CN2,11.3488
CC[C@H]1C[C@@](C)(O)C1,-54.6383
C[C@H]1[C@H]2NC(=N[C@@H]12)C#N,80.5931
CC#C[C@H]1[C@H]2O[C@@H]1C=C2,87.6936
[NH][C@@H]1NC2=C(O1)C=CC2,29.1659
OCC[C@@]12C[C@H]3[C@@H]1O[C@@H]23,18.7476
CO[C@H]1C=CCC1=O,-47.3042
COC1CC(=O)C1,-59.139
C[C@H]1O[C@]2(CC[C@@H]12)C#C,53.2272
O=C1CCOC=NCC1,-53.1804
O=C[C@H]1[C@H]2N[C@@H]1[C@H]1O[C@@H]21,22.8203
CC[C@@H](C)[C@@H](C)C(=O)N,-83.8302
C1CNc2c(C1)cno2,13.7632
CCCc1ccnn1C,13.2813
C1O[C@]21CCOCOC2,-90.5531
Nc1cc(n[nH]1)C1CC1,56.3984
C1[C@H]2C[C@H]3COC[C@@H]1[C@@H]23,6.8261
O[C@H]1C[C@@H]2C[C@H]1C[C@H]2O,-80.7038
C1[C@H]2[C@H]3C[C@@H]4[C@H](C3)[C@@H]4N12,65.1257
N[C@]12C[C@]1(OCC2)C#N,25.7492
N[C@H]1C=CCO[C@H]1C#N,20.6626
COCCN1CC1(C)C,-30.1518
O[C@@H](C#N)[C@H]1NCC1=O,-12.5182
CCO[C@@H](C)CCC#C,-13.7416
O=C1CCCO[C@H]1C#C,-11.1214
OCCOc1nonc1,-41.1563
O=Cc1c[nH]ccc1=O,-41.3125
C[C@H]1C[C@@]2(C)C[C@H]2C1=O,-30.3796
C[C@H]1CC[C]([NH])N1C=O,-38.6149
[NH][C]1NC(=O)CCO1,-75.5383
C#C[C@H]1N[C@]21C[C@H]1C[C@@H]21,138.5235
CC(=O)c1cnncn1,30.3416
C[C@H]1O[C@]21CCCC2=O,-58.7725
C1CN=C2NC=C[C@H]2O1,13.8805
COC1(C)CCOCC1,-95.5399
C[C@H]1OCCC[C@H]1C#C,0.8961
O[C@H]1C[N][C]2N[CH][N][C@@H]12,14.2185
C[C@H]1[C@H]2OCC[C@@]12C=O,-48.3752
C1O[C@H]2[C@H]3[C@H]4C[C@@H]([C@@H]12)N34,55.2776
C#C[C@@]12[C@H]3CO[C@@H]1CN23,94.5269
CCCC#CC(C)(C)O,-23.8678
C[C@@](O)(CC=O)C#N,-48.9253
CC[C@H]1C[C@H]2[C@@H]1[C@]2(C)O,-16.5454
COC(C)(C)CO,-102.2957
C[C@]12OC[C@H]1[C@H]2O[CH][NH],-9.9889
C[C@]12N=C(N)O[C@H]1[C@H]2N,-1.0914
C[C@@H](C=O)N1C[C@H]2C[C@@H]12,21.4901
C[C@@H](CC(=O)CO)C#C,-35.4667
OC[C@@H](CC1CC1)C=O,-61.5089
C1[C@H]2O[C@@H]3C=C[C@H]2O[C@H]13,-14.082
CCC[C@H]1CC(=O)N1C,-51.341
CC(C)(NC=O)C=O,-85.2963
CC(=NO)CO,-52.4513
CCCC1(CC=O)CC1,-35.2972
C[C@@]12[C@H]3N1C[C@@]3(O)C2=O,12.4758
[NH]C1=C[CH]ON=N[C]1[NH],96.7136
NC(=O)[C@H]1OCC(=O)O1,-156.2042
C[C@H]1[C@H]2OC(=N[C@@H]12)C,-8.6593
Cc1c(O)cc[nH]c1=O,-72.0277
CN(C=O)[C@H]1C[C@@H](O)C1,-70.0458
NC(=N)c1ncco1,2.8335
C1N[C@H]1[C@H]1O[C@H]2CO[C@@H]12,7.8493
ON=C1C[C@@H](O)C1,-21.4793
O=C1C[C@]2(CN3C[C@@H]23)O1,-4.482
COc1cnc(CN)o1,-48.0934
ON=C1COCCOC1,-63.5216
OC[C@H]1C[C@H]1NC=O,-61.7038
CC[C@@H](O)COC=NC,-85.8407
CO[C@@H](C)[C@@H](C)C(=O)C,-104.1763
CCC(=O)C[C@@H](O)C#N,-60.75
OC[C@]12C[C@H]1N=CO2,-31.3093
C[C@H]1O[C@@H](C)C=C1,-34.3116
O=C1N[C@H]2C[C@@H]3[C@H]2N13,29.1502
CC[C@@]12CC[C@]1(C)[C@H]2C,9.9449
C[C@]12[C@H]3O[C@H]3[C@H]1CC2=O,4.2193
OC[C@H]1C=CC[C@H]1C#C,34.4634
O=C1CNC[C@H]2OC[C@@H]12,-37.0151
CC[C@@]1(O)C[C@H]1OC=O,-107.9753
CN1C=CCOC1=O,-68.1108
C[C@H]1COC=N[C@H]1CO,-74.5494
C[C@@H](CC(=O)O)N=CN,-95.4081
ON=C1[C@H]2[C@@H]3[C@H]2N2[C@@H]3[C@@H]12,113.1944
NC(=O)C[C@H]1CO1,-66.6964
O[C@H]1COC[C@@H](C1)C#N,-53.6127
C[C@H]1C[C@H]2[C@H]3CC[C@H]3[C@@H]12,57.6337
N#CCOC1CC1,14.3984
CC[C@@]12C[C@@](C)(C1)O2,-0.4442
CC[C@@]1(C)N[C@]1(C)C#C,59.295
C#CC#C[C@@]12CN(C1)C2,187.5212
C[C@H]1CO[C@]21CC[C@H]2O,-53.3419
CC(=O)CO[C]([NH])C#C,-6.5703
C1[C@H]2CO[C@]31CCO[C@@H]23,-24.7307
Fc1cc(=O)cco1,-93.6784
N#CCCn1cccc1,51.2749
CC1=C[C@H]2OC=N[C@H]2C1,-7.7294
CCc1cc(no1)C#C,58.6754
C1N[C@]21C[C@H]1C[C@H]3[C@@H]2N13,94.6567
C#C[C@]12N[C@H]1[C@H]1CC[C@@H]21,141.2996
N.C=C(CN=C=O)C#N,6.4116
O[C@H]1[C@H]2C=C[C@]3(CO3)[C@@H]12,0.7643
O=C[C@@]1(C#N)[C@H]2CO[C@@H]12,27.6181
C[C@@]1(O)[C@@H](O)[C@H]1O[CH][NH],-80.9764
C1[C@H]2O[C@@H]1[C@@H]1C[C@H]2C=C1,36.9144
CC1=CCCCC=CC1,18.1326
C1C[C@@H]2[C@H]3C=C[C@@H]2[C@H]3O1,30.7881
OCC1=CCOC1,-56.2035
CC(C)(O)[C@H]1[C@H]2CO[C@@H]12,-37.6817
CC[C@H]1[C@H]2[C@@H]3C[C@]3(O)[C@@H]12,20.2297
CC[C@@H](C#N)N1C[C@H]1C,42.6877
CN(CC#N)C(=O)C,-24.4691
CNc1ccc(C)n1C,14.6142
CCO[C@H]1C[C@@H]2C[C@H]1O2,-51.4248
O=C[C@]12O[C@H]1C[C@]12CO1,-17.1373
OCC[C@H]1[C@H]2[C@H]3O[C@H]3[C@@H]12,16.9165
CCC[C@@H](CO)C#C,-8.7825
O=c1onc(o1)[C@H]1CO1,-83.6404
C[C@H]1COCOC(=N1)N,-73.9712
C[C@H]1[C@H]2O[C@]1(C#C)C2=O,60.279
C[C@@H](C1CC1)C1(C)CC1,16.7189
C[C@H]1[N][C]2CCN2[C]1[NH],59.2372
Cn1nc(C=O)nc1O,-39.1104
C[C@H]1[C@H]2C[C@H]2C[C@]1(C)O,-36.0364
CC1(C)[C@H]2O[C@@H]1C2(C)C,12.8221
C[C@H]1NC[C]([NH])OC1=O,-66.118
Cc1cc(O)cc(N)n1,-30.7235
CC[C@@]12[C@@H](O)[C@H]3[C@@H]1CN23,55.2338
CC1(COCC=O)CC1,-59.7701
Cn1nc(N)c(O)c1C,-12.6005
[NH][C]1OCCO[C@H]2C[C@@H]12,-31.9072
C[C@@]12[C@H]3C[C@@H]1[C@@H]1[C@H](C3)N21,76.4817
C1[C@H]2CO[C]3[CH][N][C]1N23,87.5444
CCO[C@H]1[C@H]2O[C@@H](C)[C@@H]12,-37.319
OCc1n[nH]nc1O,-30.8492
OC[C@H]1[C@H]2[C@H]3OC[C@H]3N12,24.3497
O=CN[C@H]1CCNC1=O,-87.4853
C[C@H]1O[C@H]2[C@@H](N[C@@H]12)C=O,-19.3369
OC1(CC#N)CCCC1,-29.3902
CCCCC[C@@H](C)CO,-87.0182
CC1=CNC(=O)C1=O,-52.2262
C[C@H]1C[C@]1(NC=O)C#C,32.6521
C[C@@H](C#N)N(C=N)C=O,0.2677
NC(=O)n1cccc1,-21.8901
[NH][C]1O[C@H]2CC[C@@]12C#C,73.6315
O[C@]1(COC(=O)C1)C#N,-86.4284
CN=C(N)NC(=O)C=O,-67.3444
O[C@H]1CCC(=O)[C]1[N][N],-21.3504
C[C@@H](C=O)[C@]1(CN1)C#N,26.3761
C1[C@@H]2N[C@]32COCO[C@@H]13,-13.5557
CCOc1ccc(C)o1,-66.7406
ON=C1[C@H]2CO[C@@H]1OC2,-46.3995
O=C1NC=CC=CCO1,-40.9842
O[C@H]1[C@H]2CCC(=O)C[C@@H]12,-55.303
Nc1conc1CCO,-28.7059
CCN1C=CCC1=O,-34.738
CC[C@H]1O[C@H]2C[C@@]12CO,-41.4788
C[C@H]1[C@H]2[C@H]3CN3[C@H]2C1=O,54.6269
COc1c(O)[nH]nn1,-19.9952
C[C@]12NC(=O)[C@H]1[C@H]1O[C@@H]21,-0.2745
C[C@H]1[C@H]2C[C@@H]1[C@H]1CC[C@@H]21,39.6185
C[C@]12CN[C@H]1[C@H]2C(=O)O,-40.676
C1C[C@@H]2CCCO[C@H]2C1,-52.6159
CN(C)c1conc1O,-22.5519
C1O[C@]21C[C@H]1CC[C@@H]2C1,-13.9934
CC(=O)C(=O)N1CC1,-45.752
O=C1NCC2(CN2)CN1,-13.5801
O=CN1C[C@H]2[C@H]3[C@@H]1CN23,34.4358
C[N]C1=NC=C(CO1)C,4.668
O=CC#Cc1conc1,47.4015
CN1[C@@H](C#N)[C@]1(C)CO,9.9882
C[C]([NH])O[C@@H](C=O)C#C,-2.2123
O[C@H]1C[C@]21CO[C@H]2C=O,-54.912
CC#Cc1cc(N)no1,58.2961
O[C@]12C[C@@H]3[C@H]1N(C2)C3=O,3.3092
CC1(CCC1)[C@H]1C[C@H]1O,-13.8138
C[C@H]1O[C@H]2[C@H]3[C@@H]1[C@@H]2N3C,37.8926
CC1=CCC2(CC2)[C@H]1O,-12.4271
NC(=O)CCCCCO,-111.9916
Nc1nn2nn[nH]c2n1,112.4475
CNC(=O)C1(O)COC1,-105.4994
C[C@H]1OC[C@H]2OCO[C@@H]12,-109.1801
C[C@H]1[C@H]2[C@H]3[C@@H]1[C@]2(O)C3=O,12.1517
O[C@@]1(C=O)[C@H]2C[C@@H]1OC2,-68.4668
CNCc1nc(N)co1,-11.2501
C[C@]12CC(=O)[C@H]1[C@H]2CO,-38.6871
NC(=O)c1cncnn1,21.8806
CC=C1C(=O)OC=C1.N,-67.7781
CCO[C@H]1C[C@]1(C)OC,-73.9159
CCOc1c[nH]c(C)c1,-28.3411
O=CO[C@]12C[C@H]1C(=O)C2,-60.6934
C[C@H]1Cc2c(C)nnn12,74.1105
CC(=NO)[C@H]1C[C]([NH])O1,-15.4441
CN1[C@H]2[C@H]3[C@@H]1[C@@H]2C3(C)C,89.8767
Nc1cc(NC=O)no1,-29.4493
CC[C@@]1(C)CC[C@@H](C)O1,-76.2948
CC#C[C@H]1OCCC1=O,-17.4084
CC(=O)C(CO)C(=O)C,-128.8821
CC(C)[C@H]1OCC=C1C,-45.5313
O=C[C@H]1CN2C[C@@]12C#C,89.7139
O=CN[C@H]1CCC=C1,-27.2832
C[C@H]1OC[C@@H]2[C@H]3O[C@@H]2[C@@H]13,-5.3865
C[C@@H](OC1COC1)C#C,1.3436
C[C@]12OCC[C@H]1N=CO2,-69.121
C[C@H]1[C@H]2CO[C@@H]3CN2[C@H]13,25.6417
CO[C@H]1[C@H]2[C@H]3C[C@@H]1CN23,3.9393
Nc1nc2c([nH]1)occ2,27.6941
CO[C@@]1(C)[C@H]2O[C@H]2C1=O,-53.1048
O=C1OC[C@H]2CC[C]2[CH]1,-40.8246
O[C@H]1CC[C@@]23C[C@@]12CC3,8.1978
COc1ncnn1C=O,-33.8851
CO[C@@H](C)CNCC#N,-21.2196
C[C@H]1NC[C@]1(C)C(=O)O,-81.2111
C1C=CC[C@@H]2[C@H]3O[C@@H]2[C@@H]13,54.0611
C1[C@H]2[C@H]3[C@H]4N[C@H]4[C@@H]1CN23,75.7768
O=C1NC[C@@H]2OC[C@H]1O2,-105.5109
CC1(CNC1)C(=O)O,-74.0118
Cn1ccc(=O)[nH]c1=O,-81.5919
C[C@H]1CC2(CC2)N=CO1,-14.5471
CNC(=O)[C@@H](CO)C#C,-37.2981
CC[C@@H](O)[C@H]1[C@@H](C)[C@H]1C,-52.5982
CC(C)(CC#N)C(=O)N,-40.2088
C1CC1Oc1cnco1,-18.5501
NC(=O)c1c[nH]cn1,-23.4429
CO[C@@]1(C)CN=CO1,-72.5277
C[C@H]1CC[C@H]2OCC[C@@H]12,-52.0593
C[C@H]1C[C@@H](O)[C@@H](C)[C@H]1O,-101.5307
[NH][C]1OC[C@]2(N[C@@H]12)C#C,73.795
C[C@@H](N)[C@@H](C#N)C(=O)N,-27.615
CCC(C)(CC)C(C)C,-52.6075
O[C@]1(CCC21CC2)C=O,-37.6204
O[C@H]1[C@@H](OC21CC2)C#N,2.2154
C[N]C1=N[CH]C=NO1,51.5577
CC(=O)C1=CC[C@H]2O[C@@H]12,-28.4369
CCN1C[C@]21CC[C@H]2O,-5.4644
CN1CCC1=O,-33.7246
C[C@H]1[C@H]2O[C@H]2CN1C=O,-53.4835
CC[C@@H](C#N)[C]([NH])OC,-15.837
CC#CCO[C]([NH])C#C,80.8127
OC[C@H]1OC(=O)[C@]21CO2,-110.8827
[NH][C@H]1OC=NN1C=O,-23.6681
CCC(=O)[C@H]1COC1=O,-112.4879
CC[C@H]1O[C@@H]2[C@H]1N[C]2[NH],16.6229
C1C[C@@]23C[C@@H](CO2)O[C@H]13,-31.071
C[C@@]12O[C@H]3C[C@@H]1[C@@H]2[C@H]3O,-49.9974
Cn1cnccc1=O,-20.0999
C[C@@]1(O)[C@H]2[C@H]3[C@@H]1CN23,40.5857
O=C(C#N)n1ncnn1,84.6807
CC1CN(C1)C(=O)N,-41.6627
O=CN1CC[C@@H](C1)C#N,-11.5901
COC[C@H]1C[C@H]1N1CC1,11.206
C[C@H]1[C@H]2CO[C@H]3CN1[C@@H]23,19.1771
C1[C@H]2Nc3c(occ3)[C@@H]12,44.97
OC[C@]1(OCC=C1)C=O,-83.2164
C[C@@]1(O)C[C@H]1[C@@H](O)C#C,-7.7842
Cc1noc(CCO)n1,-47.5776
NC(=O)[C@@]12C[C@@H](C1)OC2,-49.0708
OC1(CC1)[C@H]1CC(=O)N1,-44.8157
C[C@H]1O[C@H]2[C@@H](C)C(=O)[C@@H]12,-41.3835
O[C@H]1C[C@H]2[C@H]3C[C@H]3[C@@H]12,33.8409
O=CCC(=O)OC1CC1,-95.9906
C[C@H]1O[C@H]1[C@@]1(C)O[C@H]1C,-51.1468
COC[C@H]1O[C@H]1C1CC1,-36.598
C[C@@H](O)c1conc1N,-34.9502
C[N]C1=C[CH]CCO1,-15.2532
CCCCO[C@@H](C)C#N,-36.5381
C[C@@]12[C@H]3C[C@@H]1COC[C@@H]23,2.2076
CC1=C(CO)CNC1=O,-73.5462
O[C@]12C[C@H]1NC=C2C=O,-23.4949
C1[N][C]2[C@H]3N[C@H]3[C@H]3[C@@H]1N23,149.761
O[C@H]1[C@H]2CN2[C@H]1CC=O,-11.2897
C[C@@H](O)C(=O)[C@@]1(C)CN1,-64.0293
C[C@H]1[C@H]2[C@H]3C[C@@H]1N23,73.2262
OCC(=O)OCC1CC1,-115.6636
C[C@@]12CC[C@@H](CC1)OC2,-52.7395
CC(=O)C(=O)C1(C)CC1,-60.8301
N#C[C@H]1CO[C@H]2C[C@H]2C1,17.1897
CO[C@@H](C)c1n[nH]cn1,-10.3227
CO[C@H]1C[C@H]1[C@H]1C[C@H]1C,-7.8644
CCO[C@@]12[C@@H]3[C@H]4[C@@H]3[C@@H]1[C@@H]24,91.8661
C1[C@H]2CCOCCN12,-7.4694
Cc1nc(F)cnc1F,-77.194
Oc1cn(cn1)C1CC1,7.8577
OC[C@]1(C[C@H]1O)O[CH][NH],-79.5827
N#C[C@@]12[C@H]3[C@@H]1[C@@H]1C[C@H]3N21,152.9307
Cc1c(O)[nH]ccc1=O,-63.9762
C[C@@]12CO[C@@H](CO1)C2=O,-86.1174
O[C@H]1[C@H]2[C@@H](C#N)[C@H]2C1=O,10.1596
O=C1C=Cc2c1nco2,9.8331
CNc1cc(co1)C#C,48.3711
CCn1c(N)nnc1N,29.6096
C[C@H]1CN(CC1=O)C=O,-79.1247
CCCc1c[nH]cn1,6.6058
O=C[C@]12N[C@H]1CC12CC1,49.6068
CCN(C)C(=O)C#C,3.291
NC1=N[C@H]2C[C@]2(O1)C=O,-27.2257
CN[C@]1(C[C@H]1OC)C#N,15.7481
[NH][C]1O[C@H]2[C@@H]([C@H]3CO3)[C@@H]12,20.2607
CC[C@@H](O)[C@H]1CC(=O)O1,-127.5072
OCC(=O)[C@H]1O[C@H]1C=O,-109.8755
CCN[C@H]1CN[C@H]1C#N,52.565
N.C=C1C(=O)NC(=O)O1,-122.516
O[C@H]1C[C@@]23CC[C@]2(C1)O3,-23.2422
C[C@H]1[C@H]2[C@H]3O[C@@H]4[C@H]([C@@H]23)[C@H]14,19.9328
CN1CCNC(=O)C1=O,-80.1303
C1OC[C@@]23[C@@H]4[C@H]5[C@@H]([C@H]24)[C@@]135,124.0873
O[C@H]1CC[C@@H](OC1)C#C,-25.1656
Cc1c(CC#N)nno1,45.9634
CC#CCOCC(=O)N,-33.7615
O=C[C@]12NC[C@H]1OC2=O,-47.4105
CCN=C1OCC[C@H]1C,-48.6986
C[C@@]12CO[C@@H](CCC1)O2,-90.1246
O=C[C@]1(O[C@H]1C#C)C#N,64.4296
OC[C@]12C[C@H]1COC2,-55.81
NC[C@@H](CC#C)C(=O)O,-41.8262
OCC#CC1=NCCO1,-2.6597
C[C@@H](C#N)[C@H]1CNC1=O,-1.6905
O[C@]12CO[C@H]1[C@H]2NC=O,-58.4546
C[C@H]1[C@H]2CC(=O)[C@@]12C#N,35.8717
C[C@]1(CO1)[C@H]1OCC=C1,-34.0624
C[C@H]1C[C@@H](O)C(=O)C1=O,-105.2734
CC1(C)OC[C@H]1C1CC1,-19.5637
O[C@H]1CCCC=CC1=O,-67.2489
C1CN2[C@@H]1CC12COC1,39.1777
C#C[C@@]12C[C@H]3[C@H]4[C@@H]1N4[C@@H]23,177.5017
C[C@H]1[C@H]2[C@@H](O)[C@@H](O)[C@@]12C,-51.0282
CC1=C(NC(=O)C1)C#C,24.8702
C[C@]12C[C@H]3[C@H]([C@@H]13)[C@H]2CO,24.2841
Oc1nc2c(CCO2)[nH]1,-34.4289
CC(=O)[C@H]1OCC1=NO,-44.4385
CC(C)(C#N)[C@@H](O)C#C,32.5247
CC[C@H]1C[C@H]2C[C@@]12OC,-10.2878
C[C@H]1OC(C)(C)C21CC2,-24.8875
CC[C@H]1[C@H]2O[C@@H]3[C@H]2O[C@H]13,-12.1736
FC1=NCC(=C([NH])O1)F,-90.9289
CCC(=O)[C@@H](CO)OC,-131.8601
N[C@H]1[C@@H](NC1=O)C(=O)O,-103.1636
CC[C@H]1OC[C@]21CO2,-40.1134
O[C@H]1[C@H]2CC[C@H]2[C@H]1C=O,-28.155
C[C@@H](CO)CC#CC=O,-29.8631
[NH][C]1O[C@H]2C[C@@]12CC=O,-3.8702
C1OC=Nc2n[nH]nc12,43.0088
CC(C)C#CCC1CC1,46.4044
CCC(CC)NC=O,-74.6944
COC[C@H]1OC[C@]1(C)O,-107.3483
CCN1CC(=CC1=O)C,-45.462
CCO[C@@]12C[C@H]3[C@@H]1O[C@@H]23,18.4482
NC(=O)CN(C=N)C=O,-75.8704
Cn1cnc(=O)c(F)c1,-55.1654
COc1cc(N)co1,-44.2629
CCC[C@@H](O)C1CCC1,-54.4411
OC1(CC1)[C@H]1C[C@H]1C=O,-30.901
O[C@H]1CC[C@@H](O)[C@]21CN2,-53.2323
OC[C@]1(COC=N1)C#N,-24.8318
C[C@H]1C(=O)NC=CC1=O,-68.5626
C[C@@]12[C@H]3C[C@]1(C)C(=O)N23,32.4802
FC(F)(F)[C]([NH])N1CC1,-121.8666
CC1=C(NCC(=N1)F)[NH],-10.3766
O[C@H]1[C@H]2NC(=O)[C@@]12C=O,-51.3193
C1[C@H]2CC[C@@H]3CC=C[C@]123,39.9553
[NH][C]1O[C@H]2[C@@H](N[C@@H]12)C=O,5.2937
COC[C@H]1OCOC1=O,-155.4106
C[C@@]1(CC#C)CC[C@H]1O,17.7893
O[C@H]1[C@H]2O[C@@H]1C(=C2)C=O,-29.3461
COCC1COC1,-61.1438
O=C1O[C@@]23C[C@@H](OC2)[C@@H]13,-1.501
C[C@@]12N[C@]1(C=O)[C@H]1N[C@@H]21,62.2929
O=CC(=O)N1CC(=O)C1,-71.6575
C[C@@]12O[C@@H]3[C@H]4[C@@H]3[C@]1(O)[C@@H]24,15.4838
C[C@@]1(O)C[C@@H]2C[C@H]1[C@H]2O,-60.2589
Nc1cnc(F)nn1,8.9365
C[C@H]1[C@H]2N[C@@H]3[C@H]2O[C@]13C,25.5288
C[C@@]12[C@H]3C[C@@H]1[C@@H]1[C@H]3O[C@H]21,46.206
O[C@H]1C[C@@H]2C[C@H]1C(=O)O2,-114.9891
O[C@@H](C=O)C(=O)C1CC1,-86.3534
C[C@H]1[C@@H](O)[C@]1(C)[C@H]1CN1,-0.0992
C1Cc2cocc2O1,-28.1634
CC(C)(C)C[C@H]1CO1,-45.6335
Oc1ncc(F)nc1O,-106.4537
C[C@@H](O)CC#CC(=O)N,-45.1307
CC(C)C[C@H]1[C@@H](O)[C@H]1O,-79.6645
C[C@H]1[C@H]2[C@H]3[C@@H]1C[C@@]23C,55.4417
N#C[C@H]1CCCC=C1,34.9336
N#C[C@]12C[C@H]1COC=N2,39.4018
CC[C@H]1[C@H]2C[C@]1(C)CO2,-25.1021
Cc1n[nH]cc1N1CC1,66.6989
C[C@@]12[C@H]3O[C@@H]([C@H]1O)[C@@]23O,-37.1102
C[C@H]1[C@@H](O)[C@@H](CO)C1=O,-104.8083
COC[C@@H](C#N)N1CC1,23.036
CNC(=O)[C@@]12CN(C1)C2,30.7079
C[C@H]1[C@@H](C)[C@H]1[C@H]1CO1,-7.183
C[C@]12C[C@H]1C=CCC2,22.6888
C[C@H]1OCOC1=O,-123.8653
O=C[C@H]1[C@H]2CNC(=O)N12,-28.2034
o1ccn2cnnc12,48.4106
ON=C1[C@H]2N[C@@H]1[C@H]1O[C@@H]21,65.1437
O=C1Cc2c(N1)nno2,10.1088
CC[C@H]1[C@@H]2[C@H]3[C@H](N13)C2=O,47.1896
C[C@H]1CO[C]([NH])[C@@H](C)N1,-35.988
CCc1ccco1,-25.1727
C[C@H]1C[C@]2(CO2)C=C1,-3.4124
CC1(C)C[C@H]1C(=O)C#C,28.8773
O[C@H]1[C@H]2N[C@H]2CCC1=O,-45.9973
C[C@@H](C#C)[C@]12C[C@H]1OC2,65.6023
C[C@H]1O[C@]1(C)C(F)(F)F,-205.4985
C[C@H]1[C@H]2O[C@@H]1[C@]2(C)C#C,80.938
CC(C)[C@H]1N[C@]1(C)C=O,-30.5818
C1[C@H]2OCC[C@H]3O[C@H]3[C@@H]12,-21.2549
CCOC[C@H]1CC(=O)O1,-119.6608
CCOCC(=O)C#N,-41.8991
CCN1C[C@]1(C=O)C#C,54.7009
C1[C@H]2[C@@H]1[C@H]1C[C@@H]3[C@H](C1)[C@H]23,47.1334
CC(C)Oc1conc1,-34.7837
C[C@@H](O)[C@@H](NC=O)C#C,-34.3325
C[C@]12[C@H]3C[C@H]3[C@H]1NC2=O,27.376
OC[C@@H](CC#C)N1CC1,40.1604
OCC(O)(CO)C#C,-69.1445
NC(=O)[C@]12N[C@H]1C[C@H]2O,-34.4037
CC(C)Oc1cocn1,-62.4324
O=C[C@]1(C[C@H]1C#C)C#N,82.9518
CN[C@@H](CCO)C(=O)O,-142.7495
O=Cc1c[nH]c(=O)cn1,-34.0086
CC1(O)CN(C1)C(=O)N,-79.6941
O=C1N[C@H]2C=CC[C@H]2O1,-62.3239
C[C@@]12C[C@H]3C[C@@H]1C(=O)[C@@H]23,18.3778
[NH][C]1OCCO1,-66.709
C[C@H]1[C@H]2[C@@H]3[C@H]4N3[C@@H]1[C@@]24O,73.8073
OC[C@]12N[C@H]1C[C@H]2C#C,74.3733
COCC[C@]1(CN1)C=O,-49.0694
O=C1CC[C@H]2O[C@H]2CN1,-54.7366
CC(C)(C)OC(=O)C#C,-48.743
CCC[C@@H](C)CNC=O,-77.7873
O[C@H]1C[C@H]2O[C@H]3[C@@H]1[C@@]23O,-54.3177
Cc1cnc(N)nn1,47.8777
C[C@@]12O[C@H]3[C@@H]1O[C@@H]23,33.5472
CC#CCc1ccc[nH]1,68.2951
C[C@]12N=CO[C@H]1[C@H]2O,-32.4325
N#C[C@@]12OC[C@H]3O[C@@H]1[C@@H]23,33.1754
C[C@H]1[C@@H](O)CC[C@]1(C)O,-103.5607
CC[C@@H](O)c1c[nH]cc1,-29.3978
C1CC1Oc1cnc[nH]1,16.41
N[C@@H](CNC1CC1)C#N,53.9995
C[C@@]12C[C@@H](O1)[C@H]2C#C,79.7833
C[C@@H](O)[C@@]1(O)C[C@H]1CO,-118.1296
C[C@@H](O)C(C)(C)O,-113.2326
C[C@H]1C=C[C@]2(CO2)C1=O,-26.8888
O[C@H]1C[C@@H]2[C@H]3[C@@H]4C[C@]13N24,80.8323
CNC1=C(ON=C[CH]1)[NH],35.6686
CN1[C@H]2[C@@H](O)C[C@@]12C#C,74.7404
C[C@@H](O)C1OCCO1,-126.0451
Cc1cnc(N)c(F)c1,-35.2521
[NH][CH]OC(=O)[C@H]1CCO1,-80.728
C[C@H]1CCN1CC#N,45.4116
C[C@]12O[C@H]1[C@@]1(C)[C@@H](O)[C@@H]21,-1.1175
O=CNC1=C[C@H]2N[C@H]2C1,14.8688
CC1=C[C@@H](O[CH][NH])OC1,-48.9428
C[C@@H](O)[C@H]1C[C@@H](C)C1,-51.7361
C[C@@]12[C@H]3[C@@H]1[C]1[CH]CN3[C@H]21,168.6778
C[C@@H](CO)[C@H]1CCCO1,-97.2548
COc1c(N)c(N)n[nH]1,6.1322
C1CCOCCCOC1,-82.1143
C[C@H]1CN1C[C@@H](N)C#N,55.0657
C[C@@H](O)CCC#CC=O,-33.7486
OCCC1=NCC(=O)O1,-111.2061
N[C@H]1COC[C@H]1C#N,-3.7983
CCC#C[C@H]1CC(=O)N1,18.4397
C[C@]12[C@H]3C[C@H]([C@@H]13)[C@]2(C)O,18.312
NC1=N[C@H]2C[C@@]2(O)C1=O,-24.7653
COCC[C@]1(CO1)C#C,0.5736
COC(=O)NCCC#N,-75.3474
CO[C@H]1CCC[C@H]1C=O,-77.8292
O=C1C[C@H]2[C@@H](C#C)N2C1,63.9045
C[C@@]12C[C@H]3[C@@H](C1)[C@@]23C#C,118.756
CC1(C)CC[C@@H](C1)C#N,3.153
O[C@@H](C[C@H]1CO1)C#N,-25.7313
Cc1cnc(F)nn1,3.8012
Cc1c(O)[nH]c(O)c1N,-52.5236
CC[C@H]1C[C@H]1C(=O)C#N,7.7431
Oc1c(onn1)C1CC1,4.9837
C[C@H]1[C@H]2OC(=O)[C@@]12O,-71.9615
CC[C@]12C[C@H]1C=CCO2,-5.7592
C[C@@H](C#CC#C)C1CC1,114.8529
O[C@H]1[C@H]2CO[C@@H]1[C@H]2C#N,-10.518
C[N]C1=CC(=CCO1)F,-46.9617
Cn1ccc(=O)nc1O,-61.4432
CC#C[C@H]1CN[C@H]1C#N,106.8459
C[C@@H](O)[C@H]1[C@H]2O[C@H]2C1=O,-62.5312
COC=NCCO[CH][NH],-53.1824
CCC[C@H]1[C@H]2CC=C[C@@H]12,23.8736
O=C1CCO[C@H]1[C@H]1CO1,-78.9136
CC1CC2(CCC2)C1,14.638
CC[C@@]1(C=O)[C@@H](C)[C@H]1C,-40.8105
Cc1c(cc[nH]1)[C@H]1CO1,6.554
CO[C@H]1[C@@H](C)OC1=O,-111.9821
C#C[C@H]1C[C@H]2OC[C@H]2O1,11.7287
C[C@H]1C[C@H]2CC[C@@H]1[C@H]2O,-48.5634
C1OCC1[C@@]12CN(C1)C2,62.3567
CCn1ccnc1,16.297
CC[C@@H](C#N)[C@@H](O)C=O,-58.6058
O=C1CN2[C@@H](CC#C)[C@@H]12,86.5143
CCCC(=O)C,-65.6149
CC(=O)[C@H]1OCC1=O,-83.4443
ON=C(C#C)[C@H]1CCO1,45.5424
C1N[C@]23CO[C@@H]4[C@H]2N[C@]134,120.6933
N#CC#C[C@H]1CCOC1,46.7822
C[C@H]1NC(=O)[C@H]2CC[C@@H]12,-33.7514
CCC1CN(C1)C(=O)N,-46.6632
OC[C@H]1OC[C@]21CN2,-24.8445
CN=C(C)OCC#CC,7.3649
[NH]C1=C[CH][C@@H](O1)CC#C,48.4188
C[C@H]1[C@H]2[C@H]3C[C@H]4[C@@H]1N4[C@@H]23,59.064
O=CCC(=O)[C@H]1CO1,-75.1417
C[C@]12C[C@H]1OCC(=O)N2,-56.0349
C[C@@]1(NC=O)[C@H]2C[C@@H]1O2,-11.9982
C[C@H]1N[C@]21[C@H]1C[C@@H]2O1,64.4637
C[C@]12CCN1[C@@H](C2)C=O,11.8434
C[C@@]12C[C@H]3CN1C[C@@H]2O3,2.5807
C[C@H]1C=C[C@@]2(C)N[C@@H]12,40.0348
FC1=COC(=C(F)[N]1)[NH],-83.1673
Cc1c(N)oc(=O)o1,-111.9172
CN1[C]([NH])NCCC1=O,-37.9513
C[C@H]1CCCO[C@H]1CO,-101.3393
CC1=C[C@@]23C[C@@]2(CO3)C1,41.9446
C#C[C@H]1[C@H]2[C@H]3CC[C@H]3N12,152.9368
C[C@H]1OC(C)(C)C1=NO,-37.6814
[NH][C]1OC[C@H]2OC=N[C@@H]12,-34.5249
C[C@]12N[C@H]1CCO[C]2[NH],-1.0466
o1cc2nccnc2n1,64.8658
N=CN(C[C@H]1CN1)C=O,5.9882
O[C@H]1CC[C@H]1C#N,-0.5652
C[C@H]1O[C@H]1[C@@H](CO)C#N,-33.2036
O=C1C[C@H]2N[C@@]12C#C,87.3939
OC[C@H]1[C@H]2[C@@H]3[C@@H](O)[C@H]2[C@H]13,11.6636
CCC[C@@H](C)CC(C)C,-58.7759
OC[C@H]1[C@H]2C[C@@H]3[C@H]2[C@]13O,-4.1973
O[C@H]1[C@H]2[C@@H](O)CC[C@@]12O,-97.7268
CN1CC2(C1)OC2(C)C,-7.3489
ON=C1[C@@H]2C[C@@H](N2)C1=O,30.1274
CO[C@H]1O[C@H]2CC[C]2[CH]1,-24.1879
O=C1CC[C@H]2[C@H]3C[C@H]3[C@@H]12,16.3572
O[C@H]1CCO[C@H]1[C@H]1CO1,-91.0213
Nc1cc(=O)c(F)co1,-92.2108
CC[C@H]1[C@H]2CC(=O)O[C@@H]12,-68.662
OCC#CCOCC#N,15.609
C[C@]12[C@H]3O[C@H]([C@@H]13)C12CC1,68.1914
OC[C@H]1[C@H]2C[C@@H]1[C@H]2C=O,-7.6392
O[C@H]1CCC=CC1=O,-63.1055
N#CC1=C[C@@H]2N[C@H]1C=C2,113.5244
C[C@H]1C[C@H]2[C@@H]1[C@H]2C(=O)N,-11.8407
CO[C@H]1[C@H]2[C@@H]3C[C@]3(C)[C@@H]12,24.8563
N#C[C@H]1[C@H]2O[C@@H]1C2(C)C,53.0035
N#CC1(CN1)C#N,102.9498
C1CC21C[CH][C]1CO[C@@H]21,46.7168
O=C1CO[C@H]2CN3[C@H]2[C@H]13,4.4243
CO[C@H]1CCCC[C@H]1O,-98.4741
C[C@H]1OC[C@@](C)(O)[C@H]1C,-103.1227
O[C@H]1[C@@H](O)[C@]21C[C@H]1N[C@@H]21,11.1619
CCC[C@@H](O)C#CCO,-45.8864
COC[C@@]1(CO)O[C@H]1C,-107.9262
C[C@H]1C[C@@H]2[C@H]3N4C[C@]13[C@H]24,119.5728
O=C(CC#CC#N)C#N,94.4662
C#C[C@H]1CC=C[C@H]1C#C,137.7913
CCN=C1CCOCO1,-74.1096
C1[C@H]2C[C@]31COCC[C@@H]23,21.7935
O[C@H]1CO[C@H]2COC[C@@H]12,-105.9014
C[C@H]1OC[C@H]1CC(=O)C,-73.6186
[NH][C]1C[C@@H](CO1)C1CC1,-13.0311
C[C@]1(N[C@H]1CC#N)C#N,82.224
C[C@H]1O[C@H]2[C@@H]3C[C@@H](O3)[C@@H]12,-20.2948
CC[C@H]1CC=CC(=O)C1,-39.6736
CN(C)[C@]12C[C@H]1NC2=O,15.4601
Cn1cnc(O)cc1=O,-69.7546
C1C[C@H]2O[C@H]3C[C@@H]1[C@@H]2O3,-65.7121
ON=C1[C@H]2N[C@H]2C[C@H]1O,0.7331
NC(=O)[C@H]1NC[C@]21CN2,19.0906
COc1ccncc1O,-51.7818
O=CC[C@H]1O[C@H]2C[C@@H]12,-16.2262
C[C@@]1(O)CC=CC=CC1,-19.8525
CC[C@]1(CO1)C(=O)C#N,-18.2941
C1C[C@@H]2C[C@@H](CC=C2)O1,-26.3754
CCC1=C[C@@H](O)C[C@H]1O,-77.2449
CC(=O)OCC#CC#C,16.3107
o1cnc2c1ccnc2,15.6618
CC1(C)OC(=O)[C@H]1C#N,-50.4766
OC[C@H]1O[C]([NH])C21CC2,-30.6929
C#CCC#CC1CCC1,122.1
CO[C@H]1C[C@@H](C)C[C@H]1C,-66.9129
CN1[C@@H](CC=O)C1(C)C,-17.9462
C[C@H]1COC(=O)C=C1,-73.0515
O=CNC[C@H]1C[C@H]2N[C@@H]12,12.3138
C1CNc2cocc2N1,12.8891
O=C1CC[C@H]2O[C@@]12C#C,18.1148
[NH]C1=C[CH]C(=O)C(=O)O1,-68.5696
Cc1c(C)c(=O)nc[nH]1,-25.3351
Cn1cc(nc1C)C#N,43.2381
O=C[C@H]1[C@H]2O[C@@H]1[C@H]1C[C@@H]21,9.8242
OC1(CCCC1)C=O,-84.4514
CC(=O)CN1CC1,-11.9079
O=C[C@H]1C[C@@H](C=O)C=C1,-37.9926
Fc1cnc(cc1)C#N,14.5123
O=C1[C@H]2[C@H]3C[C@@H]1O[C@@H]23,-22.4681
C[C@]12CN[C@]1(CO2)C#C,66.5998
CCc1ncc(C)cc1,5.4784
CC1=CCC(=O)N1[CH][NH],-9.8255
OC[C@@]12O[C@@H](C=C1)[C@H]2O,-44.1584
CC[C@H]1CC2(CC2)[C@H]1O,-19.7444
C[C@@](O)(CO)C[C@H]1CO1,-112.4136
CCOc1n[nH]cc1C,-19.7645
N#C[C@H]1OCC=CC=C1,38.9654
O=C[C@H]1[C@H]2[C@@H]1[C@@H]1C[C@H]2O1,3.2404
C1O[C@H]1c1ncnnn1,84.4696
NC(=O)c1coc(N)n1,-61.1423
[NH][C]1CNC(=O)CCO1,-64.7569
CCC[C@H]1OCC[C@H]1C,-69.5955
O=C1N[C@@H]2[C@H]3N[C@@H]2[C@H]3N1,35.3818
O[C@]1(CNCC=C1)C#N,17.1266
CCCCN=COC=O,-81.7702
CCCC(=O)C#CCC,-11.1056
C[C@@H](O)[C@H]1CCCC1=O,-95.7038
C[C@H]1OC[C@H]1C1(O)CC1,-44.7331
NC(=O)C(=O)CC#C,-22.9836
C[C@@H](OC(=O)C)C1CC1,-90.4528
CC[C@]12CC[C@H]1N1C[C@@H]21,72.164
O[C@]1(CC(=O)C=C1)C=O,-84.0022
C[C@H]1C=C(CO)[C@H]2O[C@@H]12,-34.5161
C[C@]1([C@H]2C[C@@H]1N2)C(=O)O,-22.5811
Cc1c(N)c(co1)C#N,13.9168
CC#C[C@]12C[C@@H](O)[C@H]1O2,18.9401
O[C@H]1[C@H]2N3[C@@H]1C[C@@]23C#C,104.8401
C[C@H]1C[C@@H]2C[C@H]3[C@@H](C2)[C@@H]13,8.7293
O[C@H]1CN(C=O)C=C1,-57.6119
C1[C@H]2[C@@H]1[C@H]1OCOC[C@@H]21,-24.3084
C[C@@]1(O)[C@H]2OCO[C@@H]12,-81.9714
CC[C@@]1(C)[C@@H](C)N1C,0.1744
CC#CCO[C@H]1C[C@H]1C,23.0905
C[C@H]1[C@H]2C[C@@]2(C)[C@]1(C)O,-22.3737
CO[C@H]1C[N][C](O1)C#C,-2.7074
C1Oc2c([nH]nn2)C=C1,48.5343
C[C@H]1COC[C@]1(O)C#N,-51.0142
C[C@H]1COCCC=C1C,-40.6348
C[C@H]1C[C@]21CO[C@H]1C[C@@H]21,7.165
CC[C@@H](OC=NC)C#N,-7.2514
C[C@@]12CC(=O)[C@]1(C)N2,6.8057
C[C@H]1C[C@]21[C@H]1C[C@H]1[C@H]2O,18.0567
Cc1coc2c1cn[nH]2,30.3331
CC[C@]1(O[C@H]1C#N)C=O,-18.37
CC(=O)c1n[nH]cc1O,-47.8971
CCO[C@H]1[C@H]2[C@H]3O[C@H]3[C@@H]12,18.7827
CC(C)[C@@H](O)[C@H]1CO1,-77.8524
C[C@@]12C[C@H]3CC[C@@H]1O[C@@H]23,-0.977
C1O[C@]21[C@H]1C[C@@H]3O[C@H]1[C@H]23,24.6774
C[C@@]12[C@H]3C[C@@H]1[C@@H](O)[C@@H]23,26.191
C[C@H]1CCCCC21CC2,-8.8063
C=C1[CH][C]2[N][CH][C@H]3[C@@H]1N23,150.9032
Cc1c2CCCc2c[nH]1,18.6147
CN(CCO)C(=O)C#C,-31.247
C[C@H]1[C@H]2N1CC12CCC1,62.811
C[C@]12C[C@@H](C#C)[C@H]1CO2,53.0019
O[C@@]12CC[C@H]3C[C@@H]1C[C@@H]23,-11.6829
OCCCOC[C@H]1CN1,-57.9937
CC1=C[C@H]2C[C@H]2[C@]1(C)O,-12.1391
C[C@H]1OC[C@H]2[C@@H](O)[C@@]12C,-68.3086
NC1=C(N=C(OC1)O)[NH],-39.059
Oc1c[nH]c(F)cc1=O,-96.3963
C[C@H]1C[C@H]1N(C)C(=O)C,-40.9125
N#C[C@]12O[C@H]1C[C@H]1C[C@@H]21,48.1584
CC1(C)O[C@H]1CN1CC1,-1.4126
O[C@H]1[C@H]2O[C@@H]1C12CC1,19.668
CC(C)[C@]12C[C@H]1[C@H]1C[C@@H]21,67.2283
O[C@@]12[C@@H]3[C@H]4[C@@H]3[C@]1(O)[C@@]24O,28.8535
C#C[C@H]1[C@H]2[C@H]3C[C@@H]1C[C@@H]23,86.1418
C[C@H]1[C@@H]2N[C@@H]([C@H]2O)C1=O,-35.2681
C#CCc1ncncc1,91.7604
COc1nc(N)c[nH]1,-15.3429
CC(=O)N1CCOC1=O,-135.3954
C1[C@H]2CN1c1c2onc1,105.4786
CCO[C@@H](C#N)[C@@H](C)N,-27.2186
C[C@H]1[C@@H](O)CNCC1=O,-80.8101
CN=CO[C@H]1C[C@]1(C)O,-50.1964
CC#C[C@@]12C[C@H]3[C@@H](C1)[C@@H]23,119.0647
O[C@H]1[C@H]2C[C@]3(CO3)[C@@]12O,-40.5552
CCCC(C)(C=O)C=O,-83.013
CCC1=C(CO)CCC1,-44.4752
OC1(COC1)C1CCC1,-46.4549
O=C1C[C@@H]2[C@H]3CO[C@@H]2[C@@H]13,-26.9453
C1[C@H]2N=C3OCCN3[C@@H]12,21.533
O=CO[C@@H](CC#N)C=O,-75.1552
CNc1cnc(O)nn1,15.1651
C1C[C@H]2[C@H]3O[C@@H](C=C1)[C@@H]23,37.087
OC(=O)[C@H]1[C@H]2[C@H]3N[C@@H]1[C@@H]23,2.9232
C[C@H]1[C@H]2C[C@@H]1[C@@H](C)C2,6.8613
Nc1c(onc1)N1CC1,53.2276
O=C(CC1COC1)C#C,8.7832
NC[C@]1(CN1C=O)C#N,29.989
C[C@@]1(O)C[C@H]2COC[C@@H]12,-68.3124
CC1=CC[C@@]2(C)O[C@H]2C1,-20.2873
CO[C@H]1[C@H]2O[C@@H]1C=C2,1.2462
O=C1C[C@H]2[C@@H](CC#N)[C@@H]12,40.4952
CO[C@H]1[C@H]2CO[C@@H]1C2=O,-60.2954
COc1cnc(C)n1C,-23.9362
CN(CC(=O)O)C1CC1,-72.0545
C[C@@]12C[C@]1(O)[C@@H](CO)C2,-48.1335
OCC[C@H]1C[C@]1(O)CO,-110.0974
C[C@H]1OCOC[C@H]1CO,-128.9346
O=C1CN2CCC=C[C@@H]12,17.7864
COC1(CC1)[C@@H](O)C=O,-91.7322
CN[C@@H](C[C@H]1CO1)C#N,14.2659
OC[C@@H](C#C)C1COC1,-2.9304
C[C@@H](C#N)c1nonn1,77.3662
C1[C@H]2CC[C@H]3CC[C@H]3[C@@H]12,29.193
C[C@H]1C=CCC(=O)[C@H]1O,-64.0153
C1[C@H]2N[C@H]2c2c1nno2,80.1846
O=CCC1CC1,-18.5989
[NH][C]1NCCOC1=O,-62.5087
C[C@@]1(O)COC[C@H]1O,-124.4669
O=CCN1CCC1,-7.9672
CC1(CC(=O)N)COC1,-76.8857
CC1=CC[C@@](C)(C1)C#N,26.6864
COc1conc1OC,-57.9927
O[C@H]1C[C@H]1CC=O,-52.5934
CNc1c(C)oc(=O)[nH]1,-72.806
C[C@@]1(O)[C@@H](C=O)[C@H]1C=O,-83.6457
COCCCC(C)(C)O,-115.007
C[C@@H](NC=O)C(=O)CO,-128.9909
C[C@@]1(O)[C@H]2C[C@H]3C[C@@H]1[C@@H]23,14.1837
CCc1cn(C)c(O)c1,-29.6513
O=Cc1cc(=O)[nH]cn1,-42.3928
CC[C@@]1(O)CO[C@H]1C#C,-8.9614
CC1(C)C[C@]2(C[C@H]2O)O1,-52.2682
CC1(C)[C@H]2CCCO[C@@H]12,-31.2172
C[C@@H](O)c1ccc(O)[nH]1,-64.5182
O=C[C@H]1CC[C@]21CO2,-25.7285
C[C@H]1N2C[C@H]2C1(C)C,33.5113
CC(C)O[C@H]1C[C@]1(C)O,-82.6797
Cc1c(O)c(O)ccn1,-64.155
CC1=CCC[C@]1(C)CO,-44.9947
C[C@]12O[C@H]1C(=O)C12CC1,-0.1795
C[C@H]1[C@H]2[C@@]3(C)N[C@H]3[C@@]12O,51.7179
C[C@@H](CC=O)[C@H]1CN1C,-14.5815
C[C@H]1[C@H]2C(=O)C=C[C@@]12O,-29.3436
CC1=CC[C@@H](O)C1=O,-67.9461
C[C@H]1[C@@H](O)C2(CC2)C1=O,-42.9517
C[C@@H](OCC#C)C(=O)N,-35.7645
N#CC[C@H]1CCOC=N1,1.341
CNC(=O)CCCCO,-109.3786
CC[C@H]1OCCC[C@H]1O,-105.1131
O=Cc1nc(=O)nco1,-53.9646
C[C@H]1[C@@H](CCCO)N1C,-28.9445
C[C@H]1C[C@@H](C)[C@]1(O)C#N,-13.1836
CC[C@H]1CCCC(=O)O1,-107.3616
C[C@H]1[C@H]2[C@H]3N(C)[C@@H]1[C@@]23C,72.757
[NH][C]1CC=CC(=O)CO1,-32.7814
CC(C)(O)C1(C)CC1,-48.6663
CCN1C[C@@H](O)[C@H]1C=O,-51.6391
C1CC1c1cnccc1,48.1841
CCCOC(=NCC)C,-65.3789
CC[C@@]12[C@@H]3[C@H]4[C@@H]3[C@@H]1C[C@@H]24,91.7111
C[C@H]1[C@H]2[C@@H](O)[C@@H]1C2=NO,27.8449
CCNc1cnncn1,50.5365
C[C@@]12[C@H]3C[C]([CH]C1=O)[C@@H]23,81.192
C1O[C@H]2OCC[C@@H]1C=C2,-48.8434
CO[C@H]1CCO[C@H]1C=O,-102.8247
C[C@]12CC[C@H]3[C@H](N13)C2=O,17.1639
COC(=O)[C@H]1N[C@H]1C#C,6.5622
O=C1C[C@H]2OC[C@H]2C1=O,-66.1295
C[C@@]12[C@@H]3[C@H]4[C@@H](N13)[C@@]24O,101.1215
OC[C@]1(CCCO1)C#N,-51.648
O=Cc1ccnc(=O)[nH]1,-39.9568
CC1(CC1)[C@H]1[C@H]2CO[C@@H]12,30.4117
O[C@]12CCN3[C@H]([C@@H]13)C2=O,-5.6485
CC[C@H]1CCC(=O)C1=O,-75.0268
C[C@]12CO[C]([NH])C[C@H]1N2,-3.2259
COC(=O)CCN1CC1,-65.9325
CCC(=O)NC(=O)OC,-149.6793
C[C@H]1O[C]([NH])NC1=O,-80.0927
C[C@@]12CN3C[C@@](O)(C1)[C@@H]23,30.4415
[NH]C1=C(CN=CO1)C#C,69.1714
CNc1noc(OC)c1,-29.0291
O[C@H]1[C@H]2[C@@H](O)[C@]1(C)[C@H]2O,-71.7567
CC[C@H]1CO[C@@H](C1)C#N,-20.74
CN=c1oc(N)c(N)o1,-41.2921
O=CC(=O)N1[C@H]2CC[C@@H]12,-5.3511
O=C1CC[C@H]2O[C@H]2C=C1,-28.0309
CCO[C@]12CC[C@H]1[C@H]2C,-13.2214
[NH][C]1OCC2=NCCN12,0.4082
CC1=CCCC[C@H]1C#C,55.2044
N[C@]1(C[C@]1(O)C#C)C#N,79.7501
O[C@H]1[C@@]2(O)C[C@@]1(C2)C#N,5.5745
CC1=C[C@@H]2C[C@H]1C(=C2)C,45.6776
CC1=C[C@H]2N(CC2=O)C1,13.3826
C[C@@H](C#C)N1CC(=O)C1,47.418
C1N[C@]21CCN=COC2,12.0257
CC(C)OC[C@@H](C)C#C,-14.0485
O=C1CCNC(=O)CN1,-82.9472
[NH][C]1CC[C@H]2C[C@H]2O1,-5.9748
[NH]C1=CCC=NN1,61.129
C[C@@]12C[C@@](O)(C=C1)C2=O,-16.2036
C#C[C@H]1[C@H]2[C@H]3C[C@@H]1O[C@@H]23,61.4738
C[C@]12C[C@H]1[C@H]1C[C@@]21C=O,46.5781
C[C@@]12N[C@]1(CO)CC=C2,1.8409
CC[C@@](C)(C#C)C#CC,84.1414
N[C@@](CO)(CC#N)C#C,42.1812
OCC1(CCOC)CC1,-73.7446
C[C@H]1CO[C@@H](C=C1)C#C,35.4266
N#CC[C@@]12C[C@@H](CC1)O2,16.9813
C1OC[C@H]2O[C@H]3[C@@H](O1)[C@@H]23,-47.0217
CC1=C(C[C@H]2C[C@@H]12)C#N,57.9299
O=C[C@]12CCO[C@H]1CO2,-78.9789
O=CN1[C@H]2C[C@@H]1[C@]12CO1,33.4441
CCCN1[C@H]2[C@@H]3O[C@H]2[C@H]13,71.9494
CN(C)Cc1cnno1,24.1979
OC[C@H]1N[C@@H](CO)C1=O,-90.7147
C[C@@]1(CCO)C[C@H]2O[C@@H]12,-40.7396
Cc1ccc(F)cc1C,-47.5382
C[C@H]1C[C@@]23C[C@@H]([C@@H]12)N3C,126.6607
C[C@H]1N[C@]21[C@H]1N[C@@H]2C=C1,108.6401
C1CC1[C@H]1[C@H]2C[C@@H]3[C@H]2N13,107.4161
N#CC[C@H]1NC[C@H]1C#N,82.219
OC[C@@H](O)[C]1[N]CCN1,-69.1406
[NH][CH]Oc1cnncn1,44.9936
C[C@@]12CO[C@]31C[C@H](C3)C2,28.7852
C[C@@]1(O)[C@@H](N[C]1[NH])C#C,48.5943
Cc1c(CC#C)[nH]cc1,72.522
OCCN1C=CCC1=O,-67.7894
CC[C@]12C[C@H]1CC[C@H]2C,-8.2579
O[C@H]1CCO[C@H]1O[CH][NH],-106.1596
CC[C@@H](OC)C#CC,-10.4705
N#C[C@H]1NC[C@H]2OC[C@@H]12,31.0479
CC(=O)Nc1c[nH]nn1,1.8952
CN1[C@H]2[C@@H]3N[C@H]2C(=O)[C@H]13,66.8819
[NH][C]1O[C@H]2C[C@H]3C[C@@]12O3,32.6572
CC(=O)C(C)(C)N1CC1,-22.854
CCC(=O)[C@]1(CN1)C#N,15.1242
CCc1noc(OC)n1,-45.7742
CO[C@]1(C[C@@H](O)C1)C=O,-94.0132
C[C@@]1(C#C)[C@H]2[C@@H](O)CN12,75.4696
C[C@@H](C#C)[C@H]1O[C@H]1C#C,96.8038
COCC1CCOCC1,-93.6931
C[C@@H](OC1CC1)C#N,4.8052
NC(=O)[C@]12CN1CC2=O,-17.1918
[NH][CH]O[C@H]1[C@H]2[C@H]3C[C@@H]1[C@@H]23,52.0177
O[C@H]1C[CH][C]2CC[C@@H]12,6.6378
CCC1CC(=O)C(=O)C1,-74.8687
C[C@]12O[C@H]1C[C@]2(C)O,-47.7772
OC[C@H]1C[C@@]23C[C@@H](C2)N13,87.9515
CC1=CCC[C@@]2(O)C[C@@H]12,-15.5164
NC1=N[C@H]2CO[C@H]2CO1,-41.1456
OCC(=O)N(C=N)C=N,-51.3486
CC1=C(CO)C[C@H]2O[C@@H]12,-38.4455
C[C@H]1[C@@]23CO[C@@]12CCC3,13.9622
C[C@]12N[C@H]1[C@@H](O)[C@H]2C#C,66.1065
C[C@@H](O)C1=CC[C@H]2O[C@@H]12,-36.4469
C[C@@]1(O)COC1(C)C,-84.7349
C[C@H]1[C@@H](CO)C[C@]1(C)O,-85.2926
C[C@@H](O)[C@H]1CCOCO1,-134.4153
CCC(C=O)(C=O)C#C,-6.5123
C[C@H]1C[C@H]2[C@H]3C[C@@]2(C3)O1,29.1485
C[C@H]1Cn2ncnc2N1,44.9197
O=C[C@@]12C[C@@H](C1)OCC2,-43.091
C[C@H]1C[C@@H]2C[C@@](O)(C2)C1,-39.6176
C[C@@]12N[C@H]3[C@@H]1N[C@@]23C#N,145.5529
CC(=O)C(C)(C)[C@H]1CO1,-69.7512
COc1cc(O)c[nH]1,-48.129
CC#CC(C)(C)C#N,60.8742
CC1=CC(=O)[C@@H](O)C1=O,-89.5199
C[C@@]12CO[C@]1(C)[C@H]1C[C@@H]21,12.8847
C1CC1Nc1ccn[nH]1,63.0117
O[C@H]1[C@@H]2C[C@@H](C2)[C@H]1C#C,43.0082
C[C@H]1C=C[C@H]2OC[CH][C]12,10.96
C[C@H]1Cc2c(C1)nn[nH]2,52.8555
C[C@H]1C[C@H]2O[C@@H](C)O[C@@H]12,-72.3071
ON=C1C[C@@H](C#N)[C@H]1O,14.0161
O=C[C@H]1[CH][C]2C[C@@H]3[C@H]2N13,120.4161
C1CN1c1ccn[nH]1,73.8474
CC#CCC1(CC1)C#N,90.5523
C[C@H]1CCC(=C1)[C@H]1CO1,-8.0885
C[C@H]1N=C(C)OC1(C)C,-59.0431
CO[C@H]1C[C@H]1C#CC#C,90.1315
CCCN1C[C@H]1CC#C,70.8104
Cc1coc(CC=O)c1,-50.0621
CC[C@H]1CO[C]([NH])C1=O,-64.2735
C[C]([NH])OC[C@@H](O)C=O,-110.1763
O[C@H]1[C@H]2OC(=O)[C@@H]1[C@H]2O,-121.4173
NC(=O)N(CC#C)C=N,20.1974
CC[C@@]1(C)C[C@@H](C1)C#C,47.6795
C[C@H]1O[C@H]2C[C@H]2[C@H]2C[C@@H]12,2.3413
C[C@H]1COc2c1cc[nH]2,-0.0913
C#CCN=c1occo1,26.8777
CCC#CC(=O)N,-4.7011
C1CN1c1c[nH]nc1,76.7679
Nc1cc(c[nH]1)[C@H]1CO1,17.8527
C1[C@H]2CC=C[C@@H]1[C@H]1O[C@@H]21,10.965
CCCOc1ccc[nH]1,-25.0949
O=C[C@H]1[C@H]2[C@H]3C[N][C]1N23,109.2888
CCC(CC)(OC)C=O,-94.8025
C[C@@]12C[C@]3(CO[C@H]13)CO2,25.1532
C[C@]12CC(=O)NC[C@H]1N2,-21.8397
C1[C@H]2O[C@@H]3OC[C@H]2O[C@H]13,-80.9392
C[C@H]1C(=O)O[C@]21C[C@H]2O,-85.4504
CN1[C@H]2CC[C@@]12CC=O,17.9077
CC1(C)[C@H]2C[C@@H](C=O)[C@@H]12,1.5406
[NH][C@@H]1Oc2c(O1)cn[nH]2,12.1344
CC1(C)[C@H]2C[C@@]1(O2)C#N,51.8483
O[C@H]1[C@H]2O[C@@H]3[C@@H](O)[C@H]2[C@H]13,-47.9554
C[C@H]1[C@H]2CC[C@@H]1OCC2,-50.5018
C1CC(C1)C1CCC1,17.881
C[C@H]1[C@@H](O)CCC=C1C,-49.8052
CC1(C)C[C@@H]2C[C@H]1O2,-21.7858
CC[C@@]12CC[C]1[CH]CC2,31.4803
CCCO[C@H]1C[C@H]1OC,-68.8243
O=C[C@H]1O[C@H]2CC[C]2[CH]1,-6.7012
C[C@]12OC(=O)[C@H]1[C@H]1O[C@@H]21,-42.0607
CO[C@H]1OC=N[C@H]2C[C@@H]12,-37.2648
C[C@]1(C[C@H]1C#C)O[CH][NH],48.7465
C[C@H]1COc2cccn12,-4.2423
C[C@H]1O[C@@H](C)[C@H]1CC#N,-10.703
CN1C[C@H]2[C@H]3[C@H]4[C@@H]1[C@@H]2N34,99.0731
N#C[C@H]1NCC=C1,61.7248
CC[C@H]1N[CH][N][C@H]1C#N,44.2216
COC[C@H]1OC(=O)[C@H]1O,-143.006
CC1=C[C@@]2(O)CC[C@H]2C1,-18.1293
OC[C@H]1O[C@H]1[C@@H](O)C#N,-57.9695
CCO[C@@]1(C)C[C@H]1C,-46.9664
C[C@]12N[C@H]1[C@@H](O)C[C@H]2O,-59.6185
CCCCC[C@@]1(C)CO1,-54.2378
O[C@@]12C[C@@]3(O)C[C@@H]1[C@@H]23,-4.0795
O=C1NC[C@H]2[C@H]3O[C@@H]1[C@@H]23,-14.728
O[C@H]1[C@H]2N[C@@H]1C(=O)[C@H]2O,-63.5123
O[C@@]12[C@H]3O[C@@H]1[C@@H](C#C)[C@@H]23,76.7367
OCCCCC=O,-88.5452
CC[C@@H](O)[C@@H](O)C#CC,-50.887
C1[C@H]2O[C@@H]3COC[C@H]2[C@H]13,-34.0831
CCc1cnc(N)cn1,19.3471
Cc1cc2c([nH]1)ocn2,19.2205
NC(=N)[C@H]1OC[C]([NH])O1,-48.3974
CN1CC(C)(C)CC1=O,-68.7638
[NH][C]1CNC[C@@H](O1)C=O,-43.9381
CN=C(OC=O)[C@@H](C)O,-115.6664
O[C@H]1C[C@H]1C(=O)[C@H]1CO1,-66.5542
CC[C@H]1[C@H]2C[C@H]2[C@H]1OC,-8.8358
CC(=O)[C@H]1[C@H]2CO[C@@]12C,-34.0448
OCCCC(=O)O[CH][NH],-120.522
CCCN1CC[C@H]1C#N,37.6959
C[C@H]1[C@@H](C)[C@H]1C1(C)CC1,17.6231
O=C1OCCCC21CC2,-70.4015
Oc1ncc(F)oc1=O,-134.68
CC#Cc1c(N)cn[nH]1,85.2185
C[C@H]1O[C@@]2(CO)C[C@@]12C,-47.0511
NC1=N[C@@H](CO1)C#C,34.3655
O=C1C[C@@H]2O[C@H]1OC2=O,-126.3126
CCC(=O)C1(CC1)C#C,26.0428
C1[C@H]2[C@@H]1[C@@H]1[C@H]3CC[C@@H]1[C@@H]23,63.8998
O[C@@]12[C@H]3C[C@@H]1[C@@H](C#N)[C@@H]23,70.6019
CC[C@]12C[C@H]1OCC2=O,-52.2344
O=CCCC1(CC1)C#C,37.5758
CC[C@@]1(O)[C@H]2CN2C1=O,-27.0477
O=CC[C@H]1C[C@@H](C1)C#N,9.0546
CC[C@H]1C[C@H]2OC=N[C@@H]12,-12.5297
[C@@H]12[C@@H]3[C@H]4[C@@H]3N3[C@@H]1[C@@H]2[C@@H]43,131.2964
C#CC#CC#C[C@H]1CO1,151.3247
C[C@H]1OCC=C[C@@H](C)O1,-73.3218
CC(=O)[C@H]1N=CN2C[C@@H]12,22.2477
C[C@@]1(N)CO[C@]1(C)C#N,1.2319
CC1=C[C@H]2C[C@@H](C1)O2,-1.7332
Cc1cc(C)c(O)[nH]1,-30.3824
O[C@]1(C[C@H]1C#N)C=O,-18.9261
CC(=O)C(=O)C(=O)C,-102.6361
N#C[C@@]12C[C@H]3CN1C[C@@H]23,108.9217
C[C@]12C[C@H]1[C@@H]1C[C@]1(O)C2,-3.5265
C#C[C@H]1NC[C@@H]2C[C@H]1O2,59.453
C[C@@]1(CO)C[C@@H](O)CO1,-132.6526
COC[C@@H](C)CC#CC,-15.087
O=C1[CH][C]2CO[C@H]3[C@@H]1[C@@H]23,24.3867
CC(=O)[C@H]1CC=CC1,-27.832
COC1(CC1)C(=O)C,-63.6218
NC(=O)[C@H]1CCC=CC1,-42.3552
CC(=O)CC#CCO,-28.1037
C[C@H]1N2C[C@H]2C=C1C#N,80.6342
O[C@@]12CO[C@H]3C=C[C@@H]1[C@@H]23,-11.7094
C[C@@]12O[C@]1(CO)CC2=O,-68.9036
CC(=O)Oc1ncno1,-71.1137
O=C[C@H]1C[C@@H]2[C@H]3CN2[C@@H]13,51.6713
CC1(C)NC21CC(=O)C2,-0.4357
C[C@@]12CN3C[C@@H]1[C@@]23C=O,54.7323
CC[C@@]12C[C@H]3CN1[C@@]23C,60.8795
N#C[C@H]1[C@H]2[C@H]3[C@@H]1[N][CH]N23,130.8484
C[C@]1(CO1)[C@@]1(C)C[C@H]1O,-49.0371
CC[C@@H](OC)C(=O)C#C,-24.7269
CN1C[C@]1(CC#N)C=O,27.5659
O=CC(=O)c1conn1,-18.265
C[C@@]1(O)[C@H]2N[C@H]2[C@H]2O[C@@H]12,-12.3176
O=C1[C@H]2C[C@@]1(OC2)C#C,35.5752
N[C@@H](C#N)[C@H]1CCO1,10.8271
O[C@H]1C[C@H]2N[C@H]2C21CC2,9.649
O=C1NCC[C@H]2CC[C@@H]12,-31.8639
NC(=O)C#CC#CCO,25.6214
Cc1c(F)cncc1O,-69.3839
O=CN1CC=CC21CC2,6.6688
CCc1c(C)c(N)co1,-29.5383
C[C@]12C[C@@H](O)C[C@H]1N2,-23.8631
CCN(C=O)C(=O)CO,-135.5992
C[C@H]1O[C@@H](C)[C@H]1NC=O,-76.6296
CC[C@H]1[C@H]2C=C[C@@H](C)[C@@H]12,24.9279
CCc1nocc1C=O,-27.7588
O[C@H]1[C@H]2CC[C@@]1(O2)C#N,-13.1705
C[C@]1(OCCC=C1)C#C,31.7413
C#C[C@]12CC[C@]1(O2)C#N,104.769
N[C@]1(COC=NC1)C#C,42.8181
CCn1cnc(=O)nn1,31.4433
O[C@H]1[C@H]2O[C@@H]1C=C2,-4.3193
C[C@H]1[C@H]2[C@@H]3CC[C@H]2[C@]13C,38.1997
NC(=O)[C]([NH])N1CCC1,-16.5124
C[C@@](C=O)(C#C)[C@H]1CN1,55.0027
[NH][C]1[C@@H](CN1C=O)C#N,31.1454
C#C[C@H]1[C@H]2[C@H]3[N][CH]N1[C@@H]23,165.7419
C1O[C]2[N][C@H]3C[C@H](C3)[C@@H]12,38.8889
C[C@H]1C[C@H]2N(C)[C@@]12C#C,105.4695
C1[C@H]2CC[C]3[C]2N1N=N3,141.1227
C[C@@]12C[C@](O1)(C#C)[C@H]2O,36.7821
Oc1c2CCCn2cn1,-12.2433
C[C@@]12[C@H]3C[C@@H]1N1C[C@H]3[C@H]21,104.9136
N#C[C@H]1[C@H]2COC[C@@H]1O2,-11.2484
C[C@@]12C[C@@H](C1)CCO2,-28.4022
C1OCC1c1n[nH]nc1,37.095
O=CCN1C[C@H]1C#C,63.57
O[C@H]1[CH][C]2CO[C@H]3[C@@H]1[C@@H]23,18.7581
C#C[C@H]1Cn2ncnc12,143.5115
COC[C@@]1(C)CN2C[C@@H]12,8.0101
Cc1c(O)nc2CCn12,12.9091
OCc1cnc(O)nn1,-21.1975
C[C@H]1N[C@]21COCC=C2,5.6656
Cc1c(N)c(N)no1,4.8109
O=C1N[C@H]2C[C@H]2[C@H]2C[C@@H]12,6.9556
CCCc1cc(O)co1,-65.6493
CCN1CN=C([NH])N=C1,42.5182
CC1=C[C@H]2C[C@H]2OC1,-0.0873
C#C[C@H]1[C@H]2N1CC12CC1,142.6876
C[C@]12O[C@H]1CC12COC1,-8.8779
N[C@H]1CNc2c1onn2,57.4574
CC[C@]12N[C@H]1CC12CC1,65.9366
OCCc1cc(O)n[nH]1,-51.6257
CC[C@@H](C)C=O,-56.8662
C[C@H]1O[C@@H]2[C@H]3O[C@@]12C=C3,79.0342
OC[C@]1(CN1)C#CC#N,77.5764
OC[C@@H](C=O)[C@@H](O)C#C,-51.435
CCNc1c[nH]cc1O,-15.2452
C#CC1OCCO1,-8.9277
C[C@]1(CO[C]1[NH])NC=O,-55.446
CO[C@H]1C[C@H]1[C@@H](N)C#N,14.3425
C[C@@]12[C@H]3O[C@H]3[C@]1(O)[C@H]2O,-39.3385
CN1C(=O)[C@H]2CN2C1=O,-50.1725
C[C@@]12CN3[C@@H](C[C@]13C)C2,52.1878
CCC#CC(=N)NC=O,16.2933
O[C@@]12CN(C1)[C@H]2C1CC1,54.0189
C[C@H]1C[C@@H](CO)[C@H]1C#N,-8.5243
NC(=O)CC[C@H]1CCO1,-78.5078
O=C1CC[C@H]2CN2C1,-0.6994
O[C@H]1C[C@H]1c1cnno1,8.5279
C[C@@]12C[C@H]3O[C@@H]1[C@@H]2C3=O,-31.3655
CC(=O)[C@@H](O)C#CC=O,-50.6243
NC1=C(C=O)[C@H]2C[C@H]2C1,4.145
CC[C@@]12[C@H]3C[N][C]1O[C@@H]23,101.8834
CC[C@@H](C)OCC#C,-4.2218
C[C@]12N[C@H]1[C@H]1NC(=O)[C@@H]21,42.4724
CCN1CC21COC2,9.1633
ON=C1CC[C@H]2O[C@H]2C1,-17.7418
Oc1ncnoc1=O,-52.719
Cc1cnc2onnn12,71.8008
C[C@]12[C@H]3CN([C@@H]13)[C@H]2C#N,119.9044
C1N[C@H]1C#CC1CCC1,98.0085
CO[C@]12CN3[C@H]1[C@H]2C3=O,22.6992
COC[C@H]1OCC[C@H]1C,-91.3098
ON=C1CNC21COC2,22.4242
CCCCOCC#C,-1.7325
[NH]C1=N[N]ON=C1,98.3168
CC(=O)O[C@H]1C[C@H]2C[C@@H]12,-52.5607
CCN1[C@H]2C[C@@]2(C)C1=O,-7.2555
O=C1C[C@@H]2N[C@H]1[C@]12CN1,49.8782
C[C@]12CC[C@H]3[C@@H]4[C@H]3[C@H]1[C@H]24,78.6099
C[C@H]1CCC(=O)N2C[C@@H]12,-18.7671
C#C[C@]1(O[C@H]2C[C@@H]12)C#N,117.8808
CN(C=O)C(C)(C)C#C,3.6111
C[C@]12C[C@H]1[C@@]1(C)N[C@@H]21,81.0789
CCCN(C)C(=N)C=O,-29.9075
C1O[C@H]2[C@H]3CC[CH][C]1[C@@H]23,32.4585
O=CC[C@]12C[C@H]1CCO2,-45.2992
C[C@]12C[C@@H]3C[C@]3(O)[C@H]1N2,8.0921
C#CC#CCCC#N,129.5367
C1O[C@H]2C=C[C@H]3O[C@H]3[C@@H]12,-1.0235
C[C@@H](C#N)C#CC#C,133.1204
CO[C@@H](CC1CC1)C#N,2.7006
C[C@@]1(O)C[C@H]1C=O,-59.0505
C[C@H]1C=C[C@@]2(CO)N[C@@H]12,8.1599
C[C@H]1C[CH][C]2CC[C@H]2C1,19.0017
CC[C@@H](C)[C@@H](O)[C@H]1CN1,-37.072
Cc1cc(C)nc(=O)o1,-68.4001
CC(C)c1cc(C)co1,-39.2237
N[C@@H](C#N)[C@H]1C[C@H]2N[C@@H]12,89.77
O[C@H]1CC(=O)O[C@H]1C#C,-58.0585
C[C@H]1C=C[C@@]2(C)C[C@@H]12,26.184
CC[C@H]1[C@@H](CC)N1C=O,-33.0874
C[C@H]1[C]([NH])O[C@]21C[C@H]2O,-28.9416
C[C@H]1[C@H]2C[C@@]1(O2)C(=O)C,-13.1174
CN=CNC(=N)C=O,-2.0127
C[C@]12CCC[C@H]1[C@H]2O,-31.5705
C[C@]12C=CC[C@H]1[C@H]2C=O,6.6873
O[C@H]1C[C@H]2N[C@H]2[C@H]1C#C,48.5099
Nc1ccc(N)c(=O)o1,-58.5454
[NH][C]1O[C@H]2[C@@H](O[C@@H]12)C#N,28.1512
O[C@@H](COC=O)[C@H]1CO1,-133.4384
COCC[C@@H](CO)C=O,-121.37
O=C(CCC#N)[C@H]1CO1,-22.8937
CCc1n[nH]c(O)c1,-16.164
Cn1cc(cc1O)C#N,11.2605
O=CC1=C[C@@H](OC1)C#N,-5.6229
COC=NCCC#CC,13.7899
C(OC1CC1)C1CCC1,-10.2954
CC(=O)CNC(=O)N,-100.2413
C[C@@H](O[CH][NH])C1COC1,-49.7641
O[C@H]1CO[C@H]2[C@H]3CN3[C@@H]12,-5.0767
COc1cc(N)c(C)[nH]1,-16.9483
CC(=O)[C@@]12C[C@@H](O1)C=C2,-2.1474
CN=C1OCC[C@H]2C[C@@H]12,-7.8227
C[C@H]1CCOC(=N1)C#C,26.9317
C[C@]12CO[C@H]1[C@H]2C=O,-19.178
CC1=C(OC(=O)C[CH]1)[NH],-61.0595
CCO[C@H]1[C@@H](N)[C@H]1C#N,8.1515
C[C@H]1C[C@@H]2[C@H]1CC2=O,-3.7105
CC#CC#C[C@H]1C[C@H]1C,103.8589
CC[C@@H](O)[C@@H](C)C#C,-9.6378
C1[C@H]2OC=N[C@H]3C[C@@]12C3,47.5511
CC[C@@]1(O)C[C@H]2CN2C1,-18.0297
CO[C@H]1[C@H]2[C@@H](C)[C@@H]1N2C,30.65
OCc1nc(O)no1,-71.002
CO[C@H]1[C@H]2[C@@H](C)[C@H]2[C@H]1O,-41.5252
CC(=O)c1ccc(C)[nH]1,-33.2508
CN[C@@H](CCC#N)C#N,53.4234
O=CCC1=CC(=O)NC1,-54.9883
Cc1noc(C=O)c1N,-20.7429
O[C@H]1CC[C@]21CCC=C2,-10.1882
O[C@H]1C[C@H]1c1conn1,11.5801
C[C@H]1N[C@]1(C)CCO,-35.5673
CC1=C[C@@H]2[C@H]3C[C@@H]2[C@@]13C,77.2269
OCCO[C@H]1CC[C@H]1O,-111.4196
C[C@H]1[C@H]2C[C@]1(CC=O)C2,13.6591
C[C@@H](C#C)[C@H]1O[C@H]1C,25.3325
C[C@H]1[C@H]2C[C@]1(C)O[C@H]2C,-31.2749
C[C@@]12C=C[C@@]3(O)[C@@H]1N[C@@H]23,66.2778
C([C@H]1CO1)C1=CCCC1,-5.2742
CN=C1N[C@@H](C#N)[C@H]1O,31.3557
CC1(C)[C@@H](O)[C@H]1CC#C,20.086
CC[C@H]1CC=CC[C@H]1C,-15.1002
CC#C[C@@H](C)N(C)C=O,-6.6462
O[C@H]1CC[C@@H]2[C@H]3O[C@@H]2[C@@H]13,-8.8108
NC(=N)C(=O)[C@@H](O)CO,-106.463
CC#Cc1nc(N)n[nH]1,80.2258
N=CNC(=O)C#CC#C,92.2104
O=COCCCN1CC1,-56.7878
CO[C@@]1(C)OC(=O)C=C1,-110.7591
CO[C@H]1CC=C[C@]21CN2,12.1603
C[C@H]1C[C@]2(O[C@@H]12)C#N,36.151
NCCc1nnc(O)[nH]1,-11.8748
O=C[C@]12CC(=O)[C@H]1CO2,-49.7797
CNc1n[nH]cc1N,40.4374
C[C@H]1CC[C@]2(CO2)CO1,-67.1276
C1CC(C1)[C@]12CC[C@H]1O2,19.2194
C[C@H]1OCCO[C]1[NH],-69.3996
OC[C@@]12C[C@H]3[C@@H](C1)[C@H]3O2,-45.0614
CN1C[C@@]23O[C@@H]([C@H]2O)[C@@H]13,69.1275
CO[C@]12CC(=O)[C@H]1[C@H]2O,-62.1911
C[C@H]1[CH][C]2CN3C[C@@H]1[C@@H]23,99.1047
O=Cc1c[nH]c(=O)nc1,-41.7847
C[C@@](O)(CC(=O)N)C#N,-74.2129
O=C1OCC=C[C@H]2N[C@@H]12,-19.0848
CCCNC(=O)C=O,-83.8806
O[C@H]1[C@H]2O[C]([NH])[C@@H]1C=C2,-24.4217
N#C[C@H]1N2[C@H]3C[CH][C]1[C@@H]23,177.7274
COC[C@H]1[C@H]2O[C@H]2C1=O,-52.9479
OC[C@@]12CC[C@@H](C1)OC2,-75.3819
C[C@]1(CO[C@H]1C#N)C#N,45.1862
C[C@H]1CC2(CC2)N1C=O,-6.7679
C1[C@H]2C[C@@H]3O[C@H]2[C@H]1CO3,-51.8604
CC(=O)C1=C[C@H]2O[C@H]2C1,-27.9487
CC[C@H]1CN1C[C@H]1CO1,6.3566
C1[C@H]2C[C@@H]1[C@H]1O[C@@H]21,28.7693
CC[C@H]1C[C@]21CC=CC2,22.9794
Nc1ccc(N)c(F)c1,-30.2766
CC[C@@]1(C)[C@@H](C)[C@H]1C#N,18.3262
C[C@@](CO)(CC=O)C#C,-25.5515
C[C@@H](O)[C@H]1CN1CC#C,41.972
CC1(OCCO1)C1CC1,-66.342
Nc1cncnc1O,-14.4331
CC(C)C1CCCC1,-35.5325
CN1N=C[C@H](C)C=C1[NH],45.7194
CN1[C@H]2[C@H]3OC[C@@H]1[C@@]23O,-1.5426
CN1[C@@H](CC1(C)C)C#N,34.1837
CN=COCC(C)(C)O,-89.0931
CC[C@@H](CO)C(=O)CO,-136.525
CO[C@@H](CO)C(C)(C)O,-143.6728
Oc1cnc2occn12,-7.8785
CCC1(O)CC1,-38.4682
O=c1occ(CC#N)o1,-69.3208
C[C@@]1(O)[C@H]2CCC=C[C@@H]12,-10.5433
C1O[C@@H]2[C@@H]3O[C@H]1O[C@H]23,-57.6725
CCC[C@@H](O)C=O,-95.2219
CC#C[C@]1(CN1)C=O,49.6318
CCCN(C=O)C1CC1,-35.3427
CCc1c(cc[nH]1)C#C,66.705
C1O[C@]21[C@H]1N[C@@H]2[C@H]2O[C@@H]12,46.3626
O[C@@]12C[C@@H](C1)OC(=O)C2,-102.3756
CC[C@]12CN3[C@H]1[C@]3(C)C2,62.6541
C[C@@]1(CC=O)CC(=O)O1,-109.7406
CC1=C[C@]2(O)C[C@@H](C2)C1,-14.0775
C[C@@]12[C@H]3[C@H]4CN1[C@H]4[C@@]23O,77.5416
FC1=C[C@@H](F)C=C([NH])N1,-62.4789
C1[C@H]2N1Cc1c2occ1,46.2576
O=C[C@]12CCOC[C@H]1N2,-37.8873
CCCc1nocc1C,-14.1769
C1C[C@@]23O[C@@H]2CN[C]3[N]1,20.4217
C1N[C@]21CN1CC[N][C]21,91.2044
Nc1coc2c1nco2,-0.221
N[C@@]12[C@H]3C[C@@H]1[C@H]3OC2=O,-11.8916
CC1=NC[C@@]2(O)C[C@H]2O1,-43.277
O=C1OC=NC21COC2,-67.5931
O[C@H]1C[C@H]1C(C#C)C#C,102.009
C[C@@H](C#C)C1(O)COC1,-7.3117
O[C@H]1C[C@H]2N[C@@H](C1)C2=O,-41.7396
C1N[C@H]1[C@H]1[C@H]2CN1C2,113.0979
C[C@@]12C[C@@H](O1)[C@H]1C[C@@]21O,-18.3106
C#CC1=C[C@@H]2[C@H]3CN2[C@@H]13,172.8644
CC[C@H]1CC[C@@]2(O)C[C@@H]12,-37.4414
O[C@H]1Cc2c(C1)cno2,-16.2321
CO[C@@H](CO)[C@@H](C)C#C,-37.4194
C#C[C@H]1[C@H]2O[C@@H](C#C)[C@@H]12,142.4061
CCCC[C@@H](OC)C=O,-95.6735
CN=c1oc(N)cn1C,-7.4079
C1CN2[C@H]3COC[C@@H]1[C@@H]23,2.5738
CC(C)[C@@]1(C)O[C@H]1C=O,-68.2502
O=C1NC[C@H]2CC[C@H]2O1,-69.1668
C[C@@]12CN3[C@@H]1C[C@@]23C=O,72.1356
CC[C@H]1CN2C[C@@H](C2)O1,-8.2644
Nc1nocc1C#N,44.579
O=CC#C[C@H]1O[C@H]1C=O,-2.5554
O=C1OCC2(CC2)CO1,-101.4889
C[C@@H](O)CC#CCO,-40.0488
C[C@H]1C[C@@H](C#C)C(=C1)C,55.9643
O[C@@]12[C@H]3C[C@@H]1[C@H]3[C@H]2C=O,22.1429
O=C1OC2(CC2)C=C1,-41.0248
OC1(CC1)[C@H]1CN2C[C@@H]12,40.247
O=C1C=C[C@H]2[C@H]3CN3[C@@H]12,57.6036
O=C1NC(=O)C(=C1)C#C,-0.7021
Cn1ncc(N)n1,43.9564
COC[C@H]1C[C@H]1C(C)C,-44.9099
CN1Cc2c(C1)cco2,11.1223
C[C@@]12[C@H]3CN1C[C@@]23C#C,141.5399
C[C@@]12[C@H]3[C@@H]4C[C@@H]([C@H]1O4)N23,35.4834
O[C@@]12[C@H]3[C@@H]1[C]1[CH][C@@H]2[C@@H]3C1,135.7872
C[C@]12C[C@H]1[C@H]1[C@@H]3C[C@H]1[C@H]23,83.8753
C[C@H]1NC(=O)C[C@H]1CO,-95.5164
C1C[C@@]23N[C@@H]2CN=C3O1,25.2315
O=CC1=C[C@@H]2C[C@H]1O2,6.2913
CN1C(=O)CC21CCC2,-18.0116
C[C@H]1OCC(=C1)CC#N,3.4516
C[C@H]1CCO[C@@H](O1)C#C,-26.7946
O=CN[C@H]1CNC1=O,-61.9809
C1C=C[C@H]2[C@H]3N[C@H]3CN12,71.3321
C[C@@H](O)C#CC#CC#C,110.0899
N#CC[C@H]1C[C@]21CCO2,31.6927
C1Cc2c(N1)cco2,13.2582
C[C@@]1(O)[C@H]2N[C@H]2[C@H]1C#N,41.6077
C[C@@]12CC=C[C@H]3O[C@@H]1[C@@H]23,33.0835
CCC[C@@H](C)CC#N,-9.6049
O=CNCc1n[nH]cc1,-5.6993
N#C[C@H]1CCN[C@H]1C#N,71.1052
ON=C1CC[C@@H](C1)C=O,-34.3181
OCC[C@H]1N[C@H]1[C@H]1CO1,-26.8368
CN(CCO)CC(=O)C,-88.1675
Nc1c(O)nc[nH]1,-12.3868
C[C@]12CO[C@H]1C(=O)O2,-77.6242
CC(C)n1ncc(N)n1,30.0447
O=C1C[C@H]2[C@@H]3[C@H]4[C@@H]3N1[C@@H]24,65.1313
O[C@H]1CCc2c1cno2,-16.6582
C1O[C@H]1C1=C[C@H]2O[C@H]2C1,2.0231
O=C1[CH][C]2[C@H]3[C@H]4[C@@H]1[C@@H]2N34,137.5093
CN1CC(=O)[C@H]1C1CC1,9.6572
CN1[C@H]2C[C@@](N)(C#N)[C@@H]12,90.5029
[NH][C]1OC[C@H]1C(=O)C#N,3.6395
O[C@@]12C[C@]1(O)C(=O)NC2,-92.6068
O[C@]1(C[C@]21CCO2)C#C,29.4327
C#CC#C[C@H]1[C@H]2CC[C@@H]12,150.5944
C[C@]12[C@H]3C=C[C@H]([C@@H]13)[C@H]2O,27.7785
Cn1c(=O)oc(N)c1C,-79.0704
C[C@@H](O)[C@H]1C[C@H]2CN12,6.6803
C1[C@@H]2[C@H]3[C@@H]4[C@@H]5C[C@]13N2[C@H]45,125.9771
C1[C@H]2OC[C]3[C]2N1N=N3,120.408
O[C@]1(CC=CC1=O)C=O,-82.072
CC1(C)N[C@H]1C#C,71.097
Nc1ncco1,-12.4267
CC[C@]12CN3[C@H]1[C@H]2C3=O,45.0084
N#CCO[C@H]1CN2C[C@@H]12,55.6275
NC(=O)N1CC[C@H]1C#N,3.5696
O[C@H]1CC=C[C@H]1C#C,35.6436
CO[C@H]1OCC[C@H]1C,-95.8933
C[C@H]1[C@@H]2[C@H]1C(=O)CN2C,-6.5803
C[C@H]1[C@H]2N[C@H]2[C@@]2(C)CN12,58.5474
O=C1CN[C@H]1CC1CC1,8.2164
N#C[C@H]1O[C@H]2CCN[C@@H]12,24.4415
Cn1cc(O)c(c1)C#N,12.333
C#C[C@@]12[C@@H]3[C@H]4[C@@H]3[C@@H]1O[C@@H]24,137.2906
C[C@@H](C#N)c1c[nH]cn1,46.9975
CCC[C@@H](O)[C@@H](N)C#N,-31.3106
Fc1cc(F)nc(F)n1,-130.3144
O[C@H]1CN2C[C@H]2[C@H]1O,-45.4337
[nH]1ccc2c1onc2,47.5663
CN=COC(=O)CN,-73.6531
N#C[C@@]12[C@H]3C[C@@H]1CC[C@@H]23,73.1659
Oc1n[nH]cc1C1CC1,15.2272
CCc1nocc1C#C,57.8659
O[C@H]1C(=O)C[C@]21CN2,-17.7274
C[C@H]1[C@@H](N)C1(C#N)C#N,82.9413
O=CC(=O)[C@H]1CO1,-63.3183
C1CN1c1c[nH]cn1,61.9888
CO[C@H]1[C@H]2[C@H]3C[C@@H]1[C@@H]23,33.1488
O[C@H]1CNc2c1onn2,17.2745
C1[C@H]2[C@H]3[C@H]4O[C@@H]1[C@H]4N23,58.8449
C[C@@]12C[C@@H](CN1)O[C]2[NH],-15.2816
Cc1c2OCOc2c[nH]1,-25.9811
CN[C@@H](C#N)[C]([NH])OC,2.3436
CN1C[C@@H](CC1=O)C#N,-19.3787
C1[C@H]2[C@H]3CCC[N][C]3N12,81.9954
O=C1N[CH][C]2C[C@@H]3[C@H]2N13,83.3513
C[C@@H](O)[C@@H](CC=O)C=O,-113.0318
C[C@H]1[CH]C=C([NH])NC1=O,-22.2101
C[C@@H](CNC=O)C#C,1.3789
O=CC[C@@]12C[C@@H](C1)C=C2,30.5025
CC(C)[C@@]1(O)CCC1=O,-76.5823
CC[C@H]1O[C@H]1C(C)(C)O,-84.795
C[C@@]12CC[C@]1(O)[C]([NH])O2,-39.2478
C[C@H]1C[C@]21OC[C@]2(C)O,-50.1936
CNC(CN)(CN)C#N,28.8325
C[C@]12N[C@H]1[C@@]1(C)OC[C@@H]21,35.5099
CN[C@@H](C#N)C1(N)CC1,50.1542
[NH]C1=C[CH]ON=C1C#N,84.4597
COC[C@@H](C)CC(=O)N,-108.4235
C[C@@H](O)[C@]1(C[C@H]1N)C#N,0.969
CC(C)C#C[C@H]1CO1,24.6787
COc1cn(C)nn1,9.9596
Cc1nc(F)nc(=O)o1,-114.1124
O=C[C@H]1CN1C=O,-31.8722
N=C(NC=O)C#C,38.3682
[NH][C]1NC=NC[C@H]2O[C@@H]12,30.6554
O=CN1C(=O)C=CC1=O,-86.7342
Cc1c(oc(=O)o1)C#C,-52.4135
N=CNc1cnccn1,51.0026
CC1CCOCOCC1,-94.9927
C[C@H]1[C@H]2[C@@H]3C[C@]3(C)N12,70.4263
CC1=C[C@H]2[C@H]3O[C@H]3[C@H]2C1,29.2475
CC#C[C@H]1[C@H]2C[C@@H]1[C@H]2O,63.7467
C[C@]12C[C@H]1C[C@H]2CC#C,86.1294
C[C@H]1[C@H]2NC=C(C=O)[C@@H]12,9.5227
CO[C@H]1CNC(=O)O1,-129.7892
N[C@H]1[C@@H](O)[C@]1(N)C#N,17.7972
Cc1c(O)c(c[nH]1)C#N,6.2963
C1=C[C@@]23C=C[C@H]4[C@@H]2[C@@H]1N34,162.4478
C[C@H]1O[C@@H](C)[C@H]1C1CC1,-19.2098
CO[C@H]1CC(=O)C[C@H]1O,-118.9147
C[C@H]1[C@@H](C#C)[C@H]1C#C,127.6935
C[C@H]1OCO[C@H]2C[C@@]12O,-94.8215
C1O[C@H]2C[C@H]3[C@@H]4CN3[C@]124,95.8574
C[C@H]1[C@@]23CC[C@@]12COC3,11.2312
O=C1C[C@@H]2[C@H]3O[C@@H]2[C@H]3O1,-41.314
C[C@@]12[C@H]3C[CH][C]1CO[C@@H]23,46.7193
O=C[C@H]1OC=N[C@H]1C=O,-66.0783
CC1(C)C(=O)C[C@]21CN2,3.19
C1O[C@@]23[C@@H]1N1[C@@H]2C=C[C@@H]31,152.9223
CN1[C@H]2C[C@H]2N(C)C1=O,-22.5921
ON=C1CC(=O)N2C[C@@H]12,6.5588
C[C@]12C[C@@H](O)[C@H]1C(=O)N2,-47.044
C[C@H]1O[C@@H]2[C@H]3[C@@H](O)[C@@H]2[C@@H]13,-18.8547
O=C1CCC=CCCO1,-70.3161
C1C=C[C@]23N[C@@H]4[C@H]2N[C@]134,163.628
NC(=O)[C@@H](OC=O)C#C,-60.5092
C[C@@]1(O)CCOCC=C1,-68.1875
CN1[C@H]2[C@@H]1[C@@H]1[C@H]2C1(C)C,90.8035
CC(C)[C@@]1(C)C[C@@H](C)O1,-59.6037
CC1(C)C[C@H]2OCC[C@@H]12,-37.1628
C[C@H]1C[C@]21CCC=C2C,17.6644
Cc1c(NC=N)cno1,23.9505
O=CC(C=O)C#CC#C,57.7776
O=C[C@@]12C[C@@H](C1)CCC2,-18.7976
Cc1nc2c(o1)cco2,-19.061
O[C@H]1CN2C[C@H]3O[C@@H]1[C@@H]23,-8.5795
C[C@@H](C#C)N1[C@H]2CC[C@@H]12,108.0524
O[C@]1(COC1=O)C=O,-129.1038
O=C[C@]12C[C@H]1[C@@H](N2)C#C,89.6229
C[C@@]12C[C@H]3O[C@@H]1CC[C@@H]23,-11.0617
C[C@]1(C[C@@H](C1)C#C)C=O,33.6031
CC(C)C(=O)C1(C)CC1,-45.3687
OCC1=C(C=NNC1)[NH],22.0899
O=CO[C@H]1CC21COC2,-64.0906
CO[C@@](C)(CC#C)C#C,65.975
C[C@@H](CO)[C@H]1CN=CO1,-73.6408
N#CCOc1ccco1,-6.9263
CN=C(N)C(=O)C,-37.6355
COC(C)(C)C#N,-24.315
N[C@H]1[C@H]2N[C@H]2[C@]1(O)C#N,55.4716
OCC[C@H]1[C@H]2[C@H]3N[C@H]3[C@@H]12,62.1508
C[C@H]1NC[C@]2(O[C@@H]12)C#N,25.1801
N#C[C@@]12[C@H]3C[C@@H]1C=C[C@@H]23,107.963
C[C@H]1[C@@H](C)N1CCO,-29.498
CC1=CC[C@@]2(CO)O[C@@H]12,-40.9568
N[C]1N[C](C#N)C(=O)C1,31.4736
COC[C@@]1(C)[C@H]2CO[C@@H]12,-31.2077
C[C@H]1[C@H]2O[C@@H]3C[C@]3(O)[C@@H]12,-22.5576
C[C@@]1(O)[C@H]2OC[C@@]12C,-36.9364
CN=C(N)C(F)(F)F,-162.5957
CC(=O)C(=O)C1(O)CC1,-92.6812
COC[C@H]1O[C@@H](C)C1=O,-96.6023
CC1=NO[C](O)C=C1[NH],-13.4619
CO[C@H]1[C@H]2NCC(=O)[C@@H]12,-31.8124
CC#CCC#CCCO,52.3474
CC(C)(C#C)CC#N,64.7391
CC1(C)CC=CCC=C1,17.9443
C[C@H]1C=Cc2c1nco2,20.595
CC(=O)NCC(=O)N,-106.1048
CCC[C@@H](C)C1(C)CC1,-22.6076
CC[C@H]1[C@H]2O[C@@H](C#N)[C@@H]12,39.7687
C[C@H]1C[C@]2(C[C@@H]12)C#N,60.947
C[C@@]1(O)CO[C@H]2CO[C@@H]12,-96.32
C[C@H]1OCCCN2C[C@@H]12,-10.0214
COC[C@H]1[C@@H](C)[C@H]1C#C,27.5779
C[C@@]1(CC=O)C[C@H]2C[C@@H]12,2.5954
C[C@@H]([C@H]1O[C@H]1C)C(=O)N,-82.158
O[C@@H](C#N)C1OCCO1,-81.1528
C[C@H]1CCOC2(CC2)C1,-37.4144
CC(=NO)[C@@]1(C)CN1,16.296
O=C1CCCN[C@H]1C#C,29.1035
CC[C@H]1OCC[C@H]1C#C,4.8363
CN=c1cc[nH]c(F)n1,-11.54
CO[C@H]1C[C@@H](CO)[C@H]1O,-108.4891
C1[C@H]2O[C@@]34CN(C3)[C@@H]1[C@@H]24,133.5807
C[C@H]1C=CCC[C@H]1C#N,28.69
C[C@@H](O)[C@H]1[C@H]2CC[C@@]12O,-46.3796
C[C@]12C[C@H]1C1(CC1)C=C2,56.3628
C[C@@]1(C#C)[C@H]2C[C@@H]3[C@H]2N13,143.7055
CC1(C)CC[C@H]1CC=O,-38.6475
C#CC#C[C@H]1[C@H]2CO[C@@H]12,129.1242
CC(C)c1nc(C)co1,-40.7639
C[C@@H](N)[C@H]1COC(=O)C1,-93.4814
OCC#CC1(O)COC1,-34.9722
O[C@]1(C[C@H]2CO[C@@H]12)C#N,3.5583
CCc1c(N)[nH]cc1,14.0763
CC[C@H]1O[C@@]23CN(C2)[C@@H]13,103.8583
CCC(=O)CC,-66.1075
C[C@H]1O[C@H]2[C@@H](CO)[C@H]2O1,-90.4207
Cc1c(NC=O)onn1,-15.8185
C1C[C]2[CH][C@H]3N[C@H]3[C@H]2O1,35.3466
CN=C1CN=C(N1)C#C,93.4464
COCC(=O)C#N,-33.2157
CC[C]([NH])OC(=O)CC,-100.2114
O[C@]12C[C@H]1C[C@H]2[C@H]1CO1,-7.3079
CNc1nc(N)n[nH]1,30.0148
Cc1nc(O)c(o1)C#C,-4.3334
CC1(C)CCC(=C1)C#N,26.0162
C[C@H]1[C@H]2C[C@H]2CC1(C)C,-3.3526
CCN[C@@]1(C)CO[C]1[NH],-20.4998
CCO[C@H]1CN2CC[C@@H]12,4.2896
C[C@H]1N=CO[C@]1(C)CO,-79.5953
C[C@@H]1C(=CC=C([NH])O1)C,-13.333
C1O[C@H]1[C@]12C[C@H]1N1C[C@@H]21,92.6922
C1[C@H]2[C@H]3CC=C[CH][C]1[C@@H]23,106.2202
CO[C@@]1(C)O[C@@H]2C[C@H]1C2,-56.8892
C[C@@H](O)[C@H]1CC[C@H]2CN12,-21.3304
O=C(CC#CC#N)C#C,115.3738
CC(=O)NCCCCO,-110.7152
O=C1C[C@H]2C[C@]3(CO3)[C@@H]12,-1.3674
N#C[C@H]1C[C@@H](C1)C1CC1,58.0279
CCCC#C[C@@H](O)C#C,59.0003
O[C@@]12C=C[C@H]3[C@@H]1CO[C@@H]23,-1.774
COC1(C)COC1,-64.7858
OCC1=CCOCOC1,-94.6288
CC(=O)[C@H]1CN1CC#C,51.2986
CC1=C(C)C[C@@](C)(O)C1,-54.0736
C[C@H]1[C@H]2CO[C@@H]1OCC2,-83.9204
C[C@@]12CCC[C@H]3[C@@H](O1)[C@@H]23,-0.4153
O[C@@]12[C@H]3C[C@]41C=C[C@@H]2[C@@H]34,106.3018
C[C@]12CC(=C[C@H]1N2)C#C,100.6043
O=C1Cn2nncc2N1,31.5342
Nc1cn(nn1)C1CC1,77.0093
Nc1cc(CO)c(N)[nH]1,-12.1362
COC(=O)[C@H]1C[C@H]1C#C,-12.6877
N#C[C@]12CC[C@H]1CCN2,53.5705
C[C@H]1[C@H]2[C@H]3N[C@H]3CCN12,66.2544
CCc1c[nH]cc1CO,-26.8645
CC1(C)[C@H]2C[C@H]2OC1=O,-69.9754
O=C1NCC=C1C#N,9.5931
CC[C@]12OC[C@H]1OC2=O,-83.9186
O[C@H]1[C@H]2CC[C@H]2C1=O,-32.0294
CCCn1nnoc1=O,-31.4791
COc1nn(C)nc1C,-4.8244
C[C@H]1CC(=O)NCC1=O,-86.4007
C[C@H]1C[C@]21CC=CC2=O,-7.3808
C[C@]12C[C@H]1[C@H]1OC[C@@H]21,31.0975
CN(C)C[C@@](C)(N)C#N,18.679
O=C1[C@H]2CCN3C[C@H]2[C@H]13,35.6083
C[C@H]1O[C@@H](C=O)[C@]21CO2,-58.0539
N[C@@H](C#C)C1=NCCO1,40.935
CC[C@@]1(C)N[C@H]1COC,-34.1791
CC[C@@H](C[C@H]1CO1)C=O,-62.2569
CC1=C(N)C(=O)NC1=O,-78.6664
OC[C@H]1[C@H]2O[C@H]2C21CC2,-3.0628
CC(C)(O)[C@H]1CO1,-76.1074
CCCCOC1CC1,-41.6815
CCc1c(C)c(O)n[nH]1,-27.4835
CN1CCC(=C1)C(=O)C,-28.2156
C1C[C@@]23O[C@H]4C[C@@]12N[C@@H]34,75.8819
CC[C@H]1C[C@H]2[C@@H](CO)[C@@H]12,-9.4049
C[C@@]12C[C@]1(C)C(C)(C)O2,-24.0221
Nc1conc(N)c1=O,-15.3416
C1N2[C@@H]3[C@H]4COC[C@@]13[C@@H]24,85.607
O=C1O[C@@]23C[C@@H](C2)C[C@@H]13,-7.9895
C[C@H]1N2C=NC[C@@]12C#C,113.3005
C[C@H]1C(=C[C@H]2C[C@@]12C)C,16.8443
CC(C)CCCCC#C,14.4561
C[C@@H](O)C[C@@H](CO)C=O,-131.4415
C[C@]1(OCO[C]1[NH])C#N,-30.2484
C[C@@H](O)[C@H]1[C@@H](O)[C@H]1C#N,-38.0549
COC[C@@H](C)C#CCO,-38.1593
C[C@H]1C[C@@H]2C[C@H]1OCO2,-79.2894
OCC1=CCC[C@]21CO2,-38.4512
O=CC1=C[C@H]2C[C@@H](C1)O2,-22.7705
CCNc1c(N)onn1,17.5479
C[C@H]1C=C[C@@H](O)[C@]21CN2,6.6539
CCC(=O)NC1CCC1,-49.9737
C[C@H]1[C@@H](O)[C@]1(C)NC=O,-70.2855
CC1=NO[C@H]([NH])N1C=O,-21.9493
C[C@@H](C#C)[C@@]1(C)CO1,26.5392
COC[C@@]1(C)CCO1,-73.4874
NC1=C(C=NN[C@@H]1O)[NH],19.0381
C[C@H]1C[C]([NH])OCC=C1,-11.798
C[C@@]12C[C@@](CC1)(O2)C#C,40.3174
Nc1c(ocn1)[C@H]1CO1,-17.7077
CO[C@]1(CN[C@H]1C)C#N,11.6605
CC(C)(CC=O)N1CC1,-14.5495
C[C@H]1CN(C=O)[C@H]1C,-38.154
CN=C1C[C@@H](CO)CO1,-74.7578
C[C@@]1(O)CO[C@H]1CC#N,-38.8292
CC(=O)C(C)(C)NC=O,-96.1176
C#C[C@@]1(CC#N)CN1,116.9713
C[C@H]1C[C@@]23C[C@@H](C[C@H]12)O3,17.7052
O[C@H]1CN2CC[C@@]12C=O,-14.5835
CO[C@@]12C[C@H]3O[C@@H]1[C@@H]2O3,-60.739
CC[C@H]1C[C@H]2[C@@H](C)[C@H]2O1,-32.9497
N#CCOc1c[nH]nc1,43.6586
CC(C)[C@H]1[C@H]2O[C@@H](C)[C@@H]12,-11.0766
CC[C@]1(CN1)[C@@]1(C)CN1,42.0641
CC1(C)C[C@]1(O)CC#C,17.7479
C[C@H]1C[C@H]2O[C@@]12CCO,-46.1845
C[C@H]1C[C@@H](O)[C@H]1C#N,-7.7526
CCNc1n[nH]cc1,29.2078
CCOC[C@H]1CO[C@H]1C,-78.4641
CC1CC2(C1)CCCC2,-7.4113
CN=C1O[C@@H](C)O[C@H]1C,-84.1265
CC#C[C@H]1[C@H]2COC[C@@H]12,35.2428
CN1C[C@@H]2C[C@H]1C2=O,11.3407
CC1=NCC[C@@H](O)CO1,-73.6226
OC[C@H]1COC[C@H]1C#N,-47.9174
CC[C@]1(O[C@H]1C)[C@@H](C)O,-89.2917
[NH][C]1N[C@H]2[C@@H](O[C@@H]12)C#C,94.9935
C[C@]1(CO[C]([NH])O1)C#N,-36.0824
CO[C@H]1C[C@@H](C)[C@H]1C,-45.0179
CC#Cc1c(N)[nH]nn1,101.0258
O=CCC[C@]1(CN1)C#N,27.1266
CC#CC#CC(=O)C#N,108.5145
O=C1[C@H]2C[C@H]3CC[C@@H]1N23,23.6681
CO[C@]12C[C@H]1C[C@]12CO1,-2.9818
O[C@]1(COC1=O)C#C,-38.1376
CN(C=N)c1cnno1,40.5855
OC[C@@]1(O)[C@H]2N[C@@H]1C2=O,-36.5018
O=C1C[C@H]2COC[C@H]2C1,-70.1643
C[C@H]1OC=N[C@H]1CO,-71.1886
C[C@@H](C#N)C(C=O)C=O,-34.8277
O=C1CN[C@@H]2C[C@H]1C2,-3.1335
C[C@@]12[C@H]3C[C@@H]1C=C[C@@H]23,67.7595
OC[C@@]12CC[C@H]3[C@@H]1C[C@@H]23,15.1663
C1C=CCc2c1[nH]cc2,40.7544
CC1(C)COC[C@H]1C#C,5.7242
C1Nc2c(C=C1)nco2,22.9962
O[C@H]1[C@H]2C[C@@H]3[C@H]2[C@]13O,-4.2734
CN1C[C@H]1C1=CCCC1,42.8235
CC(=O)C#CCC=O,-15.6038
COC[C@@H](CO)O[CH][NH],-110.2659
CC1(C)[C@H]2CC[C@@H]1CC2,-16.9275
CC[C@]12CO[C@H]1[C@@H](O)C2,-45.1635
Cc1c[nH]nc1,29.0409
C[C@H]1[C@@H](O)[C@@H](C#C)[C@H]1O,-15.6061
C[C@H]1O[C@H]1[C]([NH])OC=O,-79.36
CC[C@@](C)(CO)C#N,-38.587
CC1(C)C[C@@]2(O)CC[C@@H]12,-22.4803
C[C@@](O)(CCO)C1CC1,-79.0213
C[C@@H](O)C(=O)CCC=O,-123.9241
C[C@H]1OCC=C[C@H]1C=O,-55.8928
O[C@H]1[C@H]2C[C@@H]1[C@@]1(O)C[C@@H]21,-10.8496
O1[C@H]2[C@@H]3O[CH][N][C@H]2[C@H]13,23.6404
CC[C@@H](O)[C@H]1C[C@H]1C=O,-67.9421
CO[C@H]1C[C@@H](O)[C@]21CN2,-30.4525
[NH]C1=C[C]2[C@@H](O1)CCC2,-7.3441
C[C@H]1[C@@H](C)[C@]1(CO)C#N,-7.4952
CCCCCCC#C,19.4158
C1Oc2c(C=C1)nn[nH]2,48.0474
ON=C(C#C)C#CC=O,98.7079
CCC(=O)C#CC,-1.3135
Cc1cccnc1CO,-20.5695
CCN=C1N[C@H]2CO[C@@H]12,23.2374
Nc1c(O[CH][NH])nn[nH]1,39.4043
C[C@@]1(O)[C@H]2[C@H]3[C@@H]1C[C@@]23O,-13.2441
CC[C@H]1[C@H]2O[C]([NH])[C@@H]12,14.1086
C[C@@H](C#N)[C@@]1(C)N[C@H]1C,31.9836
O[C@H]1C[C]2[CH]CCC[C@@H]12,-10.0878
CCCc1nccnn1,47.703
C[C@H]1CCc2c1cco2,-11.6284
Oc1nn2nnoc2n1,51.367
C[C@H]1Cc2c(N)nnn12,84.7879
C[C@H]1CO[C@@H](C)C21CC2,-33.0714
CCO[C]([NH])C(=O)CC,-87.1003
OCCC(=O)CC=O,-113.1932
C[C@H]1[C@H]2[C@@H]3N2[C@H]1[C@]13CN1,113.1901
C[C@@H](N(C)C)C(=O)C#N,-4.324
O[C@H]1CCC=CC1,-36.7746
C[C@H]1O[C@@](C)(CO)[C@H]1O,-119.987
O=C1[C@H]2C[C@@H]1[C@H]2CC#N,53.6177
C[C@@]1(O)[C@H]2COCO[C@@H]12,-92.8065
C[C@H]1[C@H]2C[C@]3(C)C[C@H]2[C@H]13,38.4513
C1CC21[C@H]1N[C@H]1[C@H]1O[C@@H]21,57.1545
Cc1cc(C)nc(C)c1,-0.0154
O=C[C@@]12CN3[C@@H]1C=C[C@@H]23,92.8684
C[C@@H](O)[C@H]1[C@@H](C)[C@H]1C#N,-10.5631
C[C@@]12[C@H]3N[C@H]3[C@H]3[C@@H]1C[C@@H]23,99.249
CN(C)c1c(N)occ1,-6.7418
C[C@@]1(O)[C@@H](O)[C@H]1O,-101.1895
O[C@H]1CO[C]([NH])C[C@H]1O,-111.051
C[C@@H](NC[C@H]1CN1)C#N,56.6388
CC(=O)c1ccc(N)[nH]1,-22.852
C[C@H]1OC(=O)CC(=C1)C,-82.343
C[C@H]1O[C@@]2(C[C@H]1C2)C=O,-39.0109
C[C@H]1CC[C@]2(C[C@@H]12)C#C,63.7944
CC[C@@](N)(CCO)C#N,-28.2113
OC[C@@]12CN3[C@@H]1C[C@@H]23,66.7993
NC(=O)[C@]1(CCN1)C#N,10.1748
CCCc1ccno1,-7.2437
CC[C@@]1(C)C[C@H]2[C@@H](O)[C@@H]12,-15.1943
C[C@H]1[C@H]2CC[C@H]2C1=NO,34.7418
C[C@H]1[C@@H](O)[C@@]23C[C@@H](O2)[C@@H]13,34.5068
NC1=CC(=C)C(=O)O1.N,-64.3497
OCC[C@@H](C#N)[C@H]1CO1,-29.6739
OCc1nocc1C#C,32.4694
C[C@@]12C[C@@](C)(C1)CC2,-0.7404
CC1(CC1)C(=O)CC#C,30.6111
C[C@@H](C#N)C#CC#N,111.3681
COC1(COC1)C(=O)N,-98.6885
Nc1coc(=O)nc1F,-96.4486
O[C@@]12CN3C[C@@H]4[C@@H]([C@H]14)[C@@H]23,55.9158
CC(C)C(=O)C1CCC1,-44.0805
C[C@@]12CC(=O)[C@@H](O1)[C@H]2O,-79.8342
C[C@]12N[C@H]1CC=C2C#N,75.7854
OC[C@H]1CO[C]([NH])C1=O,-93.538
O[C@]1(CC21COC2)C#N,4.893
C[C@@]12[C@H]3CN(C[C@H]1O)[C@@H]23,20.9015
C[C@@H](CC#C)[C@H]1O[C@H]1C,20.0289
OC[C@@]12[C@@H](O)[C@H]3[C@@H]1C[C@@H]23,7.1675
C[C@@H](O)c1c(N)cno1,-32.9661
CCCC1(CC1)C#C,54.5795
C[C@@]12C[C@@H](C=C1)[C@H]2O,11.1037
CC#CC[C@@]12CN(C1)C2,118.6874
Oc1cc2c([nH]1)nn[nH]2,47.4346
Cc1c[nH]cc1N(=O)=O,3.3748
CCc1c[nH]c(=NC)o1,-20.6336
O=c1[nH]c(=O)cccc1,-44.8241
OCC1(OCCO1)C#N,-78.949
C#C[C@@]12C[C@H]3CO[C@@H]1[C@@H]23,77.6817
Nc1n[nH]c(CC#N)c1,65.0877
C[C@]1(OC[C]([NH])O1)C#N,-32.52
FC1=C(NN=CC1)[NH],12.9133
Cc1n[nH]ncc1=NO,60.5529
O=C[C@H]1[C@H]2O[C@H]2[C@H]1C#C,50.2941
CC1(CC1)C#CC#C,116.7315
CC1=C(CO)CCOC1,-72.0059
CN=C1OCO[C@H]1C#N,-21.5951
O[C@H]1CCC1(C=O)C=O,-83.49
O=CNC=NC[C@H]1CO1,-38.1248
C1Cc2nccnc2O1,4.356
C[C@H]1[C@H]2CC[C@@]12O,-5.9406
[NH][C@H]1NC=C(O1)[C@H]1CN1,26.3714
CC1=CNC(=O)COC1,-64.9844
OCC1(CCC1)C=O,-63.6093
C[C@H]1O[C@H]2OC[C@H]3[C@@H]1[C@@H]23,-47.7339
C[C@H]1[C@H]2CC[C@@H](O)[C@@]12C,-35.7107
OC[C@@]1(CN2CC2)CO1,-26.533
C[C@@]12C[C@H]3[C@@H](COC1)[C@@H]23,3.2022
C[C@H]1[C@H]2C[C@@H]1C(=O)C2,-13.7689
C[C@H]1[C@H]2CN1[C@@H](C2)C#N,69.331
C[C@@]12[C@H]3[C@@H]1[C@]1(C)[C@H]3[C@]21O,79.9277
O=C1O[C@H]2C[C@H]3N[C@@H]1[C@@H]23,-18.4811
C#CC1=C[C@H]2[C@H]3O[C@@H]1[C@@H]23,110.7708
O[C@@]12CN(CC1)[C@H]2C#C,62.7343
OCc1n[nH]nc1C#N,44.9133
CNC(=O)OCC#N,-65.773
C#CCOc1n[nH]cc1,62.4634
O[C@@H](C[C@H]1CO1)C=O,-90.0864
O[C@H]1[C@H]2CN2C21CC2,41.4046
CN=C1[C@H]2OC[C@@H]3[C@H]2N13,55.3714
O=Cc1cnccc1,1.1522
C[C@]12N[C@H]1[C@H]1[C@@H](C#N)[C@@H]21,127.245
CN1Cc2c[nH]nc2C1,55.7684
C[C@@H](O)[C@@]12C[C@]1(C)CO2,-47.5236
N[C@@H]([C@@H](O)C#N)[C@H]1CN1,22.1321
OC1=CCC(=C([NH])N1)F,-55.5664
[NH][C]1C[C@H]2[C@@H](O1)[C@H]2C=O,-25.1484
C[C@@H](O)[C@H]1O[CH][N][C@H]1C,-77.3783
O=C1[C@@H](CC#C)[C@H]2CN12,79.5175
C1O[C@]21C[C@H]1N[C@H]1C2,18.889
OCCC1=C[C@@H]2C[C@H]1O2,-10.0859
C[C@H]1O[C@H]2C[C@@]12O[CH][NH],-10.1113
C1CC21[CH][C]1C[C@@H]3[C@H]1N23,167.0714
O[C@]12C[C@H]1C[C@H]1C[C@@]21O,-28.1437
C[C@H]1Cc2nccn12,54.9747
O[C@H]1C[C@H]1C1OCCO1,-91.8157
O=C1OC[C@H]2O[C@H]2CO1,-120.4528
CC[C@@]1(CO)CC1(C)C,-50.0122
C[C@H]1N2C[C@]1(C)OCC2,-12.0439
N#C[C@]12C[C@H]1NC12CC1,112.5035
C[C@H]1[C]([NH])OCO[C]1[NH],-53.2428
CC[C@@]1(C)[C@H]2C[C@@H]1[C@H]2O,5.602
O[C@H]1[C@H]2N[C@H]2C=C1C#N,50.1824
OC[C@@H](CC#N)OC=O,-97.63
Cc1ccccc1O,-29.9487
COCCO,-90.9192
O[C@H]1C=C[C@@H]2O[C@H]1C=C2,-17.1863
CNC(=O)[C@H]1C[C@H]1C#N,-0.7034
o1cnc2c1cccn2,14.6377
CC1(C)OC=N[C@H]2C[C@@H]12,-12.9564
C[C@]12OC[C@H]1O[C@H]2C#N,0.9717
C[C@]12CO[C]([NH])C[C@H]1O2,-44.7485
C[C@@H](O)[C@H]1[C@H]2O[C@H]2[C@H]1C,-45.1252
CC(C)[C@@H](C)NC(=O)C,-85.2333
CC1(C)COCCOC1,-91.1598
C1COc2c(N1)onn2,6.6965
O=C1[C@H]2[C@H]3CC(=O)[C@@H]1N23,4.8508
CC(C)(OC1CC1)C#C,29.2295
CC(C)c1coc(C)n1,-40.8009
C[C@H]1N2[CH][N][C@@H]3[C@H]2[C@]13N,96.9029
CC1(C)C[C@H]2N[C@@]12C#N,69.8016
OC[C@H]1[C@@H]2[C@H]3[C@@H]2C(=O)N13,18.8112
C[C@@H]1C=C([NH])OC(=C1)F,-57.8459
C[C@@H](OC=O)C1CCC1,-81.2867
C[C@]12C[C@H]1[C@@H](O)[C@H]2O,-47.6002
C1[C@H]2[C@@H]3[C@@H]4CC[C@H]2[C@H]1N34,72.5799
Nc1c([nH]c(=O)o1)C=O,-99.8944
COc1nc(N)c(O)[nH]1,-50.2925
CCN1[C@H]2C[C@H]3N[C@H]3[C@@H]12,69.0939
C(CN1CC1)C1CCC1,33.155
N#Cc1ncncn1,83.3424
CCc1ccc(O)[nH]1,-27.6239
O[C@@]12C[C]3[CH]C(=O)[C@@H]1[C@@H]23,51.2059
CCC[C@@](C)(O)[C@H]1CN1,-40.8013
CN1[C@H]2[C@H]3O[C@H]3C(=O)[C@@H]12,12.4934
CC1=CCCO[C@H]1C#N,5.0549
O=C1C=C[C@H]2[C@H]3[C@@H]1CN23,52.6865
O[C@@]12C[C@@H](C1)OC2,-44.8362
C[C@H]1C=C(C)[C@@H](C)C1=O,-40.1988
OC[C@H]1[C@H]2CN2[C@H]1C#C,76.7064
OC1(CC1)C(=O)O[CH][NH],-88.1345
C[C@]12CN1CC[C@H]2CO,-20.3352
CN(CC#C)C(=N)C=O,47.1988
CCNC(=O)NC(=O)N,-108.3163
CO[C@H]1[C@H]2O[C@@H]3[C@H]2[C@]13O,-23.5717
CCNC(=O)NC(=O)C,-108.2081
NC(=N)Oc1nonn1,27.0078
[NH][C]1CC2(CC2)CO1,-8.2872
CC1(C)CN=CO1,-40.0875
NC[C@]1(COCO1)C#N,-36.6589
OC[C@H]1CC=CC1,-30.0245
O[C@H]1[C@H]2[C@@H]1[C@H]1C=CC[C@@H]21,35.6293
C[C@H]1C[C@H]2C[C@@H](O)[C@H]2C1,-37.6742
COC(=O)C1CCC1,-81.2868
CC(C)c1cn(C)cn1,2.8051
CC[C@H]1[C@H]2C=C[C@@H]1[C@H]2C,44.1347
O[C@H]1[C@H]2N[C@H]2[C@H]1CC=O,-15.8191
C[C@H]1[C@H]2OCO[C@@H]1C2=O,-71.7468
O=C(O)[C@H]1C[C@@H]2C[C@H]1N2,-54.1838
O[C@H]1CCCO[C]1[NH],-76.6423
C#CCCn1cccn1,89.7444
C[C@H]1N[C@H]1c1ccc[nH]1,49.1515
Nc1cc(=O)ccnc1,22.9033
C[C@H]1[C@H]2[C@@H]1[C@@H]1C[C@H]2CO1,-4.2833
CC1(C)C[C@H]1C=O,-30.4248
COC[C@@]12C[C@]1(C)OC2,-37.1195
O=CN1[C@H]2CC[C@@H]12,19.3859
C1[C@H]2Cc3conc3N12,67.4691
N#C[C@]12C[C@H]1NCCN2,71.8175
[NH][C]1CN[C]([NH])C(=O)N1,-8.7681
CO[C@@]1(C)C[C@]21CCO2,-40.6706
Cn1ccnc1C#C,81.4028
O[C@]12C[C@@H]3C[C@H]1[C@@H]3C2=O,-11.4596
C[C@@H](O)[C@H]1CNC(=O)O1,-139.4396
CO[C@H]1[C@H]2C[C@@H]1[C@H]2C#N,47.9621
C[C@]12[C@H]3N(C[C@@]13O)C2=O,12.2593
CCOC1(CC1)C=O,-59.7049
N[C@H]1C=CC[C@H]1C(=O)O,-71.6787
O=C[C@@]12[C@H]3O[C@@H]1CO[C@@H]23,-30.7499
CC#CC(=O)[C@@H](O)CO,-72.486
CN1[C@H]2CC[C@H]2NC1=O,-30.0224
C[C@H]1CCO[C@@H](C)C1=O,-91.7969
C[C@H]1N2[C@@H]3[C@H]2[C@H]2[C@@H]3[C@@]12O,57.9138
C[C@H]1CNC(=O)C=C1C,-44.3739
C[C@@]12C[C@@H](C1)OCO2,-56.1105
C[C@@]1(O)C[C@H]2CC=C[C@@H]12,-13.5805
O=c1[nH]nccc1,2.9685
C1C[C@@H]2OCCO[C]2[N]1,-51.1623
C[C@H]1[C@H]2CCC[C@@H]1O2,-28.0295
C[C@H]1CC(=O)[C@]21CN2C,7.5864
C1[C@H]2O[C@]31CO[CH][N][C@@H]23,31.0325
O=CCOC1(CC1)C=O,-74.201
C[C@H]1C[C@]1(O)C#CC#N,58.8844
C([C@H]1CO1)c1c[nH]cc1,10.71
CC(C)Nc1cnco1,-22.2043
C1CN1c1n[nH]cc1,72.5774
C[C@H]1CCCC[C]([NH])O1,-45.7587
OC[C@]12NC[C@H]1OC2=O,-68.0548
CC1CC(C)(C)C1,-17.5225
C[C@@]12[C@@H]3[C@H]4[C@@H]3[C@@H]1C=C[C@@H]24,99.5128
O=C(C#N)c1ccco1,-2.0193
CC1(C)[C@H]2CC(=O)[C@@H]12,-4.7641
CCC[C@@]1(C)CN1C,-0.1375
C1Oc2cnncc2O1,0.6682
N#C[C@@]12C[C@H]3CCN1[C@@H]23,92.0486
Cc1n[nH]c(C=O)c1C,-12.1517
CC[C@H]1[C@@H](C)COC1=O,-105.9918
C[C@@H](N)C(=O)O[C](C)[NH],-86.0451
CO[C@H]1C=C[C@H]2CO[C@@H]12,-26.2078
CCOC1(C)CC(=O)C1,-74.777
O=C1C[C@@H](CC#N)O1,-40.5564
CCC1(C)CCC1,-14.2645
O[C@H]1C[C@]1(O)C(F)(F)F,-230.5254
C[C@H]1N[C@]21CC[C@]12CO1,28.3111
O=C1[C@H]2OC[C@H]2[C@]21CN2,17.3064
O=C1CO[C@@H]2[C@H]3N[C@@H]2[C@@H]13,16.5032
CCC[C@H]1CCN1C=O,-42.2829
CN1C[C@H]2CN2C1=O,-10.4417
O=C1C[C@H]2[C@@H]1C12COC1,3.1996
CC[C@]12CN1[C@@H](C2)C#C,101.749
C[C@H]1OC[C@H]2[C@H]3CN3[C@@H]12,21.3753
C[C@]12CC[C@H]1OC=N2,-10.4069
C[C@@H](CNCC#N)C#C,79.3492
O=C1C=C[C@H]2C[C@@H]3[C@H]2N13,48.6246
O[C@H]1[C@@H]2CC[C@]32OC[C@@H]13,-10.2158
CO[C@H]1OC(=C[C]1C)[NH],-59.6619
C[C@]1(CO1)C(=O)CCO,-100.934
C1O[C@]21CN1[C@H]3C[C@@H]1[C@@H]23,70.9465
O[C@H]1[C@H]2O[C@H]2[C@]21CN2,12.0372
CO[C@H]1C[C@H]2[C@@H](C#C)[C@@H]12,64.0994
OC[C@@H](C[C@H]1CO1)C#N,-30.9703
C[C@H]1CC[C@H]1[C@@H](O)C#N,-5.634
O[C@H]1[C]([NH])OC[C@]21CN2,-31.4544
ON=C1CN=CN2C[C@@H]12,64.1507
C1CC1[C@]12N[C@H]1[C@H]1C[C@@H]21,117.8221
C[C@]12C[C@H]1[C@H]1[C@@H](O)CN21,40.4133
CN1CC(=O)[C](C1)[N][N],30.3599
C[C@@]12CN(C1)[C@]12C[C@H]1O,57.8863
O[C@]12C=CC[C@H]1OC2=O,-79.3718
COCc1c(O)nco1,-89.6757
C1C[C@H]2[C@@H]1[C@H]1[C@H]3O[C@H]3[C@@H]21,72.0173
N#C[C@H]1C[C@]21CCCO2,10.358
CC[C@@]12C[C@@H](O1)[C@H]2OC,-22.1779
CC[C@@H](O)[C@@]1(C)CN1C,-35.7209
O=c1[nH]ccc(=O)nc1,-25.1883
ON=C1CCC=CC1=O,-11.5452
C[C@H]1O[C@H]1[C@H]1N[C@H]1C=O,-14.8715
C[C@@]12N[C@H]3[C@@H]1OC[C@@]23O,-1.761
ON=C1C[C@H]2[C@@H](C#N)[C@@H]12,83.298
CO[C@@]1(C)C[C@@H](C1)C#C,22.2967
CC[C@]12N[C@H]1[C@@H](O)[C@H]2C,-8.2186
Nc1cn2CCc2c1N,69.662
OCCCn1cccc1,-21.9147
CC[C@]12CN3C[C@H]3[C@H]1O2,15.3549
O[C@H]1C[C@H]2[C@@H](C1)[C@H]2C#N,9.0709
C1CC2=CC[C@H]3O[C@@]23C1,10.6168
OC[C@]12[C@@H]3[C@H]1[C@H]1[C@@H]3CN21,82.0911
O1[C@@H]2[C@H]1[C@H]1C=C[C@@H]2C=C1,51.6564
O[C@H]1C[C@H]2[C@H]3C[C@H]3[CH][C]12,38.295
C[C@]12C[C@H]1C(=O)NC2=O,-68.4804
C[C@H]1[C@@H](C)[C@H]1C=O,-27.025
O[C@@H](C#N)c1ccco1,-12.4935
C[C@@](O)(CO)C1COC1,-111.3386
O[C@H]1[C@H]2O[C@@H](CC=O)[C@@H]12,-51.952
C[C@]12CC[C@H]1CC(=O)O2,-78.8076
C#CC1=C[C@H]2CN3[C@H]2[C@H]13,151.1332
O=C[C@]12CN1[C@H]1C[C@@H]2C1,48.6712
CC#CCn1ncnn1,114.3039
C1CC21COCCOC2,-53.1787
O[C@H]1CCN=COC1,-61.8695
O[C@H]1C[C@@H](CC1=O)C#N,-44.8359
C[C@H]1[N][C]2OC[C@H]2[C@H]1C,4.2273
N[C@H]1[C@H]2C[C@@]1(OC2)C#N,36.8122
O[C@@]12[C@H]3[C@@H]1N1CC[C@@H]2[C@@H]31,58.7578
CCCC(CO)CCC,-85.6929
OC(=O)[C@H]1NC[C@H]1C=O,-91.1466
C1[C@H]2[C@H]3O[C@H]4[C@@H]1[C@H]4O[C@@H]23,1.9898
O=C[C@H]1O[C@@H]2C[C@H]1C=C2,-23.5059
COc1c(N)[nH]c(C)n1,-20.4965
C[C@@]12C[C@H]3C[C@@H]1O[C@@]23C,4.077
OCCC(C=O)C=O,-103.4335
CCC1(CC#N)CC1,27.3534
C[C@]12OC[C@H]1[C@]2(O)CO,-75.1992
C1[C@H]2O[C@@]34C[C@@]3(OC4)[C@@H]12,35.8464
C[C@H]1O[C]([NH])[C@]21C[C@H]2O,-32.5987
Cc1cocn1,-17.8519
C[C@@H](O)C(=O)C1(O)CC1,-108.1962
C[C@H]1[C@H]2N[C@@]2(C)[C@H]1C=O,12.1766
C[C@@]12C[C@@H]([C@H]3O[C@@H]13)[C@H]2O,-16.9885
C1CN1C1=NCCO1,8.4927
C[C@H]1[C@@H](O)[C@H]2CC[C@@]12C,-20.1956
O=CNCC#C[C@H]1CO1,4.7556
C[C@H]1OCCOCC1=O,-109.5203
O[C@H]1CN2C[C@]1(O)C2,-36.6756
COC=NC1COC1,-39.099
CCCCN1[C@@H](C)[C@H]1C,-4.3361
O=C1CNC[C@@H]2C[C@H]1O2,-39.2302
C1Cc2nonc2O1,18.9024
ON=C1CCC[C@H]1C#N,26.2713
C1CN[C](C(=O)N1)[N][N],26.7081
O=CN[C@@H](CC#C)C#N,46.7293
C1[C@H]2C[C]1[CH]C=CC=C2,94.5874
Fc1nc(=O)[nH]nn1,-19.3861
C1N2[C@@H]3[C@H]4CC=C[C@@]13[C@@H]24,137.1869
O[C@H]1COC(=O)C(=O)C1,-143.2132
C#C[C@H]1CC=C[C@]21CN2,110.0822
C[C@@]12O[C@H]3[C@@H]([C@H]1O)[C@@]23O,-40.2151
CC[C@@H](C)[C@H]1CO1,-39.1734
Cc1c(O)ccnc1F,-77.8659
O=C[C@@]12N[C@H]3[C@@H]1C=C[C@@H]23,89.5257
CC[C@H]1C[C@@H](O)[C@]21CN2,-6.4095
CC[C@H]1CN=C(O1)C#C,25.1992
N#C[C@H]1C[C@H]2OC[C@H]2O1,-15.5927
C[C@@]12C[C@@H](C1)[C@]2(C)C#C,98.5308
C[C@@]12CN[C@]1(C)[C]([NH])O2,5.1294
CC#CC(=O)CNC=O,-29.9294
CCC[C@H]1N=CN[C]1[NH],16.4682
CO[C@@]1(C)CO[C@H]1CO,-107.4952
C[C@@H](O[CH][NH])C(=NO)C,-39.4387
O[C@H]1[C@H]2C=CC[C@@]12C#N,36.3982
O[C@H]1C[C@@H]2[C@H]3[C@@H]2C(=O)[C@@H]13,-19.6605
CC[C@H]1[C@H]2O[C@H]2[C@H]1C#C,60.5119
COc1c(O)ncn1C,-52.1973
C[C@H]1[C@H]2[C@H]([C@H]3CN23)C1=O,53.5124
C#C[C@]12C[C@H]1C[C@H]1O[C@@H]21,73.2433
NC1=C(OC(=O)O[CH]1)[NH],-87.0324
[NH][C]1NC=NC(=O)N=C1,28.2121
CCOC[C@H]1[C@@H](O)[C@H]1O,-104.1173
O[C@@H](C#C)[C@H]1O[C@H]2C[C@@H]12,36.6986
O=C[C@H]1C=CCN1C=O,-42.0033
CC#C[C@@]12C[C@]1(O)CC2,46.8969
CN=C1OC(=O)C(=C1)C,-61.7353
Oc1cnc(O)[nH]1,-53.8134
OC[C@@]12CN(C1)C12CC1,61.7875
OC[C@]12[C@H]3C[C@H](N13)C2=O,12.7695
OCC[C@H]1C[C@H]1[C@H]1CO1,-40.8507
O=CO[C@@H](C=O)[C@H]1CN1,-72.5729
O[C@@H](C=O)[C@H]1CO1,-83.4192
CO[C@H]1[C@H]2[C@H]3N[C@@H]1[C@@]23O,19.6873
O=CC#Cc1c[nH]nc1,67.014
CC[C@@](NC)(C#C)C#N,84.2908
C[C@H]1CNC(=O)CN1,-47.4421
O=C[C@H]1O[C@@H]2[C@H]1CC2=O,-42.9487
C[C@@H](COCC#N)C#N,12.9424
C1[C@H]2C[C@]3(CO3)[C@@H]12,32.1409
OCC(CO)OCC=O,-155.2511
CC[C@@]1(C)OC21COC2,-49.0321
OCC#CC[C@H]1CCO1,-8.3
CC1(C)[C@H]2N[C@H]2[C@H]1C#N,72.8225
NC(=O)[C@H]1C[C@H]1CC#C,23.5193
CCCC(=O)C1CC1,-40.8991
C1O[C@H]2COC[C@H]3[C@@H]1[C@@H]23,-40.5169
Cc1ncc(CO)nn1,16.3978
O=C1CC(=O)C=CCN1,-54.3263
CC(=O)c1c(C)nco1,-61.1831
CC1CCCOCCC1,-63.1497
C1C[C@@]23[C@@H]4[C@H]5[C@@H]4[C@@]12O[C@@H]35,119.8391
CCOC[C@H]1[C@@H](C)[C@H]1O,-76.1103
O=C1O[C@@H]2C[C@H]1N=CO2,-90.5587
C[C@H]1[C@@H](C#N)N1CC#C,118.276
O=C1OC[C@H]2COC[C@@H]12,-114.5386
N[C@@H](C#N)[C@H]1[C@H]2CO[C@@H]12,53.5278
O=CCNc1conc1,-3.9238
N[C@@H](CO)c1ncco1,-49.5869
C1O[C@H]2[C@H]3CC[C@@]12N3,83.0581
C[C@H]1CN(C1)[C]([NH])C#N,59.4569
O=C[C@H]1CCN1CC#C,58.8864
C[C@@H](O)[C@H]1[C@@H](C)NC1=O,-85.0947
CO[C@@H](C)[C@H]1O[C@H]2C[C@@H]12,-32.4991
O[C@H]1CC2(CC2)[C@]21CO2,-12.2608
[NH]C1=C[CH]C(=O)N=NN1,72.1629
N#C[C@]12O[C@H]1[C@H]1OC[C@@H]21,49.0626
CC1=C(CN2C[C@@H]12)C=O,17.1947
CCc1c(O)[nH]nc1C,-23.839
C[C@H]1C[C@H]2O[C]([NH])[C@H]2C1,-20.2757
CCC(=O)[C@@H](OC)C#C,-24.0473
OC[C@H]1CC[C@H]1CC=O,-62.5757
CC1=CC(=O)CC=CC1,-8.1978
Nc1c2CCOc2co1,-28.7208
C([C@H]1CO1)[C@@]12C[C@@H](C1)O2,11.9861
CC#CCC[C@H]1C[C@H]1O,17.1499
CO[C@H]1C[C@]1(C)CC#C,27.345
CC[C@@]1(CO)CC(=O)N1,-81.2845
CO[C@H]1[C@@H](C)NCC1=O,-68.3434
C[C@@H](O)C(=O)CCO,-134.4775
COC[C@H]1CO[C]([NH])C1,-74.0738
C[C@@H](CO)[C@@H](C)C#C,-7.3311
C[C@H]1[C@H]2[C@@H]3[C@H]4C[C@@H]3[C@H]4N12,104.5866
CC#CCCCCO,-13.7279
CC1=CC[C@@]23C[C@@H](C2)[C@@H]13,84.9816
[NH][C]1NC(=O)N[C@H]1C=O,-57.5027
ON=C1CC2(CC2)C=C1,39.5566
CC[C@@]12[C@H]3[C@H]4CN1[C@@H]2[C@@H]34,84.2403
C[C@H]1C(=O)C=C(N)C1=O,-64.7392
C#C[C@H]1OCC[C@]21CN2,59.0213
N#C[C@H]1[C@H]2CN3C[C@H]2[C@H]13,110.407
CO[C@H]1[C@H]2C[C@@H]1C2(C)C,7.322
O=C1C=C[C@H]2CN12,21.2281
CCc1nc(=O)[nH]nn1,18.2418
O[C@H]1[C@H]2CC[C@]31CCN23,36.0075
OCc1c(occ1)C#N,-15.8708
C[C@]12C[C@@H]3[C@H]1[C@H]2NC3=O,8.3581
CC[C@@H](C)OC1(C)CC1,-51.4881
C[C@@H](C#N)C(=NO)C#C,85.3989
CNc1nc(=O)nco1,-50.4376
O=CCN=CNCC#N,17.1163
CC[C@@H](C=O)[C@@H](O)C=O,-116.4668
CO[C]([NH])N1CCC1=O,-58.0784
CN1CC[C@H]1C(=O)C#N,26.6215
[NH][CH]OCCC[C@H]1CO1,-47.5327
C[C@@](O)([C@H]1CN1)C(=O)N,-66.7146
CC(=O)[C@@](C)(O)C1CC1,-72.8467
C[C@H]1CC[C@@H](O)C1(C)C,-71.8006
CN(C)Cc1nonc1,34.5549
O[C@@]12CN3[C@@H]1C=C[C@H]3C2,41.3996
Cn1cc(O)ncc1=O,-53.9746
CC(CO)(C=O)C=O,-107.8236
N[C@@H](CC#N)[C@@H](N)C#N,57.0576
O[C@]12C[C@H]1CC=C2C=O,-28.8222
C[C@H]1Cc2n[nH]cc2O1,9.9184
C[C@H]1O[C@]21CNCC2=O,-40.2524
O=C1C[C@@H]2O[C@H]1[C@H]1C[C@@H]21,-30.4882
O[C@H]1[C@@H](C#C)[C@H]1C#C,99.9482
O=C1O[C@@H](CC=C1)C#C,-0.8122
CCNc1n[nH]c(=O)o1,-65.1645
Cn1cccn1,32.0298
CC1=N[C@H]2CN[C@H]2CO1,1.0198
Cc1nc(O)coc1=O,-87.4795
C[C@H]1[C@H]2C[C@@](C)(C#C)[C@@H]12,87.9811
O[C@H]1[C@H]2N=CO[C@@]12C=O,-49.0998
O=CO[C@H]1CO[C@H]1C=O,-115.9015
CCC(=O)[C@H]1NC1(C)C,-33.794
CC(C)c1c(C)cc[nH]1,-2.2662
C[C@H]1CO[C@@H](C#C)C1=O,-11.513
[NH][C]1CC[C@@H](O1)[C@H]1CO1,-43.39
C[C@]12C[C@H]1[C@@H]1C[C@@H](C1)C2,30.9651
C[C@@]1(CO)[C@H]2CC(=O)[C@@H]12,-36.029
C[C@@](O)(CO[CH][NH])C=O,-103.1532
Cc1noncc1=NO,51.8383
C[C@@]1(O)C[C@H]2[C@@H](CO)[C@@H]12,-43.5634
Oc1c2C=CCn2nc1,32.5388
CC1(C)Cc2cncn12,47.3826
N[C@]12CC=C[C@H]1OC2=O,-36.9889
C[C@H]1[C@H]2N(C)[C@@H]1[C@]12CO1,61.0916
N[C@@]1(C#N)[C@H]2C[C@@H]1O2,69.6742
CO,-48.2714
CCNc1conn1,21.4468
O=C1COC(=NC1)C#N,-8.5248
O=C1CCCC=C1,-29.0325
CC(C)(C)N=CNC=O,-52.4802
C[C@@H](CO[CH][NH])C(=O)N,-83.7528
CNc1c(N)nn[nH]1,56.1406
C[C@H]1O[C@H]2C[C@H]3C[C@@H]1[C@@H]23,-2.1241
NC(=O)[C@@H](O)[C@H]1CO1,-101.9999
OC[C@@]12C[C@@H](C=C1)C=C2,26.2788
O=C1CCC[C@]2(CO2)C1,-58.7141
CN1C[C@@]23C[C@@H]([C@@H]12)N3C,144.4861
C[C@@H](C#C)[C@H]1C[C@@H](C)O1,16.3825
OCC#C[C@H]1CC(=O)N1,-6.1141
C[C@H]1CC(=O)C=C1C#C,28.6469
O=C[C@@]12C[C@H]3[C@@H](C1)[C@H]3C2,-1.6611
O[C@@]1(CC#C)C[C@H]1C=O,4.3404
CCc1c(C)[nH]nc1O,-27.6799
CC[C@@](C)(C#N)C(C)C,-12.4035
CO[C@@H](C)CCC#C,-5.4015
C[C@H]1[C@@H](O)COC[C@H]1O,-133.5726
OCCC[C@H]1CCCO1,-96.675
O[C@H]1C[C@H]2[C]1[CH]NC2=O,-20.8481
Oc1nc(=O)nc(O)o1,-139.6177
O[C@H]1C[C@H]2[C@H]3[C@H]4[C@@H]1[C@H]4N23,64.7712
CCN1C[C@H]2OC[C@@H]12,8.0194
OC[C@H]1O[C@@H]2C[C@@H](C2)O1,-85.6328
OCc1nccc(F)c1,-64.0639
COCCCN=COC,-73.5723
O=C1C[C@@H](C#N)[C@H]1C#C,78.0553
C1Nc2c[nH]nc2C=C1,69.8884
CC(C)Cc1ncno1,-14.3108
O[C@H]1[C@@H](O)[C@H]1CCC=O,-91.9663
O[C@H]1C[C@@H](N[C]1[NH])C#N,6.7756
CC[C@@]1(C)OCCC1=O,-91.8923
COC[C@]12CCN1[C@H]2C,6.4407
CC[C@]1(C[C@H]2N[C@@H]12)C#C,103.6366
O[C@H]1CC=C[C@@H]2C[C@H]1O2,-37.5877
C[C@H]1CC2(CCC2)CO1,-35.5771
CO[C@]12C[C@H]1[C@@H](C)[C@H]2C,-10.9404
C[C@]1(C[C@H]2O[C@@H]12)N1CC1,42.6842
OCC[C@@]12CN3[C@@H]1C[C@@H]23,60.9084
COC1=NCCN1[CH][NH],-7.1663
C[C@H]1N2C[C@]3(CO3)[C@@]12C,32.7715
CCN1CC(C)(C)C1=O,-54.0619
CC(C)C[C@@H](O)C(C)C,-90.4268
C[C@H]1C[C](C)[C]2CO[C@@H]12,4.2872
Nc1nc(C=O)ncn1,4.8067
o1cnc2c1cncc2,16.1299
Nc1cc2c(CCO2)[nH]1,9.6222
OCC1=CC(=NO)CN1,-17.8067
C1[C@H]2C[C@@H]1c1nocc21,68.1759
CC[C@@](C)(C#N)[C@H]1CN1,38.0322
Nc1cnc(CO)o1,-50.3155
OC[C@]12N[C@H]1[C@H]1C[C@@H]21,57.6709
C[C@H]1[C@H]2CC[C@@H](C)[C@@]12O,-35.5884
O=CCOc1c[nH]cn1,-35.4712
C[C@H]1C[C@@H](O)[C@H]2CO[C@@H]12,-67.6271
C[C@@]12CC[C@]1(O)[C@H]2C=O,-34.9691
CC[C@H]1CC(=O)CC1=O,-81.3226
COC(=O)C[C@H]1N[C@H]1C,-72.7874
C[C@H]1O[C@]2(C[C@@]12N)C#N,40.5415
NC(=O)[C@@H](C#N)C1CC1,-0.3319
C[C@]1(CN1)[C@@H](C=O)C#C,52.8949
ON=C1[C@H]2C[C@@H](O)[C@@H]1N2,13.5625
OC[C@H]1C(=O)COC1=O,-152.7965
ON=C1C[C@H]2CO[C@@H]1O2,-53.1389
O=CN[C@H]1C[C@H]1[C@H]1CO1,-32.5165
C1C=C[C@@]23CC=C[C@@H]2[C@@H]13,67.2261
CN[C@@H](C#N)[C@@H](N)CO,-15.8835
O[C@@]12[C@H]3[C@@H]1N1C[C@]2(O)[C@@H]31,49.3539
CC[C@@]12CN3[C@@H]4[C@@H]([C@H]14)[C@@H]23,111.4171
CCOCc1n[nH]cn1,-10.3873
CC#CCCCCCO,-18.7222
CC1(C)N[C@]21CNC2=O,-6.4682
CO[C@H]1C[C@]1(O)C(=O)C,-100.919
O=C1C[C@@H]2O[C@H]1[C@]12CO1,-32.2954
C[C@H]1C[C@]21OC(=O)[C@H]2N,-45.723
NC(=O)NC(=N)C#C,15.624
CC(=O)[C@]12C[C@H]1C(=O)C2,-31.4238
C[C@H]1COCCNC1=O,-89.1133
CCC(=O)C#CC#C,64.9074
C[C@H]1C[C@]1(O)C(=O)N,-79.8482
C[C@]12CO[C@H]1CC=C2,-4.6511
Cc1c(N)c(CO)c[nH]1,-18.5741
CN1[C@H]2C=C[C@@H]3C[C@H]2[C@H]13,89.1254
C[C@H]1OC=NC[C@H]1C#C,28.1253
C[C@@]12C[C@@](O)(C1)[C@H]2C#C,61.7619
OCCN1[C@H]2CCC[C@@H]12,-16.6052
CC(C)(C#C)[C@@H](N)C#N,74.1754
[NH][C]1O[C@H]2CNC(=O)[C@@H]12,-42.3318
O=c1onc(nc1)C#C,62.6189
Cc1ncc(C=O)nc1,2.2878
CC[C@@]12[C@@H]3[C@H]4[C@@H]3N1[C@@H]24,132.9594
CC#C[C@H]1C[C@]1(C)C#N,86.6774
C[C@H]1[C@H]2C[C@H]3C[C@H]3[C@@H]12,45.6726
Nc1nc(O)c(N)o1,-52.7091
CNc1nc(O)c(C)o1,-66.1877
C[C]1[C]2CCO[C@H]2OC1,-52.0098
C[C@@]1(O)C[C@@H](O)[C@]21CN2,-39.4441
[NH][C]1OCC(=O)C21CC2,-38.7591
C[C@H]1CC[C@@H](O)[C@@H](O)C1,-109.5879
O[C@]12C[C@]1(CC2)C#N,30.302
C1Oc2nonc2C=C1,30.1273
OC[C@H]1N[C@H]1[C@H]1CCO1,-29.7076
Nc1nocc1C#C,70.3298
C[C@H]1N[C@H]1[C@]12C[C@H]1CO2,37.8807
CC[C@H]1O[C@H]2[C@@H](C)[C@@]12O,-41.5673
CN=C1OC[C@]21C[C@H]2O,-25.3641
CNC(=O)NC,-62.2482
O=C(C#C)[C@H]1C[C@H]2O[C@@H]12,47.4923
N1[C@H]2[C@@H]1[C@H]1[C@H]3[C@H]4[C@@H]2[C@H]4N13,145.3053
O=C[C@H]1C[C@H]2OC[C]2[CH]1,-2.5647
CC(C)(C)[C@@](C)(O)C#C,-15.5282
NC1=NC[C@H]2O[C@@H]12,9.8412
C1[C@H]2C=C[C@]31C=CCN23,119.1127
CC[C@H]1C[C@H]2O[C@@]12CC,-19.4187
CC[C@H]1NC(=O)N[C@H]1C,-67.0334
O[C@H]1[CH][C]2C[C@H]3[C@@H]1[C@@H]23,87.993
CC1(CC1)N1C[C@H]1C#C,107.0157
C[C@H]1[C@@H](C)[C@@H]2[C@H]1OC2=O,-58.1249
O[C@H]1[C@H]2O[C@@H]1[C@@H]1C[C@H]2C1,-6.7005
CO[C@H]1O[C@H]2C[C@]1(C)C2,-58.9298
C[C@]12C[C@H]1[C]([NH])N2C=O,20.6771
CN=c1[nH]cncc1C,31.0903
O[C@H]1[C@H]2N([CH][NH])[C@@H]1C2=O,35.3489
OC[C@@]12C[C@@](C1)(O2)C#N,20.4207
CNc1cn2CCc2c1,64.2576
CC(C)(O)[C@@]1(C)CN1,-38.9741
CO[C@]1(OCC=C1)C#N,-19.8692
CC(C)(CO)[C@H]1CO1,-73.2232
NC(=O)[C]([NH])OC1CC1,-50.6129
O[C@H]1[C@H]2[C@@H]3C[C@H]2C[C@H]1C3,-16.8134
O[C@H]1C[C@H]1C1COC1,-35.1774
N#C[C@@]1(C[C@H]2CO2)CO1,7.132
O[C@@]12[C@H]3O[C@@H]1[C@H]3CC2=O,-30.2792
C[C@H]1CC[C@]1(C)C#C,52.5049
C1CC1[C@@]12CN3C[C@@H]1[C@@H]23,113.6749
COc1n[nH]cc1C=O,-33.7135
C1O[C@H]2[C@@H]1[C@H]1N=CO[C@@H]21,0.6109
O=C1[C@H]2CCN[C@@H]1CN2,-8.0552
ON=C1CO[C@H]2C[C@@]12O,-37.4499
C[C@]12[C@@H](CO)[C@H]1O[C]2[NH],-22.1048
COCC#CCC(=O)N,-32.9651
CN(CC=O)C(=O)C,-84.6512
C[C@H]1C[C@@]23COC[C@@]12N3,25.3932
C1[C@H]2C[C@H]3[C@H]4C[C@@H]1[C@@H]2[C@@H]34,46.4582
O=C1CCC2(CC2)CO1,-67.3461
C[C@H]1O[C@@H]([C@H]1C)C(=O)N,-84.9674
CCOC[C@H]1C[C@H]1CC,-47.4312
Nc1c[nH]c2c1onn2,66.0798
O=CN1CCCC(=O)C1,-78.4979
C[C@H]1N2[C]([NH])[C@@H](O)[C@@]12C,21.9159
CO[C@@]1(C)CCC[C@H]1C,-64.3169
O=C[C@H]1C[C@]1(C#C)C#N,85.8553
C[C@@H](C=O)[C@@H](C)C=O,-77.6661
C[C@H]1C[C@@H](C#N)[C@@H](C)O1,-28.3442
C[C@@]12[C@H]3CN1[C@@H]1CN3[C@H]21,123.0596
O=CN[C@@H](C=O)[C@H]1CN1,-39.5656
C[C@H]1O[C@H]1[C@H]1C[C@H]2N[C@@H]12,36.6558
N[C@H]1[C@H]2CCN[C@@]12C#N,65.897
CO[C@@H](CO)[C]([NH])OC,-113.9964
CCC(=NO)C1(C)CC1,-1.0938
C[C@H]1C[C@H]1N=C(N)C#N,60.6209
O[C@]1(CCC=C1)C#N,8.7201
O=c1occ(o1)N1CC1,-64.0213
C1[C@H]2C[CH][C]3C[CH][C]1[C@@H]23,99.3201
C[C@H]1C=C[C@]2(CN2)C1=O,14.8095
C[C@@]1(O)[C@@H](CC1=O)C#N,-29.9953
Cc1c(O)cncc1O,-57.7852
CC[C@@]1(C)OCC[C@H]1O,-100.4495
C[C@H]1C[C@H]2OC[C@H]2[C@H]1C,-35.2558
CC[C@@H](C)[C@@H](C)CC,-50.6805
CC(C)(O)[C@@H](O)C#N,-68.9158
CC#C[C@H]1CNC(=O)N1,4.973
CC(C)[C@H]1[C@H]2C[C@@H]1CC2,2.2856
CN1C[C@H]2[C@@H](OC=O)[C@@H]12,-18.523
C[C@H]1[C@H]2C(=O)O[C@@]12C,-48.9012
OCC1(CC1)C1CCC1,-13.0106
O[C@@]12C[C@H]3C[C@@H]1C[C@@]23O,-25.0545
N[C]1C=C(C(=O)O1)[N][N],-2.5857
N[C@@H](C#N)c1ccc[nH]1,62.6991
C1[C@H]2C[C@@H]1CCOCC2,-26.9187
C[C@]12N=CO[C@H]1[C@H]2CO,-36.9618
COC(=O)C1(C)COC1,-112.2907
C[C@]12N[C@H]1C(=O)C2(C)C,3.8772
O[C@H]1[C@@H](C[C@H]1C#C)C#C,92.3372
[NH][C]1OC2(CC2)[C@H]2C[C@@H]12,20.538
C[C@H]1[C@H]2C[C@H]3N1[C@@]23CO,35.6499
CCC(CC#C)CC#C,90.1354
CCO[C@H]1[C@@H](C)O[C@H]1C,-84.9852
OC[C@H]1C[C@H]2C[C@H]3[C@@H]1N23,17.5299
C[C@@]12C[C@H]3N1C[C@@]23CO,55.6348
CO[C@H]1[C@H]2[C@@H](O)[C@H]2[C@H]1C,-42.2519
O=CC(OCC#C)C=O,-29.0154
CCc1noc(NC)n1,-11.9128
CC1(C)C[C@]21CNC2=O,-17.4274
CC(C)[C@]12C[C@H]1CCO2,-33.4605
O=C(CCC#N)CC#N,16.3942
NC(=O)[C@]12C[C@H]1OCC2,-58.678
CCC[C@H]1CC(=NC)O1,-35.0584
O[C@@]12C[C@H]3C[C@@H]1[C@@H]2CO3,-47.946
C[C@H]1C[C@@H](COC=O)C1,-80.1334
C1N=CO[C@@H]2O[C@H]1C=C2,-26.2603
Cc1n[nH]c(C)c1C#N,46.06
C[C@@]12C[C@]1(C=O)[C@H]1CN21,46.1436
CCCC1=CC(=O)OC1,-84.1
C[C@@](O)(C#C)[C@@H](O)C=O,-60.5357
Nc1c2CCn2nc1,80.5932
O=CC(=O)NC[C@H]1CO1,-84.5891
CCC[C@@]1(CO)CCO1,-85.6158
CO[C](C)[NH],-45.5601
C1[C@H]2O[C@H]3[C@@H]4[C@H]3[C@H]2[C@H]14,49.6095
C[C@@H](O)CNCC#N,-21.0277
NC(=O)c1cocc1,-53.5333
C#C[C@H]1N[C@]21C[C@H]1N[C@@H]21,156.0558
O=C1CCOC(=O)N1,-131.9975
C[C@@H](C=O)N(C=O)C=O,-104.916
O=C1CN[C]2[N]CC[C@@H]12,-4.4748
C1CC2(C1)CCOCC2,-35.2677
C[C@@H](C#C)[C@@H](C=O)C#C,79.3703
CO[C@@H](C#C)C(C)(C)C,-9.5919
C1[C@H]2O[C@H]3CN[C]3[N][C@@H]12,44.572
O[C@H]1C[C@@H]2O[C@H]1[C]([NH])O2,-87.0677
OC[C@]12C[C@H]1OCC2,-53.9299
Oc1cn(CC#N)nn1,49.6761
C[C@H]1Cc2c(N1)nco2,7.3651
CC[C@@]12C[C@H]3O[C@@H]1[C@@]23O,-0.6067
C#C[C@H]1OCCC=C1,41.6069
CN=COCC(F)(F)F,-201.1445
O[C@]12COC[C@H]1[C@H]1O[C@@H]21,-49.4219
C1N[C@@H]2[C@H]3C[C@@]12O[CH][N]3,90.0162
[NH][CH]O[C@H]1CC=CC1=O,-35.0976
CC#C[C@H]1C[C@H]2C[C@H]2C1,62.7797
CN1[C@@H]2[C@H]1[C@@H](CO)[C@H]2O,-25.3797
CC(C)CC[C@@H](O)C=O,-105.1357
C[C@H]1C[C@H]1COCC=O,-57.373
CC[C@H]1CNC(=O)O1,-102.261
CN1CC21COC2,16.1066
C[C@H]1C[C@]2(CO[C@@H]12)C#N,27.2819
O=C1[C@H]2N[C@H]2[C@H]2O[C@@H]12,12.5165
O[C@H]1C[C@H]2[C@H]3[C@@H]1C(=O)N23,-10.2469
CCn1cnc(N)c1C,7.9454
CC[C@]12CN1[C]([NH])[C@H]2O,24.3688
C1O[C@]21[C@H]1[C@H]3[C@@H]2CCN13,54.1638
O[C@H]1[C@H]2C[C@@H]3[C@H]2[C@]13C#C,91.689
O[C@H]1CCC=C[C@H]1C#C,26.563
CO[C@H]1CC(=NO)CO1,-78.0233
[NH][C@H]1Nc2c(occ2)O1,-1.621
C[C@@H](C#C)[C@@H](O)CO,-37.9517
[NH][CH]Oc1cnnnn1,90.6315
[NH][C]1O[C@@H]2C[C@H]1NCC2,-19.8016
CC[C@]12[C@H]3C[C@H]([C@@H]13)C2=O,28.1036
CO[C@H]1[C@@H](C=O)[C@H]1C#C,13.9878
C(C1COC1)[C@H]1CCO1,-41.6394
C[C@H]1[C@H]2[C@H]3[C@H]4[C@@H]1C[C@@H]2N34,68.9654
CN1[C@H]2C[C@]31C[C@@H](O)[C@@H]23,82.9245
OC[C@]12C[C@H]1[C@H]1CC[C@@H]21,27.4147
CCN=C1OCC[C@H]1O,-79.4497
CN=C1N[C@H]2CO[C@@]12C,17.8754
C[C@H]1CO[C@]21[C@H]1C[C@@H]2O1,11.8431
C[C@H]1C[C@]21CCN2C=O,-4.8847
CCC#CCCCC#N,54.3702
O[C@H]1[C@@]2(O)CO[C@@]12C=O,-85.1397
C[C@H]1C[C@H]1C(=O)C(=O)C,-63.5327
CC[C@H]1CC=C[C@H]1CO,-38.3745
O[C@H]1C[C@]21CC=C[C@H]2O,-37.3512
C1OC=CNC2=CN[C@H]12,49.267
OCCc1n[nH]cc1,-9.5494
O[C@@]12C[C@@H](C1)C(=C2)C#N,50.5272
C[C@@H](O)CCC#CC#C,45.4693
O=C1COC[C@H]2N[C@@H]12,-29.6332
CNc1c(O)occ1C,-52.2071
C#C[C@]12CCCC[C@H]1O2,33.167
C[C@@](N)(C1CC1)C(=O)O,-80.7731
CCC[C@@](C)(O)C1CC1,-52.4143
C1[C@H]2[N][C]3OCO[C@H]3[C@@H]12,-10.1798
C1[C@H]2CCC=CC[C@@H]12,30.2823
C[C@]1(CN1)C(=O)N,-29.2488
O=c1[nH]nc2C=CCn12,13.4691
C[C@]12CN[C@H]1[C@@H](CO)O2,-35.8666
C[C@@H](O)C#C,6.4274
C[C@@]1(O)C[C@@H](O)[C@H]1CO,-118.2551
CN=C(OCC#N)C#N,42.3276
O=C[C@H]1O[C@H]1C#N,-1.3007
CNC(CO)(CO)C#N,-52.6929
CCCC[C@@H](O)C1CC1,-52.4883
NC(=O)N1[C@H]2COC[C@@H]12,-49.0943
C[C@H]1[C@@H]2[C@H]3N2C[C]3[C]1C,127.1337
O=C1C[C@H]2COC[C@H]2N1,-77.3464
ON=c1cn[nH]cc1O,16.4279
NC(=O)CCC#CC#C,51.2225
C[C@H]1OCCO[C@H]1C=O,-107.6647
CN=C1O[C@@H](C)[C@H]1N,-18.3501
CC1=CC(=O)[C@H]2N[C@@]12C,9.7072
Cc1c[nH]c(c1)[C@H]1CN1,49.0455
CCC(C)(C)CCC#C,16.931
CC(C)[C@]12CC[C@H]1[C@H]2C,12.6602
CC[C@@]1(C)O[C@H]1C1CC1,-19.6591
COCc1cnnn1C,9.7099
CC#CC(C=O)C=O,-8.0542
OC[C@H]1CCNC(=O)O1,-134.7395
N#C[C@H]1CCCN1,30.3927
CCC[C@@H](O)[C@@H](C)O,-118.3881
C#C[C@H]1COC=NC1,37.5924
C#C[C@@]12C[C@H]3CN1[C@@H]23,147.4742
C1NC21COCCOC2,-42.2208
O[C@@H](CCCC=O)C#N,-52.5158
FC(F)(F)C#C[C@H]1CO1,-118.4952
CC#CCCC#CC=O,66.0326
CC(=O)[C@H]1N[C@H]1[C@H]1CN1,22.384
CCC[C@]12C[C@@H](O)[C@H]1O2,-50.4258
OC[C@H]1[C@H]2O[C@H]2C1=NO,-15.8661
C[C@H]1[C@@H](C)C(C)(C)[C@H]1C,-25.5519
O=C[C@H]1CNC(=O)C=C1,-51.6594
CCOC[C@@H](N)C(=O)O,-144.5405
OCc1cnccc1F,-61.3838
C[C@H]1C[C@]21C[C@@H]1C[C@H]2O1,10.8277
C[C@H]1CCC(=O)C=C1,-34.9919
O=C[C@H]1[C@H]2C[C@@H]1OC2,-29.1692
O=C(N1CC1)N1CC1,18.4545
CN(C=O)[C@]12C[C@H]1OC2,-23.8776
O=C[C@@H](C#C)C1CC1,46.7687
CC(=NO)C[C@@H](O)C#N,-19.11
C1[C@H]2Cn3nncc3N12,108.1888
C[C@]12[C@@H](O)[C@H]1NC2=O,-31.6575
C[C@@H](O)c1n[nH]cc1,-13.5397
[NH][C](C#N)N1C[C@H]1C#N,123.5627
[NH][C]1O[C@H]2[C@H]3O[C@H]3[C@H]2O1,-37.1388
CC(C)(CC#N)N1CC1,41.1585
CN1[C@H]2[C@@H]3CO[C@@]2(C)[C@H]13,40.0142
CC#CC[C@H]1[C@H]2CO[C@@H]12,61.2606
OCCNc1cocc1,-46.7848
C(N1CC1)c1ncco1,24.353
O[C@@]12CN(C1)CC=C2,19.1048
[NH][C]1O[C@H]2C[C]([NH])O[C@@H]12,-25.7825
NC[C@@](N)(C#N)C(=O)N,-14.996
O[C@H]1[C@@H](CC=O)OC1=O,-132.6014
O[C@H]1[C@H]2CN[C@@]12C(=O)O,-72.8383
CCc1cn(C)cc1N,13.0297
CCC[C@H]1N[C@H]1CC#N,36.0637
C[C@H]1CC=C[C@H]2C[C@H]2C1,24.7421
CC(=O)CC#C[C@H]1CO1,2.1228
CCn1c(O)nnc1O,-54.4472
C[C@H]1C[C@]21C[C@H]1C[C@@]21C,47.6048
CC[C@H]1[C@H]2OC[C@@]12C=O,-26.9119
ON=C1C=CN[C]1[NH],43.3674
O=C[C@H]1CC(=O)[C@H]1C#C,18.2936
C[C@]1(CO1)c1nonc1,20.1607
C[C@H]1NC(=O)C[C@H]2C[C@@H]12,-28.1409
OCC1(CC(=O)C1)C#C,-1.3561
CO[C@H]1C[C@H]2CC[CH][C]12,7.116
CC1(C)C(CO)C1(C)C,-51.2791
ON=C1CCCOC1=O,-74.8068
C1OCC1C1CCCC1,-29.8178
C[C@@H](O)c1c(C)cn[nH]1,-19.8737
C[C@H]1O[C@H]2CC=C[C@@]12C,-14.5757
CC1=CCCNC(=O)N1,-41.6125
C[C@]12C[C@H]1C(=NO)C=C2,39.0201
C[C@H]1CC[C@@]2(C)O[C@H]2C1,-45.3813
C[C@H]1C[C@H]2CC(=O)N2C1,-28.6523
CO[C@H]1CO[C@]1(C)C=O,-92.3359
O=C1C[C@H]2N[C@H]2CC1=O,-26.5578
OCc1ncc(O)nc1,-48.5774
C([C@H]1CO1)n1cccc1,14.8516
CCC#C[C@@H](C)C#C,90.5595
CC(C)(O)[C@H]1OC1(C)C,-93.636
O=C1OC[C@H]2OC[C@H]2O1,-131.9526
Nc1nonn1,47.9849
CC[C@H]1C(=O)CC1(C)C,-48.5879
O=C1NCC2(CC2)CN1,-27.9811
C[C@@]12[C@H]3[C@H]4C[C@@H]1C[C@@H]2N34,82.5579
OC[C@H]1N2[C@H]3C[C@]1(O)[C@@H]23,7.0769
C[C@@]1(C#C)[C@H]2C=CCN12,113.4507
CO[C@@H](C=O)[C@H]1CN1,-37.8591
CCCO,-61.7043
C[C@]1(NC[C@]21CO2)C#C,70.2958
CC1(C)CC[C@H]2O[C@H]2C1,-39.8718
O=CN1[C@H]2C[C@@H]3C[C@H]2[C@H]13,28.3888
OCC1(CCC1)OC=O,-110.501
C1[C@H]2Oc3c(cn[nH]3)[C@@H]12,52.2714
CC[C@@]1(O)C[C@H]2[C@@H]1N2C,0.8307
CC(C)[C@@]1(O)C[C@H]1C=O,-69.9376
CCCCC(C)(C)C=O,-72.7713
OC(=O)CNC1COC1,-100.6206
C[C@H]1CC[C@@]2(C)C[C@@H]12,-4.3605
NCC(=O)OC1CC1,-67.342
O=CCN1CCC=CC1,-7.4412
CCN1C[C@]1(C)[C@H]1CO1,2.3236
Cc1c[nH]c(=O)[nH]1,-38.0836
N[C@@]12CN(C1)[C@H]2C(=O)O,-6.6452
O=C[C@]12C[C@H]1OC(=O)C2,-85.1167
O[C@H]1C=CC[C@H]1C#N,7.6414
O=C1N[C@H]2C[C@@H]3C[C@H]2[C@H]13,-3.0758
OC[C@H]1O[C@]21C[C@H]1C[C@@H]21,-9.1277
C[C@@]12[C@H]3[C@H]4C[C@]1(O)[C@@H]2[C@@H]34,41.3842
O=Cn1nnc(C=O)n1,17.1529
C[C@H]1CN1CC1COC1,6.9571
OCC(=O)C#CC1CC1,-4.0425
O=C[C@]12C[C@H]1O[C@H]1C[C@@H]21,-6.6623
C[C@@]1(O)C[C@H]2CC[C@@H]12,-14.1628
O=CN1C=NCC1=O,-54.5928
C[C@@H](O)C[C@H]1N[C@H]1C#C,31.5773
C[C@@H](CO)OC1CCC1,-82.2084
OC[C@]1(CO1)C#CC#N,36.0889
C[C@H]1C[C@]21CCCOC2,-34.8674
O=CC1(COC1)C#N,-7.3555
C1O[C]2[N]CCN3[C@@H]1[C@@H]23,54.5005
NC(=NC1CCC1)C#N,60.4885
C[C@@H](C#C)[C@H]1CC[C@H]1C,49.9442
C#CC[C@H]1[C@H]2OC=N[C@@H]12,70.1425
CCCC[C@H]1O[C@H]1C=O,-65.2087
C[C@@]12C[C@H]3C[C@]1(C=O)[C@@H]23,33.4518
CCC(O)CC,-76.0979
FC(F)(F)[C@H]1C[C@H]2O[C@@H]12,-161.1525
Oc1nccc(F)c1O,-108.9302
C[C@H]1[C@H]2[C@@H]3[C@H]2[C@@]1(C)[C@H]3O,19.1466
C[C@]12C[C@H]1C=C[C@H]2C#N,67.32
OC[C@@]12[C@H]3O[C@@H]1C=C[C@@H]23,12.7102
C[C@@H](O)C(=O)[C@@H](O)C#C,-63.5089
CC[C@@H](CO)[C@@H](C)O,-111.0745
CN=c1occn1C,-8.002
CNC(=O)[C@@H](N)C#C,9.5037
N[C@]12[C@H]3O[C@H]3[C@H]1O[C]2[NH],30.1996
O=C1CCC(=O)C1C#C,-3.1013
C[C@H]1CC(=O)[C@H]2O[C@@]12C,-61.076
[NH]C1=N[C@@H](C=NN1)C#C,129.4908
C[C@H]1O[C@]21C[C@@H](O)C=C2,-41.9602
C[C@@H](O)c1cnc(C)[nH]1,-34.9484
O[C@@]12C[C@]1(O)[C@]1(CN1)C2,2.3618
COC1=NO[CH]N=C1[NH],3.1699
CN1[C]([NH])NCC1=O,-35.7401
CO[C@H]1[C@H]2CO[C@@]12C#C,39.9692
Cc1c(O[CH][NH])nno1,2.0561
CCNC(=O)CC(=O)C,-106.3617
COC[C@]12O[C@H]1CC2=O,-54.8593
CC[C@H]1C[C@H]2C[C@@]12O,-11.6697
CN=C1C[C@@H](O1)[C@H]1CO1,-23.4402
[NH][C@H]1ON=NN1C=O,15.4198
CCC[C@@](O)(C#C)C#N,37.5392
Cc1cc2c(o1)cn[nH]2,26.536
CC(C)(O)C[C@@H](O)C#C,-48.0061
CC[C@H]1[C@@H](NC1=O)C=O,-64.0294
O=CC[C@H]1COC=NC1,-55.334
CC1=N[C]2N([CH]1)[C@H]1C[C@@H]21,96.0502
[nH]1ccc2cncc2n1,89.9347
NC(=O)[C@]12C[C@H]1N1C[C@@H]21,55.7003
C[C]([NH])OC(=O)C(=N)N,-61.8952
OC[C@H]1[C@@H](O)[C@H]2OC[C@@H]12,-76.8427
O=C[C@H]1[C@H]2C[C@H]2[C@H]2O[C@@H]12,-9.3913
OCCC(=O)NCC=O,-122.1247
C[C@]1(C[C@H]2N[C@@H]12)C(=O)N,4.19
CC1=CCN2C[C@@]12C#C,108.7764
CN[C@H]1[C@@H](O[C]1[NH])C=O,-29.4131
COc1c(C)[nH]c(N)c1,-16.4745
CC(C)[C@H]1N[C@H]1CC#N,34.6568
O[C@@]12[C@H]3[C@@H]1[C@@H]1[C@H]3[C@]21C=O,71.7882
O[C@@]12[C@H]3O[C@@H]1C(=O)[C@@]23O,-45.9149
O=Cc1cnco1,-35.4736
CC(=O)OC1(CC1)C#N,-38.1441
CCc1c(ocn1)C=O,-51.5766
O[C@H]1C[C@@H]2C[C@H]1C(=O)C2,-69.5926
O=CN(CC#N)C1CC1,16.0994
N#CCCOCC1CC1,-0.7965
CCC1=CNCCC1=O,-36.0092
CNC(=O)CCCOC,-104.4646
OCCCCC#CC#C,50.1367
CC[C@]1(CO1)C(C)(C)C,-51.4806
CC#CC(C)(C)C(C)C,9.4442
C#CCN=c1[nH]cno1,83.5431
C[C@]12C[C@H]1C(=O)[C@]12CN1,41.6625
C[C@H]1[C@H]2[C@H]3[C@@H]1[C@@H](O)[C@@]23O,-11.184
N=CN(C=N)C(=O)C#C,59.8759
O[C@H]1[C@H]2N[C@H]2[C@]21CCO2,1.4349
CO[C@H]1[C@H]2OC[C@@]12OC,-54.1501
CO[C@]12C[C@H]1[C@@H](O)[C@H]2C,-41.8716
CNC(=O)[C@@H](C)CO,-105.1487
O[C@H]1Cn2cccc2C1,-8.926
CC[C@@]1(C)C[C@@H](O1)C=O,-71.0565
C[C@H]1C[C@@H]2C[C@@H](C2)C1,0.6539
CCC(=NC)NC=O,-43.6626
CCC[C@@]1(C)[C@@H](C)N1C,-4.7678
C#C[C@]12CN1CCC2,88.3623
CN1C[C@H]1[C@H]1OC1(C)C,-0.8416
CC#CC(=O)OC1CC1,-13.3472
CC[C@H]1N[C@@H](C#N)[C@H]1O,4.2496
C1O[C@H]2CCC[C@H]3[C@@H]1[C@@H]23,-15.6023
COC1CC2(CCC2)C1,-14.5405
CC1=C[C@@H]2C[C@]1(N2)C#N,102.912
C[C@H]1[C@H]2CO[C@]1(C)[C@H]2O,-59.413
O=CCN=C1CN=CN1,9.1563
C1N=CO[C@H]2[C@H]3N[C@H]3[C@@H]12,47.013
[NH][C]1OC(=O)N2C[C@@H]12,-27.2905
CC(C)C1(COC1)C#C,23.5373
CC#C[C@H]1OCO[C@H]1C,-30.569
CC[C@@]12CC[C]1[CH]CO2,3.9484
CC#C[C@@]12O[C@H]3[C@@H]1N[C@@H]23,133.1294
O=C1N[C@@]23C[C@@]12C=CC3,47.8647
Cn1cc(O)c(O)c1O,-86.6599
C[C@H]1[C@@H](O)[C@H]1OCC#C,0.2762
C[C@H]1[C@H]2CC(=O)[C@@H](C)N12,-9.9186
C1C[C@H]2O[C@@H](C1)[C@H]1N[C@@H]21,5.2113
O=C1C[C@]2(C[C@H]2O1)C#N,-22.2789
CNc1nccc(C)n1,13.3581
CN(C)c1ccccc1,18.8255
CCOc1nc(N)co1,-57.7872
OCc1ncc([nH]1)C#N,14.8458
C[C@H]1C[C@]21CC=C(C)C2,18.0296
COCCn1nccn1,5.6681
CCO[C@H]1C=C[C@H]2O[C@@H]12,-26.2091
OC[C@]12CC[C@H]1OC2=O,-86.9213
CC1(C)[C@H]2OC(=O)[C@@]12O,-79.3554
O=Cc1ccc2CCn12,28.3837
O=C1C[C@H]2O[C@]31CN[C@@H]23,56.9311
C[C@@H](C[C@@H](C)C#N)C#N,32.242
C[C@H]1O[C]([NH])[C@H]1O[CH][NH],-35.5859
OCc1n[nH]c(O)c1,-41.5913
C1[C@H]2CO[C@]31CCC[C@@H]23,0.9175
CN=C1NC=C[C@]21CO2,29.1497
C[C@@]1(O)C[C@H]1COC=O,-108.0167
CCC1=CC[C@@]2(O)C[C@@H]12,-10.6256
CC(C)(N1CC1)C(=O)N,-31.2591
C[C@H]1N[C@H]1[C@]1(CO1)C=O,-16.7779
C[C@]12CC=C[C@@]31C[C@H]2O3,64.8606
O=C(OC1CC1)[C@H]1CO1,-72.0813
O=COCC(C#C)C#C,39.1451
CCOc1c[nH]cc1O,-54.5232
O[C@H]1CC[C@]2(CCO2)C1,-66.7386
C[C@H]1C[C@@](O)(CO)CO1,-133.2626
O[C@]12CC[N][C]1NC=C2,14.0104
Cc1nonc1O[CH][NH],11.8584
C1O[C@]21C[C@H]1[C@H]3O[C@@H]2[C@@H]13,15.9657
CCc1c[nH]c(C)c1N,7.2692
CN(C)C(=O)C(C)(C)O,-99.1904
CC(C)Nc1n[nH]cn1,19.121
C[C@H]1OC[C@@H](O1)C1CC1,-65.3944
COc1cc(C)c(C)o1,-66.3057
COCc1c(N)cco1,-47.6319
OCC(=O)[C@]12CC[C@H]1N2,-26.3374
CCC[C@@H](C)OC(=O)C,-128.8236
CC1=CCOC[C@]21CO2,-37.4271
C[C@]1(COCCN1)C=O,-68.5505
[NH][C]1N[C@]2(C[C@H]2O1)C#C,67.9058
C1CC2(C1)CN=CO2,-7.9766
CC#CC#C[C@@H](C)O,45.8532
CCC(C)(CC)C(=O)C,-76.2747
CC[C@H]1O[C@H]1C1(C)CC1,-15.8532
NC1=N[C@H]2CC(=O)[C@H]2O1,-32.5006
OC[C@H]1CCOC(=O)O1,-170.1471
CC1(CC1)C(=O)C1CC1,-10.7944
CO[C@@]12C[C@@](C1)(C2)C#N,42.2656
C[C@@]1(COC2CC2)CO1,-39.4902
C[C@H]1OCC=CCO1,-65.2377
CN1C[C@]21COC[C@H]2O,-45.2774
CCCC(=O)[C@@H](O)C#C,-34.6002
C[C@H]1O[C@]21CO[C@H]2CO,-77.848
CC[C@@](C)(O)[C@H]1O[C@H]1C,-88.1886
CN[C@H]1CO[C@]1(C)C#N,9.4611
C[C@]12CCO[C@H]1[C]([NH])N2,-4.8882
C[C@@H](O)C1=N[C@@H](C)CO1,-81.8436
OCc1coc(c1)C#C,8.908
C[C@@](O)(CC#N)[C@H]1CO1,-39.042
C1CC1Oc1ccn[nH]1,29.6159
CC(=O)[C@H]1OC21COC2,-62.85
CN=C1CC2(CCC2)O1,-1.6091
O[C@H]1[C@H]2[C@@H]3[C@H]2[C@H]2O[C@@H]3[C@@H]12,-0.4964
C1OCC21C[C@H]1N[C@@H]21,45.6673
Cn1ccc(C#N)c1O,9.0316
CC[C@@]1(CO)[C@H]2CC[C@@H]12,-11.3464
Nc1c2OCCc2co1,-26.6632
C[C@H]1C[C@H]1[C@H]1CNC1=O,-12.4713
CC(C)[C@H]1CNC(=O)O1,-106.9434
O=C[C@H]1O[C@H]2CC=C[C@@H]12,-19.7126
CN=CO[C@@H](C)CC#N,-11.5718
ON=C1C[C@@H]2N[C@H]1[C@H]2O,6.1541
O=C1[C@H]2N[C@H]2[C@H]2CO[C@@H]12,2.4288
CC(C(=O)N)C(=O)N,-108.8244
C[C@@H](O)C1=CCC[C@H]1O,-78.2101
C[C@@H](C=O)N1C[C@H]1C#N,29.8375
C1[C@@]23CCO[C@@]12COC3,-37.8588
Cn1nc(C)nc1O,-23.4967
CO[C@H]1[C@@H](C)[C@@H](C)[C@H]1C,-48.6116
N=C(N)CCCC(=O)O,-100.1
CO[C@@H](CO)CC=O,-119.8497
C[C@H]1C[C@H]2N[C@H]2C=C1,40.806
C[C@]1(CO1)C(F)(F)F,-196.1474
C1[C@@H]2[N][C]3O[C@@H]4[C@H]1[C@H]2[C@H]34,108.415
CCC(O)(CC)CC,-84.7618
C[C@H]1O[C@]21C[C@@H](CO)C2,-50.3392
C#C[C@@]12C[C@@H](C1)[C@H]1C[C@@H]21,119.086
CN=C(N)C(=O)C(C)C,-47.8825
O=Cc1c(nco1)C#C,24.1403
CC[C@@]1(C)[C@H]2CC(=O)[C@@H]12,-8.7844
O[C@]12C[C@]1(CC2)C#C,58.5534
CC1(C)[C@@H](N)[C@]1(N)C#N,42.39
C1O[C@]21[C@H]1N[C@@H]2[C@H]2N[C@@H]12,89.2544
O=c1nccncn1,40.4023
CC#C[C@H]1[C@H]2O[C@@H]1[C@H]2C,75.0112
CCC1=C[C@H]2C[C@H]2OC1,-4.112
O[C@H]1CCOC21CCC2,-66.9406
C[C@@H](C=O)[C@]1(CN1)C=O,-37.4744
OC[C@]12C[C@H]1CN1C[C@@H]21,23.4504
CC#CC1=CC[C@@H](O)C1,17.072
[NH][C@H]1ON=C(CC#C)O1,37.7515
OC[C@]1(C[C@H]1C#C)C#C,94.1419
CC1=C(N=C(NC1)[NH])F,-23.6748
CCC(N)(C#N)C#N,56.5828
O=C1CC(O1)(C#C)C#C,60.6918
CCC1=C[C@@]2(C)N[C@H]2C1,31.7273
C[C@@H](O)[C@]12CN1CC2,4.3284
C[C@]1(O[C@H]2CN[C@@H]12)C=O,-17.5002
N[C@H]1[C@@H]2[C@H]3N2C[C@@]13C#N,122.6225
CN1C[C@H]2CO[C@@H](C1)O2,-66.5424
COCC(C)(C)C(=O)N,-108.0539
O=c1[nH]c(co1)[C@H]1CN1,-30.2679
C[C@H]1O[C@H]1c1nocn1,-3.4218
O[C@@H](CCCC#C)C#C,60.8182
C[C@H]1CN2CCO[C]2[N]1,-20.0268
CC1=NCC(=C([NH])O1)F,-50.4685
CC#CCN1[C@@H](C)[C@H]1C,65.9491
C[C@@]12CC=C[C@]1(C)CO2,-14.1057
O=C1C[C@H]2OCCC[C@@H]12,-57.3838
C1CN(C1)c1ncn[nH]1,59.8155
C[C@H]1OC2(COC2)C=C1,-36.8291
C#C[C@H]1[C@H]2CCCN12,89.6619
C[C@H]1[C@@H](CC=O)[C@H]1C#N,9.224
O[C@H]1CC[C@@H](O)[C@@H](O)C1,-139.0695
CNc1noc(C)c1,0.3803
CCN1C[C@H]1[C@H]1CO1,10.2841
O[C@H]1C[C@@H](O)[C@H]1OC=O,-142.6891
O[C@H]1[C@H]2[C@@H]3CCC[C@H]2[C@H]13,11.7784
N[C@H]1[C@H]2C[C@@]1(N2)C(=O)O,-11.0296
CC[C@@H](O)C(C)C,-80.5431
O[C@H]1COc2c1cn[nH]2,-17.35
CC1=C[C@@]2(O)C[C@H]3[C@@H]1[C@@H]23,28.5146
COC(=O)C[C@@H](C)O,-151.6054
OC1(CNC=O)CCC1,-75.7536
CCN1C[C@H]1CC(C)C,-4.119
C[C@]1(C[C@H]1C=O)C(=O)N,-66.2815
OC[C@H]1C[C@H]2OCC[C@@H]12,-62.2067
NC(=O)OC[C@H]1CCO1,-117.0036
C[C@]1(O[C@H]1C#N)[C@H]1CN1,43.2191
CC[C@@]12O[C@H]3CO[C@@H]1[C@@H]23,-19.5945
COC(=O)N(C)C(=N)C,-92.3835
Oc1ncc(F)cn1,-60.2804
CC1=CCNC(=O)CC1,-37.5152
CC(C)(O)C(=O)C1CC1,-77.7256
C[C@H]1N[C@@H]([C@H]1O)C(=O)O,-113.7186
CC[C@H]1[C@H]2O[C@@]2(C)C1=O,-38.0935
C[C@H]1N[C@]1(C=O)C1CC1,11.5504
OCC[C@@H](O)C[C@H]1CO1,-107.8509
CC(C)(O)C(=O)N1CC1,-67.5609
C[C@@H](O)[C@]1(CN1)C=O,-51.6467
CO[C@H]1CC(C)(C)[C@H]1O,-84.2886
C[C@]12CC(=O)[C@H]1OCO2,-85.8068
O=C1NCCO[C@H]2C[C@@H]12,-51.7672
O=C[C@H]1COCC(=O)N1,-102.9199
[NH][C@H]1Oc2c(O1)nc[nH]2,2.312
C[C@@]1(O)[C@H]2C[C@]3(CN3)[C@@H]12,34.5015
Nc1c2CCCn2cn1,29.8986
O[C@H]1CNc2c1onc2,3.6979
COC[C@@](C)(O)C#CC,-45.1955
FC(F)(F)[C@]1(CN1)C#N,-105.822
C[C@H]1[C@H]2CO[C@@H](C=O)[C@@H]12,-43.6074
[NH][C]1CNCCN1C=O,-11.4666
COC[C@@]12C[C@H]3[C@@H]1O[C@@H]23,23.9214
CCO[C@H]1C[C@]1(N)C#N,8.0254
CCc1cc(O)c(C)[nH]1,-34.6262
C#C[C@H]1O[C@H]2CC[CH][C]12,83.7428
COC[C@H]1C[C@@H](O)CO1,-122.1701
Cc1cocc1O[CH][NH],-31.5
Nc1nc(=O)nc(N)[nH]1,-20.5957
O=CC1(C[N][CH]N1)C=O,-29.439
CC[C@@]1(CCO)O[C@H]1C,-83.4208
CC(C)(CO)[C@H]1CCO1,-80.6001
CO[C@@]1(C)OC[C@H]2C[C@@H]12,-64.6439
O=C1CN2C[C@@H](C#N)[C@@H]12,59.6058
CC1=C[C@@H]2[C@H]3C=C[C@@H]2[C@@H]13,98.707
CO[C@@H](C)CO[CH][NH],-77.3538
O=C1C[C@H]2CO[C@@H]1C=C2,-38.1281
CO[C@@]1(C)C[C@H]1N1CC1,11.7369
C[C@H]1COC[C@H]2C[C@@H]12,-26.0365
CN1C[C]2[CH]NC(=O)[C@@H]12,31.2613
C[C@@](O)(CO)[C@H]1CN1,-66.4345
O=C1O[C@@H]2[C@H]3[C@@H]4N[C@]13[C@H]24,63.543
C1O[C@H]1[C@H]1C[C@H]2O[C@@H]12,1.9685
C[C@H]1[C@@]2(C)C[C@H]2C21CC2,47.6362
C[C@@](NC=O)(C=O)C#C,-14.4406
[NH][C]1OCC2(CCC2)O1,-53.4709
CC(C)Oc1conn1,-24.5173
CCC#CC[C]([NH])OC,6.8785
CN1N=NO[C@@H]1[NH],38.044
CC(C)(O)C(=O)CC=O,-123.3901
O[C@H]1[C@H]2C3(CC3)C[C@@]12O,-9.3404
C[C@@H](O)[C@H]1[C@H]2C[C@]1(C)C2,-5.4629
CC[C@@H](OC)[C@@H](C)C=O,-94.9456
C1Cc2c(C1)cn[nH]2,41.7851
NC1=NC[C@]2(O[C@@H]12)C=O,-17.018
Cc1c(O)c(O)cnc1,-61.7554
C[C@]12N[C@H]1CCN1C[C@@H]21,59.2063
C[C@H]1[C@@H](N1C)C(=O)C,-22.2423
O[C@H]1CN[C@H]2C[C@H]2C1=O,-39.928
OC(=O)CNCCC#N,-64.5913
CCC[C@H]1[C@@H](C)[C@H]1C,-16.7217
CN=C(N)c1n[nH]cc1,43.9577
Cn1cc(CCO)nn1,1.1865
C1[C@H]2CN1c1c[nH]cc21,105.087
C[C@@]12C[C@]3(CC[C@H]13)CC2,71.587
CO[C@@H](CC=O)[C@@H](C)O,-126.5783
O[C@H]1C[C@H]2[C@H]3[C@H]4[C@@H]1[C@@H]2N34,52.2405
CC1=C[C@@H]2C[C@H]1C2=O,20.2508
CO[C]([NH])N1CC(=O)C1,-40.136
CN(C)c1c(C)nn[nH]1,45.9345
C1[C@@H]2O[C@H]3[C@@H]2[C@H]2O[C@H]2[C@@H]13,9.0938
CNc1cccoc1=O,-51.3275
C[C@@H](O)[C@]12C[C@H]1OCO2,-88.9794
N#CC1=CC[C@H]2CO[C@@H]12,35.5668
C[C@@H](O)[C@H]1C[C@@H](C)[C@H]1O,-89.1926
OC[C@@]1(O)[C@@H](O)[C@H]1C#N,-69.2094
NC1=COC(=C[C@H]1O)[NH],-34.4961
N#C[C@@]12[C@H]3C=C[C@@H]1CN23,127.221
O[C@H]1[C@H]2[C@H]3OC[C@@H]1[C@@]23O,-53.2158
O[C@@]12[C@H]3O[C@@H]4[C@@H](N[C@H]14)[C@@H]23,12.5241
C[C@@H](CC1CC1)C(=O)N,-46.6259
Cc1cnnn1C(=O)N,-4.8612
CCc1nonc1N,21.9394
C[C@]12CC=C[C@@H](O)[C@H]1O2,-47.028
CN=COC(=O)N1CC1,-42.0599
C[C@@]1(CO)NC(=O)C=C1,-71.4729
CC(=O)c1ccc[nH]1,-23.2949
C[C@@H](C#C)c1conc1,67.1738
C[C@H]1N=CN2C[C@@]12C=O,24.2539
C1O[C@H]2CN3CCC[C@]123,17.2262
C[C@@H](CC#N)C#C,70.6727
CN=C1O[N][C]2CCN12,55.7019
OCC#Cc1ncc[nH]1,44.7501
C[C@@H](OC(=O)C)C=O,-133.5979
O=C1CC[C@H]2[C@@H]1[C@H]1CN21,32.7017
CC(=O)c1c[nH]nn1,11.9367
CCC#C[C@]12CC[C@H]1O2,51.7682
C1C[C@]23COC[C@@H]2[C@H]1O3,-10.2572
CC[C@H]1CC[C@H]2C[C@H]2C1,-5.7911
CC(C)[C@@H](O)CCO,-112.2667
CC1(C)OC[C@]1(C)C#C,16.3938
CC(C)N1CCCC1=O,-67.4172
N#CC1(COC1)[C@H]1CO1,8.1699
O[C@H]1CN2[C@H]3[C@@H]4O[C@]13[C@H]24,75.6252
C[C@H]1CN(C1)C1COC1,2.1535
C[C@]1(CC[C@H]1O)C(=O)N,-83.5304
O[C@H]1[C@@H](OC1=O)C#N,-62.2895
CC[C@@]1(C)CCCC1=O,-62.6692
C1C[C@@]23CC[C@@]12CCO3,4.5746
C[C@@H](C#N)C(C)(C)C,-9.6093
O=C1CCO[C@H]1C1CC1,-49.8104
CC[C@]1(OC[C@H]1N)C#N,4.1944
O[C@]12CC[C@H]1C(=O)OC2,-101.6759
O=C(C[C@H]1CN1)C#C,57.3646
C[C@H]1C[C@H]1n1cccn1,52.4993
CC1=C[C@@H](CO)[C@H]2C[C@@H]12,-7.749
COC[C@@]12[C@@H]3[C@H]4[C@@H]3[C@@H]1[C@@H]24,96.1777
CC[C@]1(CN1)C(=O)C#C,47.3578
O[C@]12[C@@H]3[C@H]1N1[C@@H]3CC[C@@H]21,57.996
COc1c(cn[nH]1)C#C,60.3155
CCC[C@H]1C[C@]1(N)C#N,34.7616
C[C@H]1O[C@@H](CC=C1)C#N,3.8827
CC1=C[C@@]2(C)O[C@@]2(C)C1,-19.075
CCO[C@H]1C[C@H]1C(C)C,-48.6957
C1Cn2ncnc2C=C1,52.5792
C[C@H]1[C@H]2CCOCC[C@@H]12,-29.6007
CN(C)[C@H]1[C@H]2N[C@@H]1[C@H]2O,37.1896
COC(=N)N(C)CC#N,-4.96
C[C@H]1[C@H]2C=C(C)[C@@H](C)[C@@H]12,20.5485
CCC(CC)C(=O)C=O,-86.8703
CC(C)c1cnc(O)[nH]1,-37.0612
C[C@H]1OCCOC[C@H]1O,-125.2323
CN=CO[C@H]1CC[C@H]1C,-22.7912
C[C@H]1N=COCCC1=O,-57.0565
O[C@H]1C[C@H]1[C@H]1O[C@H]2C[C@@H]12,0.4042
C[C@]1(NC21CCC2)C=O,5.7854
C[C@@H](O)COCCC#C,-42.7457
NC(=O)[C@]12O[C@H]1[C@H]1C[C@@H]21,12.7664
CO[C@H]1C[C@]21CN1C[C@@H]21,46.3313
CC[C@@H](O)C1=CCOC1,-70.1905
O=C1N[C@@H](CO1)C1CC1,-66.3436
C[C@H]1C=C(C)[C@H]2O[C@@]12C,-14.5789
C[C@H]1C=CC=C[C@H]2O[C@@H]12,19.9146
C[C@@H](CCO)OC=O,-139.1261
[NH][C]1CO[C@@H](CC=O)O1,-91.4986
O=C1O[C@H]2C[C@@H](O1)C=C2,-88.4594
COC[C@@H](O)C#N,-51.4742
C[C@H]1[C@H]2C[C@H]2CNC1=O,-26.5031
OCc1cc(no1)C#C,33.816
C[C@H]1CCCC(=C1)C#N,23.2551
COCCC1COC1,-65.8719
CN1[C@H]2[C@@H](C#N)[C@H]2C1=O,44.4483
CC[C@@]1(C)CCC(=C1)C,-17.1195
N[C@]12C[C@]1(C[C@H]2O)C#N,33.1068
[NH][C]1O[C@@H](C=O)[C@H]2C[C@@H]12,-25.6655
COc1c(C=O)cn[nH]1,-28.6131
C#CC1=C[C@H]2[C@H]3C[C@@H]1[C@@H]23,133.4772
CO[C@@H](C)c1c[nH]nc1,-8.4054
CC[C@H]1N2C[C@]1(CO)C2,22.9065
CCC(=O)[C@@]1(C)O[C@H]1C,-77.6284
NCc1cc(=O)nc[nH]1,-10.9152
Cc1coc(OC=O)n1,-89.3244
C1C[C@@H]2[C@@H]3C[C@H]1[C@H]2CO3,-26.7456
O=CCNc1ccn[nH]1,17.4539
N#C[C@@]12C[C@@H](C1)CO2,28.3768
Cn1nc(N)c(n1)C#N,75.2311
O=C1C[C@H]2CCCC2=C1,-21.9196
Oc1c[nH]c(C=O)c1,-46.9695
CO[C@@H](C)C(CO)CO,-139.9642
C[C@H]1C[C@H]1N1C[C@H]1C,36.5874
O=C1C[C@H]2N[C@]31CO[C@@H]23,58.2727
CCN1[C@@H]2[C@H]1[C@@H](O)[C@H]2C,2.4328
CNc1nc(N)no1,-0.1844
Nc1cnnn1C1CC1,77.0256
Cc1cnc2occn12,17.5149
C[C@@]12CO[C@@H](O1)C=C2,-39.0819
O[C@H]1C[C@]1(C#N)[C@H]1CN1,44.6291
O=C[C]1[N][C@H]2[C@H]3CN1[C@@H]23,74.9264
C[C@@]1(COCC=O)CO1,-88.729
COc1ccno1,-25.9711
CC1(C)[C@@H](C#C)[C@H]1C#N,91.9579
C[C@H]1[C@@H](O)[C@@H](C#C)C1=O,-2.1875
C1[CH][C]2CCC[C@H]3[C@@H]1[C@@H]23,51.8429
CC[C@]1(CO1)C(C)(C)O,-88.2746
Cc1nc(O)nc(=O)[nH]1,-77.5629
O[C@@H](CC#C)C#CC#N,102.5922
COc1nn(C)cn1,-8.8268
CC(C)n1nncc1N,37.0345
CC(=O)c1nc(N)no1,-28.3957
C1[C@H]2O[C@H]3C=C[C@@H]1[C@H]3O2,-33.2355
OC[C@]12N[C@H]1C[C@H]2O,-27.6282
CCC1CCC1,-8.5624
N[C@@H]1N=C([NH])C=CO1,0.5374
CNc1n[nH]c(C)c1C,18.2346
CC1(C)CCCOC1,-66.4618
CC1(CC1)n1cccc1,39.3991
CO[C@@H](C=O)C1CCC1,-58.9261
CCOC(=NCC)CO,-91.1551
CNC(=O)OCCOC,-144.211
C[C@H]1C=C(C#C)[C@H]2C[C@@H]12,91.3878
CN1[C@H]2[C@@H]1[C@@H]1C[C@H]2[C@H]1O,35.6756
[NH][CH]N1C[C@H]2C[C@H]2C1=O,3.8617
[NH][C]1N=CN=NOC1=O,50.7479
C[C@H]1N=C(CO)N2C[C@@H]12,5.3584
Nc1c2OCOc2no1,-27.0444
C#C[C]1[C]2CC[C@H]2CC1,98.5131
CC[C@H]1CC(=O)C=C1C,-43.7769
CN1[C@H]2[C@@H](O)[C@H]2OC1=O,-91.54
CC1(CC1)c1cnno1,35.6231
C1[CH][C]2[C@H]3[C@@H]4O[C@H]3[C@H]1[C@H]24,110.7207
C1OC[C@@H]2[N][CH]OC[C@@H]12,-46.5576
C[C@H]1CN[C@]1(CO)C#N,6.621
O=C1CN=C(N1)N1CC1,7.2161
O=C1CC[C@H]2C=CCN12,-19.3452
CO[C@H]1CCCCO1,-96.1041
C[C@@H](O)COC[C@H]1CO1,-106.0839
O=c1[nH]nc([nH]1)C#C,45.28
C[C@]1(O[C@H]1C#N)C#C,74.7408
C[C@H]1C[C@]21CC[C@H]2C#C,84.2148
C[C@]12CC[C]1[CH][C@H]1C[C@@H]21,67.0273
C[C@@]12C[C@@H](O1)[C@@H](C2)C#C,41.7306
OCC(=O)[C@@]12C[C@@H](C1)C2,-15.6864
CC[C@@]12CC[C@H]3[C@@H](O1)[C@@H]23,3.4507
Cc1c([nH]nc1)C#N,61.0474
CC1=C(N)C[C@@H](O)C1=O,-76.8576
O=C1C[C@H]2C[C@H]3[C@@H]1N3C2,1.4028
CC1(C)CCC21COC2,-16.2209
N[C@@]1(C#N)[C@H]2C[C@]1(O)C2,48.3509
O[C@H]1[C@@]2(O)[C@H]3O[C@H]3[C@@]12O,-50.5251
CC(=O)N1CCC1,-34.8082
OCCNc1n[nH]nc1,9.785
CNCc1c(O)onc1,-33.4762
C1C[C@]2(C[C@H]3O[C@H]3C2)O1,-32.6116
C[C@@]12C[C@@](C)(C1)C2,30.2604
[NH][C]1CNC(=O)OCO1,-102.5142
CN1C[C@H]2O[C@@]2(CO)C1,-46.9397
Nc1ncc(F)c(N)n1,-30.5444
CCO[C]([NH])C(=O)CO,-114.9956
Fc1cc(=O)onc1F,-109.6698
Oc1c[nH]c2c1cc[nH]2,23.9507
CNc1c(cno1)C#N,39.3702
CN1C[C@H]2O[C@@H](C1)C2=O,-28.23
C[C@H]1CNC(=O)[C@]21CN2,-15.714
Cn1c(N)cnc1C=O,-1.8972
C[C@@H](CO)[C@@](C)(O)C#N,-70.2115
C[C@H]1C[C@]1(O)[C@H]1CN1,1.9501
OCC1(CO)[C@@H](O)[C@H]1O,-140.9477
CO[C@H]1C(=O)C=CC1=O,-74.7301
OC[C@H]1[C@H]2CO[C@@H]1CO2,-98.675
CN1C[C@H]1[C@@H](CO)C=O,-41.314
CO[C@H]1CC(=CC1=O)N,-63.9058
N#CCN=c1[nH]cc[nH]1,66.4889
C[N]C1=N[N]OC=C1C,51.1549
C[C@H]1[C@@H](O)[C@H]1OC=O,-99.548
Cn1cnc(n1)[C@H]1CO1,22.7444
C[C@]12N[C@H]1C[C@H]1N[C@@]21C,58.014
O=C1OCCC=C1,-66.9366
C[C@@H](O)[C@]12N[C@H]1[C@H]1O[C@@H]21,26.3834
CN1C[C@]1(CO)C=O,-44.6788
C1C[C@H]2CO[C@@H]1OC=N2,-56.0016
CO[C@@H](C#N)[C@@H](N)C#N,26.5246
[NH][C]1N[C@]2(CO[C@@H]12)C=O,7.8458
O[C@H]1CCC[C@H]2C[C@@H]12,-30.9631
N#CCC#N,61.3826
CN1[C@H]2CC(=O)[C@@]12C=O,-1.475
C1CC1O[C@H]1CN2C[C@@H]12,43.2672
O=C1OC2(CC2)C21CC2,-19.1874
COCC(=N)NC(=O)N,-76.9822
Fc1ncccc1,-26.7543
C[C@H]1C[C@H]2[C@H]3[C@H](CN23)O1,19.5919
Nc1conc1C#C,78.4422
O[C@@]12C[C@@]3(O)[C@H]4[C@@H]1N4[C@@H]23,41.7611
O=C1[C@H]2C[C@@H]3O[C@H]2O[C@H]13,-58.2762
OC[C@H]1N[C@H]1C1CC1,5.0732
N[C@@H]1C=C([NH])N=C(F)N1,-12.5738
O=C1[C@@H]2CO[C@]32CO[C@@H]13,-19.8149
CN1C[C@@H](O)[C@H]1CC#C,34.4639
Cn1nc(C)c(O)c1N,-10.7682
CO[C@]12C[C@H]1C[C@@H](C)C2,-29.0516
OC[C@@]12C=C[C@H]3C[C@@H]1N23,46.5395
CC1=CC=CC=CCC1,39.8574
CNc1cnc[nH]c1=O,-20.7872
CC[C@@H](O)[C@@]12C[C@@H](C1)O2,-29.0968
CC[C@]12N[C@H]1[C@H]1N[C@@H]21,106.4539
CO[C@@]1(C)C[C@H]2C[C@@H]12,-6.8216
C[C@H]1CN1c1ncno1,36.7994
CC(C)CCOC(=O)N,-125.8965
C[C@H]1N[C@@H](C#N)[C@]21CN2,85.1025
CC(C)[C@H]1CCOCO1,-101.916
CCCCn1cnnc1,23.18
O=CNCCCC#N,-26.2631
C[C@]12[C@H]3N[C@H]3[C@H]1O[C]2[NH],59.759
Nc1c2C=CCn2nc1,71.0073
NC1=C(C#N)C(=O)CC1,-2.8434
CO[C@@H](C)[C@@]1(C)CN1C,-28.1086
CC(C)(C)c1n[nH]cn1,10.7968
C1CC1c1ncccn1,51.0314
CO[C@]12C[C@H]1[C@H]1C[C@H]1C2,10.664
O=C1NC[C@H]1OCC#C,4.7976
CN(C)C(=O)OCC#N,-66.9426
O=C[C@H]1[C@H]2COC[C@@H]1O2,-69.8467
CC[C@H]1[C@@H](O[C]1[NH])C=O,-47.6024
N[C@@]1(C#N)[C@H]2C[C@@H]1CC2,56.7093
O=CNC[C@H]1OCC1=O,-88.5825
COCC#C[C@@H](C)OC,-31.1933
C1Oc2c(O1)cn[nH]2,3.2837
CC1=CC[C@H]2CCC=C12,26.9822
C[C@H]1[C@H]2CO[C@@H]3[C@H]2[C@]13O,-25.3676
C1[C@H]2[C@H]3[C@H]4O[C@H]4C[C@@H]1[C@@H]23,36.6333
CCC[C@H]1C[C@@H](C)[C@H]1C,-24.839
[NH][C@H]1NN=NN1C=O,44.4324
C[C@H]1OC[C@H]1NC(=O)C,-78.4726
O=C1C[C@H]2CC=C[C@@H]1N2,-1.9983
O[C@H]1[C@H]2OC[C@H]3O[C@H]3[C@@H]12,-54.3021
C[C@@H]([C@H]1CN1)C(=O)C=O,-34.1769
CN(C=N)C(=N)C#N,59.7219
CC(C)CC#C[C@H]1CO1,19.0086
CCNC(=NC)NC=O,-46.548
CC(=O)N1CCN=C1N,-40.1821
CC[C@H]1C[C@H]1C[C@@H](C)O,-53.4083
O=C(C#N)n1cccn1,45.3709
CC(=O)C[C@H]1O[C@H]1C#N,-23.3167
CO[C@@H](CO[CH][NH])C=O,-91.7338
C[C@H]1N[C@@H]2C[C@H]1O[C]2[NH],-12.9617
CN=COC(=O)[C@H]1CO1,-77.9613
C[C@@]1(O)[C@H]2[C@@H]3[C@H]2[C@H]2[C@@H]3[C@@H]12,43.2874
[NH][CH]O[C@@H](CC#C)C#C,93.3296
C[C@H]1COc2c1nc[nH]2,4.8657
O[C@H]1C[C@]2(CO2)C1,-37.51
C[C@H]1[C@@H]2[C@H]3[C@@H](N2C)[C@@]13C,73.5439
C[C@]12CO[C@H]1[C@H]1CN1C2,18.3864
C[C@]1(O[C@H]2[C@@H](O)[C@@H]12)C#N,6.7743
C1CC=CC=CCC=C1,49.0523
Cc1cc(C)c(CO)[nH]1,-33.5569
C1CC1[C@H]1C[C@H]2O[C@H]2C1,0.7543
C[C@H]1C[C@@H](OCO1)C#C,-27.412
O[C@@]12[C@H]3C[C@]41CC[C@@H]2N34,74.3351
O[C@@H](CC#C)C1CCC1,21.048
C1C[C@H]2N=CO[C@H]3[C@@H]1[C@@H]23,10.87
NC(=N)c1cnc(N)o1,-3.2755
C[C@]1(CN1)c1conn1,52.1859
C1O[C@@H]2C[C@H]3CC[C@@]12C3,-4.7056
O=C1NCC2=C1CCC2,-23.8055
NCCOc1[nH]cnn1,3.0367
CCC(O)(CO)CO,-144.638
CCC1(CC1)C#CC#C,111.517
O=C[C@H]1CC[C@H]1CC#C,38.0797
C[C@H]1C[C@H]2O[C@]1(C)C2=O,-48.7442
ON=C1C=CCC21CC2,38.8023
CO[C@H]1C[C@H]2OC[C@@H]12,-33.8503
C[C@H]1NC(=O)N[C@H]2C[C@@H]12,-30.5527
O=C1C[C@@]23CC[C@@H]2O[C@@H]13,3.5278
CCC[C@]1(CO1)C(=O)N,-81.5656
OC[C@H]1[C@@H](O)C21CCC2,-45.626
C[C@H]1CC=C[C@@H](CO)O1,-75.8657
CC#C[C@H]1C[C@@H]2C[C@H]1C2,68.4292
O=C(C#N)[C@H]1C[C@H]2O[C@@H]12,23.9892
C1C[C@]23C[C@@H]4C[C@H]2N4[C@H]13,112.4544
CC#CC#CC#CC#N,176.6117
CC(CN)(C#N)C#N,55.4137
C[C@@H](O)[C@@H](C)C1(O)CC1,-86.4742
CCCN(C=O)C=O,-89.5439
CC[C@@]1(C)C[C@H]1OC=O,-78.2421
C1C[C@@]23CCO[C@@H]2CN13,16.6351
CN(C=O)C1(CC1)C#C,36.222
CC[C@@](C)(O)C#CC#N,23.1384
CC#CC1COC1,29.1477
C[C@H]1C[C@@]2(C)[C@@H](C#N)[C@@H]12,54.9921
C1CN2[C@H]3C=C[C@@H]2[C@H]3O1,54.2742
CC(C)O[C@H]1[C@H]2CO[C@@H]12,-33.6293
NC(=O)C1=NCC(=O)O1,-104.2117
O=CN1[C@@H](C#C)[C@H]1C#C,121.1696
O=C1CO[C@@H]2CC[C@H]1O2,-99.9408
Cc1c(CO)onn1,-23.3126
O=Cc1ccncc1,1.7194
C1O[C@H]2[C@@H]3C[C@@H](C3)[C@@H]12,14.845
Nc1ncncc1CO,-10.9535
CO[C@@]12C[C@@H](C1)N1C[C@@H]21,37.5725
CC[C@@]12N[C@H]3C[C@@H]1O[C@@H]23,26.9061
C1C[C@@]2(O1)C=C[C@H]1O[C@@H]21,1.6145
C[C@@]12C[C@@H](C[C@H]3C[C@@H]13)O2,-0.9174
C#C[C@H]1N[C@]21[C@H]1C[C@@H]2O1,135.9275
CC[C@]1(CN1)[C@@H](C)C#N,37.5735
C[C@@]1(O)C=C[C@H]2C[C@@]12O,-41.4212
CC#C[C@H]1C[C@@H](O)C1=O,-6.4339
CN1N=C(O[C@@H]1[NH])C#N,41.1941
[NH][C@H]1Nc2c(N1)cco2,34.502
OC[C@@]12[C@H]3C[C@@H]([C@H]1O)N23,-1.6135
C1CC1O[C@H]1C[C@H]2C[C@@H]12,26.6529
C[C@H]1C[C@H]1c1ncn[nH]1,48.2458
CC[C@H]1[C@H]2CNC(=O)N12,-18.0577
C[C@]12C[C@@H](O)[C@H]1CC2=O,-42.7509
CC[C@H]1C[C@H]2C[C@H]2C=C1,22.2289
C1CC2(C1)COC2,-3.6107
OC[C@]12C[C@H]1CC(=O)C2,-56.9596
C#CC1(CC1)NCC#N,116.4619
C[C@H]1[C@H]2[C@H]3[C@@H](O)[C@H]3CN12,31.1864
C[C@@H](O)c1ncco1,-59.8352
C[C@H]1CN[C](NC=O)[N]1,-34.6763
O=CN1[C@H]2C[C@@]1(C2)C#N,70.8871
C[C@H]1C[C@H]2COC[CH][C]12,-4.705
C[C@@]12OC[C@H]3C[C@]1(O)[C@@H]23,-29.0329
NC1=NC[C@H]2O[C@H]2C1=O,-24.4157
CC(C)[C@@H](C)[C@@H](O)CO,-117.7203
CCO[C@H]1[C@@H](C)O[C]1[NH],-64.6969
CN1C[C@H]2C[C@H]2OC1=O,-60.0403
C#CCO[C@@]12C[C@@H](C1)C2,75.5659
CC(C)(O)[C@@H](N)C(=O)O,-153.0896
[NH][C]1OC[C@H]2CC[C@H]2O1,-47.5886
CCO[C@]1(C[C@H]1N)C#N,9.2992
O[C@@]1(CC=O)[C@H]2C[C@@H]1O2,-37.1114
O[C@]12C[C@H]1C[C@H]2C1CC1,20.7794
[NH][C]1O[C@]23C[C@@H]4[C@H]2C[C@]134,134.749
O=CCCc1conc1,-19.4299
C[C@@]12[C@@H]3[C@H]4N3[C@@H]1C[C@@]24O,71.2866
CCCOC=NCCO,-86.8774
O[C@@H](C#N)C1(O)CCC1,-40.2612
CCCOC[C@@H](O)C#N,-65.0232
O=C[C@]12OC[C@H]1CC2=O,-45.7298
C[C@H]1O[C@H]2C[C@H]2C1=O,-47.1542
OC[C@H]1COC(=O)CO1,-157.0729
OCCc1c[nH]c(=O)o1,-112.2466
OCC[C@@H](C=O)[C@H]1CN1,-43.6289
CC#C[C@]12C[C@H]1O[C]2[NH],75.3917
CC(C)[C@H]1[C@H]2[C@@H]3C[C@H]2N13,88.2063
CC(=O)C1=CCOC1,-55.4813
CC1=CCO[C@@H]2C[C@H]1C2,-2.3456
C[C@H]1OC(=O)C(=C1)C=O,-98.8917
C[C@H]1C[C@H]2[C@@H](O)[C@H]2CO1,-66.1813
C[C@H]1[C@@H](C#C)N1CC#N,117.2513
CN(C)c1conc1N,14.3535
Nc1c(cc[nH]1)C#N,52.8709
CCC1=CC[C@H]2CC[C@@H]12,18.0905
OC[C@H]1[C@H]2CN2[C@H]1C#N,49.9178
C[C@H]1O[C@H]2C=C[C@@H](C)[C@@H]12,-6.9697
C[C@@]12NC[C]1[CH]NC2=O,26.7608
C[C@H]1CC(=O)[C]([NH])N1C,-29.8618
CN1C[C@@]23C[C@@H]([C@H]2O)[C@@H]13,84.3703
C[C@]12C[C@@H]3[C@H]1N3C2=O,43.8606
ON=C1C[C@@H](O)[C@H]1C=O,-43.063
C[C@@H](O)C1(CC1)N1CC1,3.0603
CCCc1nonc1N,16.6402
Nc1cc(N)co1,-6.2331
O[C@@]12CN3C[C@@H]1C[C@@H]23,37.201
O[C@@]12[C@H]3C[C@H]4[C@@H]1CN4[C@@H]23,46.5151
C[C@H]1[C@@H]2O[C@]2(C)[C@H]2CN12,12.4521
O[C@@]12[C@H]3C[C@@H]1C[C@@H]2C3,20.2265
C[C@H]1O[C@H]2C(C)(C)[C@@]12O,-43.7171
OC[C@H]1[C@H]2OC[C@@]12C#N,8.114
C[C@@H]([C@@H](O)C#C)[C@H]1CO1,-4.2607
C[C@@]12C[C@H]3[C@@H]1[C@@H](C=O)N23,73.3411
C#C[C@@]12C[C@@H](O1)[C@H]2C#N,126.7764
CC1(C)CC[C@H]1C1CC1,11.4052
O[C@H]1[C@H]2CCC[C@@H]1C2=O,-53.9551
[NH][CH]O[C@H]1[C@H]2C[C@@H]1C2=O,10.3266
COC[C@@H](O)C[C@H]1CO1,-102.5811
OCc1ccc([nH]1)C=O,-46.5615
CC[C@@]1(C)COC(=O)O1,-148.9787
CC(C)[C@@]12C[C@]1(O)CC2,-19.5034
CC[C@@]12[C@H]3[C@@H]1[C@@H]1C[C@H]3[C@H]21,91.2574
O[C@@]1(CC#C)CC=CC1,27.6938
Cc1c(CO)[nH]cc1,-24.2272
CNc1c([nH]cn1)OC,-6.6888
CC#CC(=O)NCC#C,63.1671
C[C]1[C]2NC[C@H]2OC1=O,-20.6209
COCCNC(=O)OC,-145.2866
CC1=CN=CC=N[C]1[NH],76.8463
CC[C@H]1C[C@@H](C#C)[C@H]1O,16.4584
O[C@H]1C[C@]21COC=N2,-32.8793
C[C@H]1C[C@H]2[C@@H](NC=O)[C@@H]12,-2.3666
C[C@@]1(O)[C@H]2[C@H]3C[CH][C]1[C@@H]23,75.2509
O[C@@]12C[C@]1(C#C)[C@H]1N[C@@H]21,106.0662
O=CCN=C1NCCO1,-53.2001
C[C@@]12[C@H]3C=C[C@@H]1C=C[C@@H]23,71.9287
[NH][C]1OC[C@H]1C#CC=O,26.3192
C[C@H]1NC(=O)[C@@]2(O)C[C@@H]12,-64.9405
CC(C)[C@H]1O[C@H]1[C@H]1CO1,-43.7761
O[C@]1(C[C@]21CCN2)C#N,42.5916
CCn1nc(C)c(C)n1,16.9727
C1OCc2c[nH]cc2O1,-36.1135
CCO[C@@]12C[C@@H](C1)C2,1.5532
CC(=O)COC[C@H]1CN1,-50.0709
O=C1CNC(=NC1)C#N,27.0522
Nc1c(N)c(n[nH]1)C#C,100.8495
C[C@H]1CCNCC1=O,-43.0097
Nc1c(CO)cno1,-30.2108
OC[C@@]12C[C@H]3[C@@H]1[C@H]1[C@@H]2N31,78.946
C[C@@H]([C@H]1CN1)C(=O)C#N,28.0484
F[C@@H]1C=C([NH])NN=C1,11.6972
NC(=O)N1CCCCC1,-64.9526
Cn1ccc2c1CCC2,25.1214
C[C@@H](O)[C@H]1OCCC1=O,-120.1923
C([C@H]1CO1)[C@]12C[C@H]1CC2,23.0366
C[C@H]1CC[C@@H](CC#C)C1,32.2547
N=C(NC=O)OCC#N,-29.2987
O[C@H]1C[C@]21[C@H]1C[C@@H]2O1,27.8545
[NH][C]1O[C@@H](C#C)[C@H]1C#C,117.0946
C[C@H]1O[C@H]2[C@H]3C=C[C@@H]1[C@@H]23,16.8316
CCCC1=NCCO1,-45.201
C[C@H]1OCC(C)(C)O1,-102.4871
C[C@@H](CN[C]N)C(=O)O,-74.1569
OCCCC[C@@H](O)C#N,-67.9305
C[C@]1(NCC=C1)C(=O)O,-71.0782
Oc1nc(C=O)ccn1,-41.0304
CCc1c(C)onc1O,-53.3209
CC[C@@]1(C=O)[C@H]2CC[C@@H]12,-1.3779
O[C@H]1C[C@H]2C[C@H]2NC1=O,-64.2296
Nc1cocc1C#N,24.6923
O=CN1[C@H]2C[C@@H]1C2,34.6576
O=CO[C@H]1CO[C@H]1C#N,-53.5168
CN(C=O)C(C#C)C#C,80.7569
CCN=C1CCO1,-21.0244
C[C@H]1O[C@@H](C)[C@]21CO2,-45.1894
OCC(=O)NC1CCC1,-79.3041
OCC[C@H]1[C@H]2O[C@H]2[C@H]1O,-73.0111
CC[C@@](C)(C#N)C(=O)C,-32.8171
C[C@@]1(O)[C@H]2OC(=O)O[C@@H]12,-133.4987
C[C@H]1O[C@H]2[C@@H](N[C@@H]12)C#N,42.5583
O[C@@]1(C#N)[C@H]2CCC[C@@H]12,9.8503
O[C@H]1C[C@]21N=COC2=O,-74.743
C[C@@H](CCO)C#C,-1.2996
O[C@H]1C[C@H]1[C@H]1[C@H]2CC[C@@H]12,25.6765
O=CO[C@]12CC[C@H]1OC2,-70.2998
CO[C@@H](C)C[C@H]1CCO1,-76.0607
C[C@H]1OC[C@]21[C@H]1CO[C@@H]21,-0.2039
C[C@H]1C[C@H]2O[C@@H](C1)[C@H]2O,-65.0186
FC(F)(F)c1ncc[nH]1,-142.1284
C1O[C]2[N]C[C@H]3O[C@H]3[C@@H]12,-2.9791
CCC[C@H]1CO[C@H]1C#C,23.9941
CN1N=CC(=O)C1=C.N,7.2344
Cc1ccc(N)cc1O,-30.3348
CCCc1n[nH]c(C)n1,5.1009
C[C@H]1[C@H]2[C@H]3C[C@H]([C@@H]23)[C@H]1C,34.771
CCC[C@@](O)(C=O)C#N,-52.3244
CNC(=O)C(=O)N(C)C,-100.7457
OC[C@H]1CCO[C]1[NH],-78.4439
C[C@H]1C(=O)C[C@]1(C)C=O,-61.5573
O[C@]1(C[C@H]1C#C)[C@H]1CN1,68.6329
CCOC=N[C@H]1C[C@H]1O,-51.4364
C1C[C@H]2CC[C@H]3O[C@@H]1[C@@H]23,-22.1573
C[C@H]1OC(=O)C(=O)[C@H]1C,-120.439
C[C@@H](O)[C@H]1C[C@H]2CC[C@@H]12,-16.3496
C[C@H]1C[C@@]2(O)[C@@H](CO)[C@@H]12,-42.1377
O[C@@H](CC=O)C[C@H]1CO1,-94.7719
CC(C)(NC=O)[C@H]1CN1,-25.4917
ON=C1[C@H]2C=C[C@@H]1[C@H]2O,36.527
O=COC[C@H]1O[C@H]2C[C@@H]12,-62.9761
C[C@H]1CC[C@H]2N=CO[C@@H]12,-33.0141
CC1=CO[C@@H]([NH])N1C=O,-43.6276
CC(C)(C)C#CC1CC1,44.2759
CCC[C@@]12C[C@@](C)(C1)C2,20.6264
CCO[C]([NH])CC1CC1,-30.824
C1[C@H]2[C@H]3COC[CH][C]1[C@@H]23,55.4398
ON=C1[C@H]2[C@H]3[C@@H](O)[C@@H]1N23,55.2472
C[C@H]1[C@H]2C[C@]1(O)CO2,-49.7457
Cn1cc(O)nc1N,-20.4596
COCC[C@H]1C[C@H]1C,-39.7224
O=CN[C@H]1COC1=O,-102.5711
O=C[C@H]1C[C]2[CH]CC[C@@H]12,19.56
CC(C)CCC1COC1,-48.9348
C[C@@]1(C#C)[C@H]2C[C@@H]1O2,87.9572
C1[C@H]2[C@H]3O[C@@H]1CC=C[C@@H]23,9.4433
N#CC1(CCC1)C#N,78.0431
CN1[C@H]2C=C[C@@H]1[C@H]1O[C@@H]21,51.3845
C[C@@]1(C[C@H]2CO2)C[C@H]1O,-43.1022
N[C]1[N][C@@H](C[C@H]1O)C#N,4.4249
CO[C@H]1[C@@H](C)COC1=O,-128.7302
C[C@H]1C[C@H]2NC(=O)[C@@]12O,-48.0329
C[C@H]1O[C]([NH])C21CCC2,-5.4075
C[C@@]1(O)CN[C@H]1C#N,7.4216
CC#CC[C@H]1C[C@]1(C)O,14.1328
O[C@H]1C[C@]21OCC12CC1,-6.0692
C[C@]12CN[C@H]1C(=O)OC2,-54.8834
O=C1CNC[C@H]1CC#N,2.3161
OCC(=O)[C@H]1C[C@@H](O)C1,-107.2562
C1[C@H]2[C@H]3OCCN1[C@@H]23,34.6501
C[C@]1(NCC1=NO)C#C,87.168
CC1=C[C@@H](O)[C@H]2[C@@H](O)[C@@H]12,-40.9524
O=C1NC[C@]2(CN2)CO1,-50.4227
CN1[C]([NH])NC=CC1=O,-20.8185
O=C1NC[C@]21CCC=C2,-4.7286
CC[C@H]1[C@@H](O)[C@H]1C#C,24.7496
CCn1ncnc1N,22.6607
CC(C)[C@@H](CC#C)C=O,3.7752
CC#CC1CC1,60.3906
O=CNc1coc(=O)[nH]1,-100.6851
CC[C@]12[C@@H]3[C@H]1[C@H]1[C@@H]3O[C@@H]21,64.2186
C[C@]12C[C]([NH])OC[C@H]1N2,-3.1355
CCC[C@H]1[C@@H](O)[C@H]1C=O,-66.2742
CN(C)c1n[nH]c(C)c1,24.8191
O[C@H]1C[C@H]2[C@H]3[C@@H]1C[C@@]23O,-30.5339
N[C@]1(C[C@]1(O)C#N)C#C,79.8461
C[C@H]1C[C@@]2(C1)OC[C@H]2O,-52.8311
C1O[C@H]1[C@@]12C[C@H]3[C@@H](C1)[C@@H]23,62.3179
C[C@@]1(CO)[C@H]2C[C@@H]1OC2,-48.7046
CN1[C@H]2[C@]1(C)C[C@]2(C)O,-2.9563
C[C@H]1[C@@H](CO)CO[C]1[NH],-77.8313
[NH][C]1N[C@H]2CC(=O)O[C@@H]12,-37.4981
C1[C@H]2C[C@]3(CN4C[C@@H]34)[C@@H]12,104.9995
C[C@@]12[C@H]3[C@@H]1[C]1[CH]CN2[C@@H]31,167.8734
O[C@H]1CN2C[C@@H](C#N)[C@@H]12,49.6517
O=CC1=CC(=O)C(=O)N1,-70.225
O=CC1=CC(=O)CC1=O,-68.7193
C1CC21COCC12CC1,7.6914
O[C@H]1CN2CC[N][C]12,15.219
CC[C@H]1OC[C@@H](O)CO1,-136.2558
O=C1NC[C@H]1C[C@H]1CO1,-40.098
CC(=O)[C@@]1(C)CCOC1,-86.5509
C[C@]1(CN1)C#CC1CC1,96.1335
O=C1OCCC[C@H]2C[C@@H]12,-62.4183
C[C@@]1(CO)N[C@H]1CC#C,35.2821
C[C@H]1C[C@]21NC(=O)[C@H]2C,-14.8182
O=CNC1=C[C@H]2C[C@H]2C1,-0.0505
O[C@H]1C[C@]21[C@H]1[C@H]3[C@@H]2CN13,80.4847
CCc1cc(=O)onc1,-28.744
CO[C@@]12C[C@@](C)(C1)OC2,-54.4795
OC1(CC1)C(C#C)C#C,98.0846
CNc1ncnc(F)c1,-30.6571
C[C@@]12C[C@H]3[C@H]4C[C@@H]1[C@H]4[C@@H]23,86.3615
Oc1c2CCCn2cc1,-9.4011
O[C@@]12[C@H]3O[C@@H]1[C@]1(CO1)[C@@H]23,13.6389
Nc1ccnc(=O)nc1,23.6611
CC1=C[C@]2(CO2)[C@H]2C[C@@H]12,25.234
C[C@@H](O)[C@@]1(C)CCC1=O,-78.6066
C[C@@H](O)C1(CC#C)CC1,20.9394
OC[C@H]1CN2CC(=O)[C@@H]12,-16.092
C[C@]12N[C@H]1[C@@]1(CO)C[C@@H]21,48.1988
O=C1CO[C@]21CCOC2,-81.0547
CN1C[C@@]23CC[C@@]12CO3,55.4064
C[C@@H](O)[C@@]1(O)C[C@H]1C#C,-13.1619
O=C1CC=CCCN1,-30.3291
O=C1OCO[C@H]1CC#N,-85.639
[NH]C1=C[CH]N=C[C](N1)[NH],76.9715
CC#C[C@@]12C[C@@](C)(C1)C2,87.6272
N#C[C@H]1[C@H]2CC[C@@H]1C=C2,59.6876
C[C@H]1[C@H]2C(=O)NC[C@@]12C,-33.9987
C[C@@]12C[C@@H]3[C@@H](CN13)C=C2,80.5775
C[C@@H]1C=C(F)N=C([NH])N1,-26.8312
CO[C@@]12CN3[C@@H]1C(=O)[C@@H]23,42.8705
C[C@H]1CNC=C1C(=O)N,-33.2836
C[C@@H](NC1COC1)C#N,13.8976
C[C@H]1C[C@@](C)(C=C1)C#C,60.2703
C[C@@]1(N)[C@H]2C[C@@]1(N2)C#N,100.4313
C#C[C@@]12C[C@@H](CO1)C=C2,63.7774
C[C@@]12CC[C@]1(C)CC2,12.741
Oc1c[nH]nc1CC=O,-34.7464
C[C@H]1[C@H]2CN(C)C(=O)[C@@H]12,-30.558
O[C@@]12[C@H]3C[C@@]1(O[C@@H]23)C#C,73.2697
O=C1N[C@@H](C#C)[C@H]2O[C@@H]12,21.1887
CC[C@@H](NC(=O)N)C#C,-8.3916
OCC(=O)C[C@H]1CO1,-93.7504
O=CC1(C=O)[C@H]2CO[C@@H]12,-36.6736
OC[C@H]1C=CC[C@H]1O,-65.4535
N=CNC(=N)C=O,-1.3828
CCO[C@H]1CC[C@@H](C)C1,-69.448
o1nncc2cncc12,100.6338
C[C@@]1(C#C)[C@H]2CC=C[C@@H]12,95.3624
O[C@]12C[C@H]1N1N=C[N][C]21,84.33
C(N1CC1)c1n[nH]cc1,70.86
COCc1cccn1C,-16.9687
O[C@H]1C=CC(=O)[C@H]1C#C,12.646
C#C[C@H]1C[C@]21C[C@H]1O[C@@H]21,97.7896
C[C@@]12C[C@@H]([C@H]3N[C@@H]13)[C@H]2O,26.5874
OC[C@@H](O[CH][NH])C#N,-31.0422
C[C@@](N)(CO)C(=O)O,-143.8415
CCN(CC(C)C)C=O,-76.9797
CO[C@@]12C[C@]1(C)N(C)C2,8.743
C[C@@]12C[C@@]3(C)C[C@@H]1N23,58.0261
C[C@@H](N=CNC=O)C#N,-3.2163
O=C1OCCC2(CC2)O1,-103.7015
CCC[C@@H](C)CCC=O,-71.0231
ON=C1CNC=CC1=O,-4.631
C[C@H]1[C@H]2O[C]([NH])[C@@]12C=O,-8.8796
CN=CNC(=O)[C@H]1CO1,-45.9248
COc1nonc1CN,-1.0914
C1Cc2c(C1)cno2,18.7169
C[C@@]12[C@@H]3C[C@H]4[C@@H](O[C@H]13)[C@@H]24,17.7227
O=C[C@H]1C[C@]21[C@H]1C[C@@H]2C1,51.4965
CC[C@@H](COC)C=O,-89.7537
CCCC(C)(C)C(=O)C,-77.3057
O[C@H]1CCC=C[C@@H](O)C1,-71.726
OC[C@]12CO[C@H]1CCC2,-66.0646
O[C@H]1[C@@]23CCO[C@@]12CO3,-34.5964
OC(=O)C[C@H]1C[C](N)[N]1,-63.0407
O=C1CN[C@@H](CN1)C#C,25.384
C[C@@](O)(C#N)C(=O)CO,-88.73
[O]C(=O)[C@]12CN1[CH]NC2,4.0136
CN(C=O)C=NCCO,-78.1573
CCc1c(CO)[nH]nn1,-1.092
O=C1[C@H]2C[C@H]2OC21CC2,-17.5791
O=C1C[C]2[CH]C[C@@H]3[C@H]2N13,61.535
C[C@]1(CCO1)[C@@H](O)C#N,-36.8319
C1[C@H]2[C@H]3[C@@H]4[C@H]3[C@H]2[C@H]2[C@@H]4N12,103.0033
Nc1noc(CCO)n1,-40.5454
CCN1CC21CC(=O)C2,7.5751
CC[C@@H](C)[C@H]1C[C@H]1CC,-21.6067
O[C@H]1COC[C]([NH])OC1,-98.925
CNc1coc(NC)n1,-15.3126
C1CC1N1CC1,52.1287
O[C@H]1CO[C@]21CCOC2,-92.4238
CO[C@H]1[C@H]2C[C@@H](OC)[C@@H]12,-34.3001
CC[C@H]1[C@H]2[C@H]3C[C@@H]1N23,68.557
N[C@@H]1C=C([NH])C(=NN1)F,9.8904
C1C[C@H]2CCC[C@@H]1O2,-50.0024
OCCc1conc1O,-73.715
OC[C@H]1C[C@H]1CN1CC1,7.284
CC(C)(O)[C@@H](O)C1CC1,-88.4139
C[C@H]1O[C@H]1CCC1CC1,-15.8388
C[C@H]1C[C@@H](C)C(=O)C1=O,-77.2106
C[C@H]1C[C@@H](OC1=O)C#C,-32.2132
CO[C@@H](C#N)C(=O)C,-44.2341
CNC(=O)CN1CC1,-22.2915
O[C@H]1C[C@]2(CCO2)C=C1,-39.3924
CCOC=N[C@H]1C[C@H]1C,-22.49
O1[C@H]2[C@@H]1[C@@H]1[C@H]3[C@@H]4[C@H]([C@@H]23)N14,100.728
OCCN=COC=O,-106.6278
O=C1CCC21CC2,-1.0468
CC[C@H]1C[CH][C]2CO[C@@H]12,9.8162
O[C@@H](CCO[CH][NH])C#N,-37.3975
CC(C)(C)C(C)(C)C,-49.8064
CC[C@H]1CCC(=O)NC1,-67.6613
Nc1cc(O)nnc1,5.848
C[C@@]12[C@H]3N[C@H]3[C@H]3[C@@H]1CN23,120.1869
CN=CNC1=NCCO1,-16.3932
C[C@@H](C[C@@]1(C)CO1)C#N,-8.6925
CC1(C)[C@H]2O[C@@H]1[C@]12CN1,60.8826
O=CC(=O)[C@H]1C[C@H]2O[C@@H]12,-38.1551
C[C@H]1[C@@H](CC=O)N1C,-9.2208
Cn1cc(C)c(O)c1N,-20.1423
O=C1C[C@H]2CO[C@H]2CN1,-58.6592
C#C[C@]1(CCO1)C#N,80.5616
O=C[C@H]1N2CC[C@@]12C#N,65.4146
Cc1cc(O)nc(C)c1,-39.9162
CCC[C@@]1(C)C[C@H]1CC,-23.7007
CN1CC(C)(C)[C@H]1C=O,-24.0055
C[C@H]1[C@H]2[C@@H]3C[C@H]2[C@H]2[C@@H]3N12,67.1701
C[C@@]12O[C@H]3[C@@H]1O[C@@]23C=O,9.4158
C[C@@]12[C@H]3C[C@]1(O)[C]([NH])N23,53.8748
O=C[C@H]1[C@H]2[C@H]3[C@@H]1C(=O)N23,31.7904
Nc1c(C=O)cc(O)[nH]1,-44.6429
Nc1ccn[nH]c1=O,-5.417
CO[C@H]1CN(C=O)C1=O,-92.6363
C[C@H]1Cn2cccc2C1,19.0941
CC#CC#CC1(C)CC1,103.9988
N#C[C@H]1CN2CCC[C@@H]12,54.102
CNC(=O)n1cncn1,-13.7399
COCc1c(C)[nH]cc1,-24.2215
CN1[C@H]2[C@H]3N[C@H]3[C@@H]1C2=O,65.458
OCCCO[C]([NH])C#N,-40.6248
O=C1[C@H]2[C@H]3C[C@@H]1N23,53.8806
OC[C@@H](O)[C@H]1CC=CC1,-72.5022
CCCCC#CCC#C,86.1306
CC#CCOC(=O)C#N,4.4837
O=C1OCCC=CCO1,-95.7585
[nH]1cnc2nccc2n1,91.2428
O[C@H]1CCCCCOC1,-88.9102
CC(=O)COC1COC1,-91.1556
O[C@@]12C[C@]1(CC#C)OC2,33.3326
FC1=NOC(=O)[C]([NH])O1,-88.3412
CCO[C@H]1CO[C]1[NH],-54.3701
O=C1CNCCO1,-75.2989
C[C@H]1CCNC(=N1)C=O,-26.9407
C#C[C@@]12CO[C@H]3CN1[C@@H]23,97.5747
CC[C@H]1CO[C@H]1C,-42.8839
CN1C[C@H]1[C@]1(CO1)C#N,54.3963
N#C[C@H]1C=C[C@@H]2C[C@H]1N2,89.6603
Cc1nc(=O)ccnc1,24.7564
Cc1nonc1CCO,-19.1784
C[C@H]1CC1(C#C)C#C,128.8236
OC[C@H]1[C@H]2COC(=O)N12,-83.9779
COCC(C)(C)CC#N,-38.2142
N#C[C@H]1CCCC=CC1,33.9272
CCCc1c(O)cc[nH]1,-30.5744
O=C[C@H]1[C@H]2O[C@@H]1[C@H]1O[C@@H]21,-16.9453
CO[C@@H](CO)CC#C,-32.9893
CCC1(CC=O)CC1,-30.2885
NC(=O)C(=O)NCC#C,-35.8352
O=C1[C@H]2[C@H]3CN1[C@@]23C#N,95.4232
CC1=C[C@H]2O[C@@H]3[C@H]2O[C@H]13,7.2659
C[C@@H](O)[C@@H](O)[C@@H](O)C#N,-105.3947
COCc1ccncc1,-11.16
O=CNC=NCCC#N,-4.1293
C[C@H]1C[C@@H](O)CC(=O)C1,-96.5045
C[C@H]1N=C(N)N(C)C1=O,-42.3683
O=C1O[C@H]2[C@H]3C=CN1[C@@H]23,2.4864
CC(=O)O[C@H]1CC=CC1,-79.9559
O=CC[C@@]1(CC#C)CN1,53.2325
C[C@H]1CCC=C1[C@H]1CN1,36.3263
CO[C@H]1OC(=O)[C@H]2O[C@@H]12,-121.3872
C[C@H]1C[C@H]1OC1CC1,-3.7311
O=C(C#C)C(C#C)C#C,155.3489
COCCC[C@@H](O)C#N,-63.2022
O[C@H]1C[C@@H]2[C@H]3C[C@@H]2[C@@H]13,18.4506
C[C@]12N[C@H]1CC[C@H]1N[C@@H]21,54.8959
C[C@@]1(O)C[C@H]2N[C@@]12C#N,38.642
Oc1coc(=O)cc1,-87.0363
C[C@H]1COC(=O)[C@@H](C)C1,-105.5814
CN1C[C@H]2OC[C@@H]12,14.7217
O[C@@]1(C=O)[C@H]2OC=N[C@@H]12,-51.3218
Oc1cn(CC#C)cn1,48.1223
CCC#Cc1ccno1,55.7826
O[C@H]1C[C@]21OC[C@]12CO1,-34.9126
CC1(C)OC[C@@H](CO)O1,-137.2102
Cc1c(F)c(=O)nco1,-95.7706
CN[C@]1(CC[C@H]1N)C#N,47.9183
O[C@H]1[C@@H](O)[C@]21[C@H]1C[C@@H]2O1,-7.3775
CNC(=O)[C@@]1(CO)CO1,-104.8682
CC[C@@]12[C@H]3C[C@]1(O)CN23,32.2933
C[C@@]12[C@H]3N1[C@H]1[C@@H]2C[C@@]31C,96.9574
C1CC1[C@H]1OC[C@]21CN2,35.9178
C[C@]12C[C@H]1[C]([NH])OCC2,-14.4304
C[C@]12C[C@H]1O[C@H]1C[C@@]21O,-21.0817
CNc1coc(O)n1,-52.6988
C[C@H]1O[C@H]2[C@@H](O)[C@@]12C#C,28.0233
C[C@H]1CC2(CC2)O1,-8.4896
C[C@@H](O)[C@H]1[C@@H](C#C)N1C,39.0811
CCN1[C@H]2C[C@@H](O)[C@@H]12,7.5017
CC[C@]12CO[C@H]1[C@H]2OC,-33.1637
CNC(=NCC#N)OC,-0.9985
C[C@H]1COCC[C@]21CO2,-64.8567
CC#CC(C#C)C#CC,159.3049
C[C@H]1[C@H]2C[C@@H](O)C[C@@H]1O2,-64.007
CC#C[C@H]1[C@H]2C[C@@H]1O2,79.7977
O=CC[C@@]12N[C@H]3[C@@H]1N[C@@H]23,91.9979
COCC[C@@H](C)C(=O)N,-106.6634
O=C(CCC#C)N1CC1,39.7166
NC[C@]1(OC[C@H]1N)C#N,18.6927
Cn1ccc(=O)c(N)c1,-16.7783
C1C[C@@H](O1)c1nonc1,23.6233
CC1(C)C[C@]2(C[C@@H]12)C#C,82.1271
COc1ccc[nH]1,-9.2995
Nc1c(F)oc(=O)cn1,-87.6986
C1CC1c1c[nH]cn1,45.2471
C[C@H]1[C@H]2C(=O)N(C)[C@@]12C,-8.8788
CCC[C@H]1[C@H]2[C@@H]3O[C@H]2[C@H]13,48.9803
CC1=CC(=O)C2(CC2)C1,-11.4258
C[C@@H](N)CC(=O)O,-110.3615
O=C1COC=N[C@H]2C[C@@H]12,-18.648
C1[C@H]2N1Cc1cocc21,44.2659
C[C@H]1C[C@]21[C@H]1O[C@@H]2C1=O,29.8217
CC(=O)OC(CO)CO,-185.1902
Cc1ncc(F)nc1C,-33.411
C[C@@]12CC[C@@H](OC1)C2=O,-62.2169
CCc1ncnc(F)c1,-35.0632
O=C[C@H]1C[C@H]1C#CC#C,98.717
C[C@@]1(O)[C@H]2[C@H]3C[C@@H]1N23,37.5542
C[C@]12N=CO[C@H]1CC2=O,-34.5962
O[C@H]1C[C@@H](C#N)[C@H]2O[C@@H]12,-17.7996
CO[C@H]1[C@H]2O[C]([NH])[C@@]12N,-4.4382
C1O[C@@]23CO[C@@H](OC2)[C@H]13,-39.8267
C[C@]12C[C@H]1CNCC2=O,-13.1666
C#C[C@]12C[C@H]1C1(CC1)O2,99.0629
C[C@H]1N[C@H]1[C@H]1O[C@H]1C#C,72.2649
C[C@H]1Cc2c[nH]nc2O1,6.4332
CN1CC(C1)(C=O)C#N,27.8294
CC(C)(CO)O[CH][NH],-83.9539
CNC(=O)[C@H]1N[C@H]1C,-26.4996
C1CN1[C@H]1CCOC1,-6.2288
C[C@H]1OCCC=CCO1,-67.4947
COc1c(C)cco1,-55.5114
[NH][C]1N=CC=NC=N1,93.7635
NC1=CNC(=O)[C]([NH])N1,-8.3853
COC[C@H]1[C@H]2OC=N[C@@H]12,-26.5338
OCC1=CCO[C]([NH])C1,-49.33
CC1(C)[C@H]2CC3(CC3)[C@@H]12,50.3715
C[C@@]12C[C@@H](C1)C(=NO)C2,18.8772
C[C@]1(CN1)[C@@H](N)C#N,53.6386
CC[C@]12O[C@H]1CO[C]2[NH],-46.1316
OC[C@H]1NC1(C#C)C#C,111.2814
Nc1nc(=O)nccn1,26.9565
Nc1c([nH]cc1)OC=O,-42.4673
OC1(CCC1)[C@H]1CN1,-0.7268
C[C@]12CCN3C[C@H]3[C@H]1N2,60.1707
O=COCC(=O)C#N,-67.8536
[NH][CH]O[C@H]1[C@H]2CC(=O)[C@@H]12,-5.5914
C[C@@H](O)C[C@@H](C#C)C#N,32.8573
O[C@H]1C[C@]1(O)CNC=O,-103.0779
O[C@H]1C[C@H]2COCO[C@@H]12,-98.3292
C#CC1=NCCCCO1,34.6551
Nc1nn(C=O)c(N)n1,-1.1285
COCCO[C@H]1C[C@H]1C,-69.8691
C[C@@H](C=O)[C@H]1C[C@H]1C#N,8.7886
OC[C@H]1[C@H]2C[C@H]3C[C@@H]1[C@@H]23,21.3115
C1O[C@H]1[C@]12C[C@H]1[C@H]1O[C@@H]21,47.5068
Cc1nc(=O)nc(N)o1,-62.2348
C[C@@]1(CC=O)C[C]([NH])O1,-53.1904
C[C@H]1[C@H]2[C@@H]3C[C@]3(C)[C@@]12C,45.6758
ON=C1[C@H]2O[C@H]2[C@H]1C#C,89.0607
Cc1ncc(CO)[nH]1,-26.4545
CNC(=N)C(=O)CO,-68.9581
O=C[C@]12C[C@H]1C=CC2=O,-17.123
Nc1cc(O)nc(F)n1,-82.1662
C[C@H]1[C@H]2OC=N[C@@H]12,4.6024
CC[C@H]1C(=O)[C@H]2C[C@@]12C,-11.8831
CO[C@@]1(C)CNC(=O)C1,-91.8932
CC[C@]1(CCO1)C=O,-62.0487
[NH][C]1NCC=CN1C=O,-5.3542
C1O[C@@H]2[C@H]3OCO[C@@H]2[C@@H]13,-59.1765
C1OCc2c([nH]cn2)O1,-34.4603
OC[C@@H](C#N)[C@H]1CN1,16.0906
C[C@]1(CO1)c1conc1,-2.5882
CC[C@@]1(C)OCO[C@H]1C,-102.2009
C[C@]12CO[C@H]1C[C@H]2C=O,-30.6826
C[C@]1(CN1)C(=O)[C@H]1CN1,17.9093
Cn1nnc(N)c1C#N,79.3156
CNC1(COC1)C#C,47.1677
CO[C@H]1CC=C(C)CO1,-75.1585
C1[C@H]2N1C[C@]12CN=CO1,44.0581
C[C@H]1[CH][C]2C[C@H]3C[C@@H]1[C@@H]23,78.8603
CN1C[C@@H](O)C(=NO)C1,-29.7161
C[C@H]1[C@H]2[C@H]3O[C@H]([C@@H]23)C1=O,-9.4039
C[C@@H](C=O)[C@@H](C)C(=O)C,-94.2756
C1[C@H]2C[C@@H]1[C@H]1O[C@H]1CC2,2.3946
[NH][C]1NC(=O)OC21CC2,-50.0288
COC1=C(N)O[C@H]([NH])O1,-76.4374
O[C@]1(C[C@@H](C1)C#C)C#N,64.8018
CC[C@@H](O)[C@@H](O)[C@H]1CO1,-113.8449
OC[C@H]1CCC[C@H]2CN12,-16.348
C[C@H]1[C@H]2C[C@@]1(OC2)C#N,23.0079
O[C@]12C[C@H]1N1C=C[N][C]21,69.6729
CN1C=CC(=NO)[C]1[NH],34.8133
C#CC[C@]1(CN1)C#N,120.2331
OC[C@@]12C[C@@H](O1)[C@H]1C[C@@H]21,-15.5578
N#C[C@H]1[C@@H](C#N)[C@H]1C#N,124.8147
C[C@@]12CC[C@@H](O1)C2(C)C,-32.7552
O[C@H]1C[C@@H](O)[C@@H](C1)C=O,-114.6081
C[C@H]1[C@@H](C)[C@@]2(O)C[C@@]12C,-21.2385
CN=CNC(=O)N(C)C,-47.6587
CC(=O)[C@H]1CC[C@]21CO2,-38.9865
Cn1ccc(C)c1C#C,68.5047
O[C@H]1C[C@H]2O[C@@H](C=O)[C@@H]12,-58.7116
O[C@H]1[C@@H](O)[C@]21COC=N2,-66.8607
CCOc1n[nH]c(C)c1,-21.3377
Cc1c[nH]c(C)c1O,-28.7333
N#C[C@H]1C[C@@H]2C[C@H]1C=C2,59.8765
O[C@H]1CCC[C@H]1CC#C,2.6676
C[C@H]1C=C[C@H]2O[C@@]12C#C,66.866
OC[C@H]1[C@H]2[C@@H]3C[C@]3(O)[C@@H]12,-8.0515
[NH][C]1N=NOC=NC1=O,73.7706
O=CNC[C@]12C[C@H]1CC2,-4.8904
CC[C@H]1CO[C@@H](O1)C#C,-23.6683
N[C@H]1[C@@H](N)[C@]1(C#C)C#N,118.3761
C[C@@]12C[C@H]3C[C@@H](O1)[C@H]3C2,-20.1593
CC1=CCCC[C@]21CO2,-14.7928
C[C@@]1(C#C)[C@H]2C[C@@H]1C2=O,83.702
CNC(=O)C(=NO)C,-58.9393
C[C@H]1O[C@H]2[C@@H]1[C@H]2N1CC1,46.2385
N#CCN1CCC21CC2,78.2987
C[C@@]12CO[C@@H](C1)CC=C2,-26.0585
C[C@@]12C[C@@](C)(CC1)[C@H]2O,-38.3795
C#CC1(CCC1)N1CC1,104.6563
O[C@H]1C[C@]21CC(=O)CO2,-80.7735
COC[C@@H](O)CO[CH][NH],-112.0148
Oc1nc(O)c[nH]1,-58.8102
O=C[C@H]1OCC[C@H]2O[C@@H]12,-74.799
[NH][C@H]1OC=C(O1)[C@H]1CN1,-8.7456
C[C@]12O[C@]3(C)[C@H]1[C@H]2C3=O,-0.8321
C[C@H]1CC(=O)N1C=O,-69.0728
Cc1ncc(F)oc1=O,-100.3835
Nc1cocc1CC#C,50.7945
Cn1cnc(CCO)n1,-15.4513
CC(C)[C@@H](C)[C@@H](C)C#N,-12.4945
C[C@H]1C[C@H]2OCCC[C@@H]12,-35.1623
C[C@H]1N[C@]1(C=O)C#C,54.5057
CC[C@H]1[C@H]2CN1CCO2,-6.6034
CNc1cc(O)no1,-32.7283
NC(C#N)C#N,70.603
Cc1c(N)c(=O)occ1,-63.6047
COC[C@H]1OCC1=NO,-48.8215
C[C@@]12C[C@]1(O)C=CCC2,-13.1839
C#CCn1ccnc1,90.1986
C[C@H]1O[C@@H]2C[C@H]1C=C2C,-18.0816
CN=C1NC=N[C@H]1C=O,11.6946
O=C1CN2C[C@]3(CO3)[C@@H]12,19.5265
C[C@H]1C=C[C@@H]2CO[C@H]1O2,-55.7868
Oc1c(CC=O)[nH]cc1,-43.9191
C[C@H]1CC(=O)N2C[C@@]12C,-20.1502
C#C[C@@]12C[C@@H](C1)CCO2,44.784
Cc1c[nH]cc1[C@H]1CO1,7.5298
CC#CC[C@@H](O)C1CC1,16.4703
C1[C@H]2O[C@@H]1[C@]12COCO1,-29.9679
CC[C@H]1[C@@H](O)C[C@H]1C=O,-67.5223
CCn1ccc(C)n1,15.0301
N[C@@H](C#N)c1n[nH]cn1,74.4781
C[C@@H](CC(C)(C)C)C#N,-13.6974
CO[C@]12C[C@H]1N=COC2,-29.7818
C1[C@H]2C[C@H]3COC[C@@H]1N23,23.869
[NH][C]1NC(=O)C[C@H]1C=O,-60.0269
C1[C@H]2C=C[C@@H]3CN2[C@H]13,90.4651
O=C1CCC=C[C@H]2CN12,7.9
COC(=O)N[C@@H](C)C=O,-135.3946
N[C@@H]1NC(=NC(=N1)O)[NH],-21.2822
C[C@H]1[C@H]2N[C@H]2[C@H]2C[C@@H]1O2,15.7202
[NH][C]1NC=CC=NC1=O,23.4038
C[C@H]1CC[C@@H]2O[C@H]1C=C2,-21.4727
C[C@@]12CC=C[C@H]3[C@@H]1C[C@@H]23,70.4824
O=C(OCC1CC1)C#N,-29.3169
O[C@@H](C#C)c1cnc[nH]1,49.9132
O=C1O[C@H]2[C@H]3C[C@@H]1[C@@H]2O3,-70.1142
C[C@H]1Oc2c(O1)nco2,-50.0059
[NH][C]1CNC[C@@H](O1)C#N,18.3607
O1C(=O)[C@H]2[C@H]3CN[C@@H]1N23,-28.6288
C[C@H]1[C@@H](O)[C@H]2OCO[C@@H]12,-96.9462
C[C@H]1[C@@H](C)[C@]1(C)NC=O,-43.1564
C[C@@H](CO)NC(=O)CO,-144.3748
C[C@]1(C[C@]1(O)CO)C#C,-14.6673
CC1=C[C@]2(CN2)CC1,35.7953
O=CN1C[C@H]1C#N,30.813
COc1nonnc1=O,7.5042
C[C@@H]1C(=CN=C([NH])O1)C,-6.2287
C[C@H]1[C@H]2C=CC(=NO)[C@@H]12,41.1611
CC1=C[C@@]2(C)C[C@@]2(O)C1,-14.6309
C[C@H]1[C@H]2N[C@H]2C(=O)N1C,-15.3337
Oc1cc(n[nH]1)N1CC1,33.5834
C[C@H]1CN1c1c[nH]nc1,69.0402
CCc1cc(N)co1,-21.4498
C[C@@]12C[C@H]3O[C@@H]1[C@@]23CO,-1.1137
O=C1NC=N[C@H]1[C@H]1CN1,13.5144
CC1=CN[C]([NH])C1=O,0.527
C[C@]12C[C@H]1CC(=O)O2,-68.0904
CC[C@@](C)(O)CCOC,-114.0155
N#C[C@]12COCC[C@H]1O2,-15.9108
O=C1CCc2c1onc2,-6.8459
O=C1C[N][C]2OC[C@H]2N1,-28.2354
C[C@H]1CNC(=O)[C@@H](C)N1,-54.9256
CC[C@@H](CCO)C(=O)C,-106.2753
C[C@]1(CN1)[C@@H](O)C#N,9.9774
CC[C@H]1O[C@H]1C1(O)CC1,-49.0629
O=C1CC(CCC#C)C1,29.0003
OCC1=CCC(=O)OC1,-103.4517
O=CC1=CCOC1=O,-87.1875
C[C@H]1CN1CCC=O,-11.1573
NC1=N[C](C(=O)C1)[N][N],40.6513
CC1=CCC[C@H]1CC#N,28.9699
Nc1cc(=O)occ1F,-102.6312
CC(C)(O)CCC#C,-13.662
O=C1N[C@H]2[C@H]3C[C@@]2(C3)O1,-1.4668
CC(=O)C(=O)[C@@]1(C)CN1,-47.8214
CO[C@H]1C[C@H]2OC(=O)[C@@H]12,-79.7758
C[C@@]12C[C@@]3(C#N)[C@@H]1CN23,129.1808
Oc1cc2c([nH]1)C=CC2,16.9812
Cn1cc2CCCc2c1,24.5961
O=C1C=C[C@@H]2O[C@H]1C=C2,-7.5158
OC[C@@]12CN3[C@@H]1C(=O)[C@@H]23,43.2414
C[C@@H](C=O)[C@H]1COCO1,-109.8873
C[C@]1(CC21COC2)C=O,-29.8499
O[C@@]1(CC=O)C[C@H]2C[C@@H]12,-31.174
O[C@@]12CC(=O)[C@H]3[C@@H]1O[C@@H]23,-26.5066
C[C@]12C[C@H]3CO[C@H]3[C@H]1N2,11.1368
CC[C@H]1C[C@]1(CC)OC,-47.7124
CC1(CC1)[C@]1(CO1)C#C,57.8789
OCC[C@@H](O)[C@@H](O)C=O,-167.0903
C[C@H]1O[C@H]2[C@H]3C[C@@H]1[C@@]23C,1.4584
Oc1cc(=O)ccnc1,-15.1121
O=C1C[C@@]2(CC#N)N[C@@H]12,57.1854
OC[C@]12N[C@H]3[C@H]([C@@H]13)C2=O,22.7751
C[C@H]1CCC[C@H]2OC[C@@H]12,-35.9203
C[C@H]1CC(=O)C(C)(C)C1,-65.867
C[C@H]1CC[C@@H](CO)CC1,-72.4306
C[C@H]1C[C@@](C)(O1)C=O,-67.7069
CC(C)[C@H]1CCOC1=O,-106.9569
COC[C@@]12C[C@@H](N1)[C@H]2O,-14.0651
OCc1ncc[nH]c1=O,-47.0958
COc1ncnc(N)n1,-22.0989
CC1(CC1)c1conn1,38.0283
OCCN1CCOC1=O,-130.7291
CC[C@@H](C#N)[C@H]1CN1,43.3377
C1CC1[C@H]1CC=CCO1,-4.8531
CO[C@H]1C[C@@](O)(C1)C#N,-34.1875
C[C@@]12OCC[C@H]3[C@@H]1C[C@@H]23,13.2688
CC[C@]1(CN1C)C#C,75.3811
CO[C@H]1CN2C[C@H]3[C@@H]1[C@@H]23,29.4902
CC1(C)NC(=O)[C@H]1C=O,-66.5369
C[C@@]12C[C@H]3C=C[C@@H]1N23,78.9622
C#CC1=C[C@H]2C[C@H]2C1,96.2421
C1C[C@@]23CCC[C@@H]2O[C@@H]13,-3.8052
Cc1c2CC=Cn2nc1,58.827
C1[C@@]23CO[C@@]12COC3,-3.5574
CC1=CC(=O)C(=O)CC1,-55.7725
CN1[C@H]([NH])ON=C1C#N,52.5338
CNc1nn(C)cn1,28.1062
OCCN1CCC(=O)C1,-68.7111
C[N]C1=C[C](C(=O)O1)N,-56.9741
CN=C1O[C@H]2[C@H]3O[C@H]3[C@@H]12,24.3358
C[C@@]1(O)C[C@]21CCOC2,-62.8078
O[C@@]12[C@H]3O[C@@H]1[C@H]3[C@H]2C#C,87.5468
C[N]C1=C[C](C(=O)N1)C,-20.9136
ON=C1C[C@]2(CO2)[C@H]1O,-23.4314
O=C[C@@]1(CC#C)CN1,54.6462
NCc1nc(O)co1,-50.0551
CC(=O)c1ncncc1,-3.2619
CC1(C)[C@H]2O[C@H]2[C@H]1CO,-43.3394
O[C@H]1CCC(=C1)CC#C,28.7694
C[C@@H](O)C1CCOCC1,-101.0939
CCC[C@@](O)(CC)C=O,-103.4496
[NH][CH]OC[C@@H](C#C)C#N,68.7322
O[C@H]1C[C@H]1c1cnn[nH]1,35.1246
Cc1cnc(o1)C1CC1,-4.4193
C[C@@]12CN(C1)CC(=O)N2,-9.5901
OC[C@H]1N[C@]2(C[C@@H]12)C#N,47.1479
N[C@]1(C[C@H]1CC#N)C#N,78.661
N[C@H]1C[C@@H](N)[C@]1(O)C#N,5.2916
C[C@@]12[C@H]3C[C@@H]1O[C@@]23C#N,72.9996
CN1N=CC(=O)N[C]1[NH],2.9249
OCCC1=CCCC1=O,-70.5314
COC1C(=O)CCC1=O,-99.6434
CC(=O)N1CCN[C]1[NH],-36.6379
Cc1nc2c([nH]1)C=CC2,47.9868
CCC[C@@]1(O)CCOC1,-100.2681
C[C@@H](CO)c1ccc[nH]1,-27.4343
CCCC(=O)C(=O)N,-100.3967
CCCC[C@]1(CN1)C#N,37.7147
Nc1nc(NC=N)co1,1.0022
CCC(CC)[C@H]1C[C@H]1C,-20.2952
O[C@H]1[C@H]2CO[C@@H]1C=CC2,-54.0768
CC[C@H]1C[N][C]2OC[C@@H]12,6.6878
[NH]C1=C[CH]C(=N[N]N1)[NH],118.9541
O=C1CN2C[C@H]2[C@H]2N[C@@H]12,42.8721
CN1[C@H]2CC[C@H](C2)C1=O,-41.9919
NC1=N[C@H]2C=CC[C@H]2O1,-5.6495
O=C[C@H]1N[C@H]1C[C@H]1CO1,-13.464
C[C@]12N[C@H]1[C@H]1CO[C@@H]2O1,-22.1067
C1Cc2cocc2N1,10.0203
CC(C)N=C1CCCO1,-49.9216
O=CN1CCOCC1=O,-106.2739
CC[C@H]1CCC(=CC1)C,-20.488
CC1(C)O[C@@H]2C[C@H]1[C@H]2O,-55.7584
C1CC21C[C@H]1CC[CH][C]21,68.4367
CCCOCCOC,-101.6386
C1[C@H]2[C@H]3COC[C@@H]1CN23,3.5879
O[C@H]1[C@H]2C[C@@H]1[C@@H](C2)C#N,17.8937
C[C@H]1N[C@@H](C#N)[C@H]1C#N,83.9804
CN1[C@@H](C=O)[C@H]1C(=O)N,-41.6859
C[C@H]1O[C@H]2C[C@@]2(C)C=C1,-7.5878
C[C@@](O)(CO)C(=O)C=O,-145.5738
COC(=O)[C@H]1C[C]([NH])O1,-95.145
OCCCNC(=N)C#N,-2.8942
C[C@H]1[C@H]2C=C[C@@H]3[C@H]2[C@]13O,33.5918
Cc1c2CCOc2co1,-39.1767
C[C@]1(C[C@H]1CO)C1CC1,-10.825
CN1C[C@H]1C1(C)COC1,9.1095
C[C@@]12[C@H]3C[C@@H]1NC(=O)N23,17.9098
C[C@]12C[C@H]1[C@H]1N[C@@H]21,91.6247
[NH][C]1OCCOC21CC2,-38.7225
OCC#C[C@H]1C[C@H]2N[C@@H]12,74.5277
C[C@H]1CC[C@]21CC(=O)N2,-19.8126
C[C@@]1(O)[C@H]2C[C@H]2[C@H]1C#N,25.5311
C#C[C@H]1CCOCO1,-18.0516
NC(=O)C[C@H]1CO[C]1[NH],-63.5986
COCCc1ccn[nH]1,-9.7878
OC[C@H]1[C@H]2CC(=O)N12,-19.6081
O[C@H]1CC(=O)O[C]1[NH],-109.0464
O=C1NC[C@@H](N1)C1CC1,-27.8211
CC1=Cc2cnnn2C1,74.099
[NH]C1=C[CH][C@H]2[C@@H](O1)CC2,10.8882
CN=C1OCOC1(C)C,-80.0439
[NH][C]1O[C@H]2[C@@H](O1)[C@H]2C=O,-54.561
CC1(C[C@@H](O)C#N)CC1,-4.3131
ON=C1CN[C@@H](C1)C=O,-18.2459
C[C@@]1(O)C[C@@H](CC#N)C1,-13.2902
C[C@H]1C=CCC[C@H]1C=O,-27.4924
C1O[C@H]1[C@H]1[C@H]2CCN12,49.8321
C#CCc1conc1,73.2053
C[C@H]1[C@@H]2[C@H]3[C@H]4[C@@H]2[C@@H]1N34,113.0862
CCCc1cc(O)n[nH]1,-24.8543
O=C(C#N)[C@@]12C[C@@H](C1)C2,61.4365
CNC1(CC1)C(F)(F)F,-158.2542
CC(C)(O)c1ccno1,-43.8267
CC(C)[C@H]1CCC[C@H]1O,-70.7689
CCN=C1CC[C@@H](C)O1,-51.7031
CO[C@@H](C)[C@H]1CCC1=O,-70.6787
OC1(COC1)[C@H]1CO1,-65.5407
CCn1ccc(CO)c1,-25.9214
OC[C@H]1C[C@@H](O)[C]([NH])O1,-112.2759
CC[C@@]12[C@H]3CC[C@@H]1O[C@@H]23,5.1883
Fc1ncnoc1=O,-54.7068
OCC[C@@]12[C@@H]3[C@H]4[C@@H]3N1[C@@H]24,101.6386
O=C1[C@H]2[C@H]3CN1[C@@H]23,59.6285
COC1(CC1)C#CC#C,90.5281
C[C@H]1CCCCCC=C1,-9.4068
CN1CCc2c1ocn2,12.0281
OC1(CC1)c1nonc1,20.1192
O[C@H]1[C@@H](O)[C@]21CC=CC2,-35.2377
O=C1CN2C[C@@H]3CC[C@]123,45.9503
CO[C@H]1C[C@@H](C1)C#C,29.828
O[C@@]12C[C@@H](C1)OCOC2,-94.7688
C[C@@]12C[C@]1(C)[C@@](C)(O)C2,-25.5118
CCC[C@H]1[C@H]2O[C@@H]1C2=O,-9.8179
C[C@]12C[C@H]1O[C@@H](C2)C#C,43.0659
N[C@@]12[C@@H]3[C@H]4N3[C@@H]1[C@@]24C#N,181.4231
O[C@]12C[C@H]1NC2=O,-22.9378
C#C[C@H]1O[C@@H]2[C@H]3O[C@@H]2[C@@H]13,73.2107
CC1=CN[C]([NH])C(=O)N1,-19.7267
O[C@H]1[C@H]2O[CH][N][C@@H]1C=C2,-22.206
O[C@H]1C[C]2[CH]NC(=O)[C@@H]12,-19.6715
C1OCC1c1n[nH]nn1,51.6836
OC[C@@]12O[C@H]3C[C@@H]1[C@@H]2C3,-45.276
C[C@H]1COC[C@H]1C1CC1,-28.3858
C[C@]12O[C@H]1C(C)(C)C=C2,-11.6597
CCCC(C)(C)[C@@H](C)O,-87.8339
Nc1c(CC#C)ocn1,47.5626
CO[C@H]1C[C]([NH])O[C@H]1C,-77.1254
C[C@@]12[C@H]3O[C@@H]1C1(CC1)[C@@H]23,67.7578
C1[C@H]2C=C[C]3C=C[C]1N23,129.9553
C[C@H]1COC(=N1)CCO,-79.8619
[NH][C]1OCC2(CC2)CO1,-41.6888
CC(C)[C@@]1(O)C[C@@H](O)C1,-87.92
C[C@H]1NC1(CO)CO,-66.9647
CCC[C@@]1(CC#N)CO1,-7.2279
[NH][C]1O[C@@H](C=O)[C@H]1C#C,31.3355
C1[C@@H]2CC[C@H]3CC[C@@]12O3,-9.5908
CC1(C)CC=C[C@H]2C[C@@H]12,18.7299
O[C@H]1[C@H]2[C@H]3C[C@@H]4[C@H]([C@@H]23)[C@H]14,14.6046
CCN1C[C@H]1[C@@H](O)C#C,42.427
CN[C@]1(C[C@H]2N[C@@H]12)C#N,91.3638
O[C@H]1C[C]2[CH]CCO[C@@H]12,-34.4194
C[C@@H](C#C)C(=O)C#C,79.1908
Oc1nc(=O)c(F)co1,-134.3129
CO[C@@](C)(C#N)C1CC1,1.4801
OC[C@@]1(O)[C@H]2O[C@@H]1[C@H]2O,-90.326
C[C@@]12[C@H]3O[C@@H]1[C](N)[N][C@@H]23,42.8426
C1N[C@H]2[C@H]3CC=C[C@@]12O3,102.8353
C1[C@@H]2O[C@@H]3O[C@H]1[C@@H]1[C@H]2[C@H]31,-31.0574
Cc1c(C)c(O)c(N)[nH]1,-25.5056
C[C@]12[C@@H](O)C[C@@]31C[C@H]2C3,69.4591
CC(C)(CO)C(F)(F)F,-239.1241
CN1[C@H]2C[C@@H]1[C@]12C[C@H]1O,65.4001
O=CNC(=O)CC#C,-19.8849
N[C@H]1C[C@@H]([N][C]1O)C#N,5.7785
CC#C[C@@H](O)[C@H]1CN1C,37.095
C1[C@@H]2[C@H]3O[C@]42C=C[C@@H]1[C@@H]34,91.7599
O[C@H]1[C@H]2C[C@]1(C#C)[C@H]2O,37.008
C[C@H]1OC(=O)C=C[C@H]1C,-81.1162
C[C@H]1C(=O)N2C[C@@]12CO,-30.6678
CCN=C1C[C@@H](O1)C#N,17.2258
CC1=C[C@]2(C)[C@H]3C[C@@H]2[C@@H]13,76.8705
C[C@@]12CC(=O)[C@H]3[C@@H](O1)[C@@H]23,-19.2721
CCOCC1(O)CC1,-75.3862
CCCC1=CCCCC1,-18.9889
Oc1c[nH]cc1NC=N,6.6745
CN(C)C(=O)N(C)C=N,-41.9679
CC[C@@H](C)C(CO)CO,-113.89
C[N]C1=C(ON=NO1)[NH],54.6367
Nc1c([nH]cn1)C=O,-10.5971
O[C@H]1[C@H]2CC[C@H]2OC1=O,-103.0382
CC[C@H]1[C@H]2[C@H]3N1C[C@@]23O,43.6719
C[C@H]1[C@@H](C=O)[C@H]2O[C@@]12C,-32.5601
Cc1concc1=O,-15.3681
C1O[C@H]2[C@H]3CCC[C@@]12O3,35.652
CN=COc1c[nH]cc1,7.1222
O[C@H]1C[C@H]1C(=O)CC#N,-27.7444
CC[C@@]12C[C@@H](C1)CCO2,-33.3965
C[C@]12O[C@H]1CC=C2C#C,58.1423
CCC[C@H]1OCC(=C1)C,-45.4648
[NH][C]1[C@H]2O[C@H]3CCN1[C@@H]23,39.9466
CC(C)C(C)C,-43.9406
CC1(C)OC[C@H]2N[C@@H]12,-18.0135
C[C@H]1N2[C@H]3[C@@H](C2=O)[C@@]13O,12.7984
C[C@H]1OC(=NCC1=O)N,-66.0822
O[C@H]1C[C@H]1[C@H]1C[C@H]1C=O,-29.0599
C1CC1[C@]12CN1[C@H]1C[C@@H]21,118.5519
C[C@H]1N2[C@@H](C#C)[C@H]2C1=O,85.204
C[C@@]1(O)CO[C@]21C[C@H]2O,-78.6819
OCC(=O)NC[C@H]1CO1,-103.8824
O[C@H]1[C@H]2COCCO[C@@H]12,-85.3404
C[C@H]1OC(=C([CH]1)C#N)[NH],16.9759
CC(=O)C[C@H]1N[C@H]1C#C,44.3131
C[C@H]1C[C@]21C[C@@H](C)[C@H]2C,10.2292
CN1CCC2(CC2)C1=O,-32.957
C[C@H]1C=C(C#C)[C@H]2O[C@@H]12,63.2007
C1O[C@H]2C[C@H]3O[C@H]3[CH][C]12,3.8271
C[C@@]12CC[C@@](O)(CO1)C2,-82.6415
ON=C1[C@H]2C[C@]1(O)[C@H]2O,-11.862
C1C[C@]23[C@H]1C[C@@]12C[C@H]3C1,128.9431
C[C@@H](O)C[C@@]12C[C@@H](C1)O2,-28.7993
C[C@H]1[C@@H]2CC[C@]32CC[C@@H]13,49.2884
CN[C@@H](C)C(=O)O[CH][NH],-75.7884
CCOc1c(O)nno1,-55.5608
[nH]1cnc2nccc2c1,67.1223
C[C@H]1O[C@H]2CCO[C@@H]12,-63.1543
CCC1=C(OC=CC1)[NH],-9.4638
C[C@H]1[C@H]2[C@H]3CN1[C@@]23C=O,57.3478
CCN1[C@H]2[C@H]3C[C@H]3[C@@]12C,87.1495
C[C@]1(CN[CH][N]1)C#N,48.5481
CC1=NC[C@@H](O1)C1CC1,-16.237
C[C@]12CN3C[C@H]3[C@H]1O2,20.0555
C[C@]12[C@H]3[C@H](C[C@@]13O)[C@H]2O,-11.6019
CN(C)c1cnccc1,28.5655
COC(=O)[C]1[N]CCN1,-65.1046
Nc1coc(N)c1N,-3.3248
OCC(=O)[C@]12CN1CC2,-21.2558
C[C@H]1[C@H]2CN3[C@H]2[C@]13C#C,140.8195
CN[C@@]1(CO)COC1=O,-103.204
CC(C)[C@@]1(CO)O[C@H]1C,-83.4365
O[C@@]12[C@H]3C[C@@H]1N3[C@H]2C#N,99.9527
CC[C@]12NC(=O)[C@H]1[C@H]2O,-39.3237
C[C@@]1(O)[C@H]2OC[C@@]12C#N,3.1899
OCC[C@H]1C[C@@H](O)C=C1,-69.6414
CC1=NN[C]([NH])NC1=O,-4.4979
C[C@H]1C[C@@H](CO)N2C[C@@H]12,-19.0946
C[C@H]1NC(=O)CNC1=O,-89.3497
CC(=O)[C@@H](CC#N)C=O,-45.0699
COC[C@]1(CN1C)C#N,22.0445
o1cccc2cncc12,41.607
CN1[C@@H](C=O)[C@H]1C=O,-20.8775
C1NCc2nocc12,37.1114
O=CC[C@H]1N=COC1=O,-87.8654
C1[C@H]2O[C@@H]3C[C@H]2O[C@H]13,-35.229
C[C@@]1(CC#N)CCOC1,-22.4174
O[C@]12C[C@H]1O[C@@H](C2)C=O,-71.349
O[C@H]1CN2C[C@@H](C#C)[C@@H]12,78.6002
C1C[C@H]2COCC2=C1,-13.0736
[NH][C]1OC[C@]21N[C@H]2C#C,93.9343
N#CC1=C[C@@H]2[C@H]3CN2[C@@H]13,147.0283
C1C[C@@]23C[C@H]4[C@@H](C2)N4[C@@H]13,81.4297
C[C@@H](O)[C@H]1O[C@H]1C(=O)N,-106.7921
N#C[C@H]1CC[C@@H]2C[C@H]1C2,41.6092
C1O[C@]21COCCC=C2,-31.622
CNc1ccc(C)o1,-20.5971
O[C@H]1C[C@H]1c1c[nH]cc1,9.1626
O=c1cccc2CCn12,4.7266
C[C@H]1[C@H]2[C@@H](C#N)[C@@H]1N2C,100.6305
N[C]1[N][C]([NH])C=NC=N1,75.5524
CNc1c(O)[nH]nc1C,-8.1477
OC(=O)[C@]12C[C@H]1CCN2,-63.6479
COC[C@]1(CN1)C=O,-40.8077
C1[C@H]2[C@H]3C[C@@H]1CCC[C@@H]23,12.559
CC1=C(OC[C]1C#N)[NH],12.621
O[C@H]1C[C@]1(O)C1(O)CC1,-76.2202
O=C[C@H]1CCC=C1C=O,-46.3567
C[C@@]1(O)C[C@@H]2[C@H]3C[C@@H]2[C@@H]13,9.7804
Nc1noc(c1)[C@H]1CO1,3.2374
O=C1[C@H]2C[C@@H]1[C@H]1C[C@H]1O2,-7.4172
OC[C@H]1[C@H]2[C@H]3CC[C@@H]1[C@@H]23,6.7558
C1CC1Oc1cocn1,-19.3665
O[C@@]12[C@@H]3[C@H]4[C@@H]3[C@]1(C=O)[C@@H]24,68.6312
C1CC1Nc1cnno1,49.0785
Nc1n[nH]nc1O[CH][NH],33.7987
C[C@H]1O[C@]1(C)C#CC=O,1.8687
OC[C@H]1CC[C@H]1CC#C,24.1843
C1C[C@@]23[C@H]4[C@@H]2N2[C@H]4[C@]32C1,158.1532
CC[C@]12C[C@H]1C(=O)CO2,-54.3416
CC#C[C@H]1CO[C@@H](C)O1,-33.1211
C1N[C@H]1[C@]12C[C@H]1CO2,45.7357
Oc1cncoc1=O,-84.2812
O=C1N[C@H]2CN3C[C@H]3[C@@H]12,21.9798
C[C@H]1[C@@H](C)N1C(=O)C=O,-48.0938
C[C@H]1C=CCO[C]1[NH],-14.1431
OC[C@H]1C[C]([NH])O1,-55.9365
OC1=N[N]OC(=N1)[NH],20.3608
Nc1cc2c([nH]1)nno2,60.426
Cc1nc(=O)cncn1,27.3069
C[C@@H](C#C)[C@]1(CN1)C#N,112.4138
O=C1CCC=C1CC#N,3.6002
O[C@H]1C[C@@H](C#N)[C@H]1C#N,37.6806
ON=C1[C@H]2O[C@@H]1[C@H]1O[C@@H]21,25.0185
CCn1ncc(O)c1N,-7.1927
C[C@H]1[C@H]2O[C@H]2C21CCC2,20.3477
C[C@@H](C=O)[C@H]1N[C@H]1C#C,51.7529
CC1=CC[C@@H](O)[C@H]1CO,-74.9445
C[C@H]1C[C@@]2(O)CC[C@@]12O,-52.8813
C[C@H]1CC[C@@](C)(C1)C=O,-57.2387
O[C@@H](CCC=O)[C@H]1CO1,-91.5038
C[C@@H](O)[C@@](C)(O)C#C,-40.6431
CC(=O)N1C[C@H]1C=O,-43.6517
CO[C@@]1(C)CNC1=O,-69.1467
C[C@@]1(O)C(=O)CNC1=O,-115.3389
C[C@H]1N=C(C)NC1=O,-42.5501
OC[C@@H](CNC=O)C#C,-32.327
C[C@@]12[C@H]3C=CN1C(=O)[C@@H]23,52.2893
N#C[C@@]12C[C@@H](N1)C=C2,114.0697
CN=C1CCCC(=O)O1,-78.656
CO[C@]12[C@@H]3[C@H]1N1[C@@H]3C[C@@H]21,86.1065
CN1C[C@]2(CO2)C21CC2,38.0394
O=C1CC=CC(=O)C1=O,-59.4717
C[C@H]1[C@@H](C)[C@]2(CN12)C#C,100.0203
CNc1conc1O,-24.604
C[C@H]1CN[C@@H](C)C(=O)N1,-53.9825
CC1(C)[C@H]2[C@@H]3C=C[C@H]2N13,105.0843
C[C@@H](CC#C)C1CC1,56.6032
CC1(C)O[C@H]2C[C@H]2C1=O,-55.9154
C#CC1(CC1)C#C,136.348
CCN1C(=O)[C@H]2C[C@@]12C,-8.3549
OC[C@@H](O)[C@@H](CO)C=O,-159.2979
Cc1c(N)ocnc1=O,-54.6667
Cc1noc2ncnn12,52.9517
O=C[C@]12CO[C@H]1[C@H]2C#C,48.8765
O[C@@]12C[C@@H](C1)N=COC2,-36.862
CC(C)(O)[C@]12C[C@H]1CC2,-19.922
C[C@H]1O[C]([NH])C[C@H]1C#N,-6.3811
O=CN1C[C@@H]2C[C@H]1C=C2,-0.348
C[C@H]1[C@@H](CC=C1C)C=O,-31.1721
NC(=O)c1coc(=O)[nH]1,-109.7846
C1O[C@H]2CC=C[C@H]2O1,-49.7647
CC[C@H]1C[C@@H](C)[C@@H](C)C1,-40.8443
C[C@]1(NCC1=O)C#C,48.4314
[NH]C1=C[CH]N[C@H]2[C@@H](O1)C2,33.2718
C1CC21[C@H]1CN2CCO1,30.9379
NC1=NCc2c1cn[nH]2,68.0508
CC(C)(C)[C@H]1CN1C=O,-30.1952
CC[C@H]1[C@@H](O)[C@H]1O[CH][NH],-48.4927
O[C@]12CC[C@H]1CC12CC1,14.2132
N#C[C@@]12C[C@@H](O1)[C@]12CO1,65.3258
C[C@]1(OC[C@H]1O)[C@H]1CN1,-35.465
Fc1ncc(nn1)C#N,53.226
C#C[C@H]1OCC(=C1)C#N,81.5524
CC(C)COCC(=O)C,-103.134
O=CCNc1nocn1,-13.7496
OCc1c(onc1)C#N,11.9715
O[C@H]1C[C@H]2O[C@@H](C1)C=C2,-50.3939
[NH][C]1C[C@H]2C[C@H]3[C@@H](O1)[C@@H]23,24.2109
CC1=CC[C@@H](O)C21CC2,-12.4849
Cc1nc(N)c(CO)o1,-63.0909
CC1=CCc2conc12,34.5408
C[C@]12O[C@H]1[C@@]1(C)CC[C@@H]21,18.2355
C[C@@H]1N=CN=C([NH])O1,0.2092
C[C@@]12[C@H]3[C@@H]1[C@@H]1C[C@H]3[C@]21C,86.2781
O[C@H]1[C@H]2[C@H]3C[C@H]3N2C1=O,14.6734
O=C1CC=CC=CCO1,-40.0628
Cc1noc2nnnn12,89.015
Cc1cc(CC#C)n[nH]1,83.34
[NH]C1=C[C](CCO1)C#C,44.5263
CCC[C@@H](OC)C1CC1,-46.4134
O[C@H]1CC[C@H]2C[C@@H]12,-25.7543
CO[C@]12C[C@H]1CCC=C2,-1.6365
C[C@]12COCCC[C@H]1N2,-19.6738
CCC[C@@H](C)OCC#N,-37.6237
OCc1ccccc1F,-71.3069
COCCN1CC(O)C1,-60.2427
OC[C@@H](O)C(=O)C=O,-141.5465
Cn1cc(nn1)C(=O)C,5.9146
CCN[C@H]1[C@@H](O)[C@H]1C#N,8.1948
N#CC1=C[C@@H]2C[C@H]1N2,109.1732
CO[C@@H](CCC=O)C#C,-20.2854
O[C@H]1C[C@H]2[C@@H](O)C[CH][C]12,-30.2183
O=CCC[C@H]1CC=CC1,-24.4854
CN=C1O[C@H]2[C@H]3N[C@H]3[C@@H]12,67.5483
CO[C@H]1C[C@H]2[C@@H](C)[C@H]2O1,-61.6658
C[C@]12C=CC[C@H]1[C@H]2C#N,64.5056
C[C@@]12C[C@@](C)(O1)C=CC2,-14.1296
C[C@]12C[C@]3(C[C@H]3O)[C@H]1O2,-9.314
COCCC(=O)C#CC,-33.1098
C[C@]12O[C@H]1[C@H]1C[C@@H]21,44.1608
C[C@H]1O[C@H]2CN(C=O)[C@@H]12,-35.4037
C1[C@H]2C[C@@H]1C[N][CH]OC2,16.0258
C[C@H]1CN1[C@H]1C[C@H]2C[C@@H]12,70.8462
O[C@H]1COC[C@H]2CC[C@@H]12,-62.0178
O[C@H]1[C@@H](O)[C@]21CN1C[C@@H]21,11.7669
OCCC(O)(C#C)C#C,38.1406
[NH][CH]N1C(=O)C=CC1=O,-35.4443
CC[C@@]1(O)C[C@H]2O[C@@]12C,-52.3102
C[C@]12C[C@H]1C[C@@H](O)C2,-33.9268
O=CCN=c1[nH]nn[nH]1,50.156
[NH][C]1[C@H]2O[C@H]3CN1[C@@H]23,73.1154
O=C1[C@H]2O[C@@H]1[C@@H]1C[C@H]2C1,3.4155
O=CC1(CC1)C#N,17.4994
C[C@]12CC[C@H]1C(=O)C2,-5.93
OC[C@]12CCN1C(=O)C2,-32.9099
C1C[C@]23OC[C@@H]4[C@H]2N4[C@H]13,61.4466
O[C@]12CC[C@H]1[C@H]2N1CC1,39.1187
C#CC#Cc1cocc1,101.1202
CC(C)(O)CC1COC1,-81.7591
Cc1noc(=O)cc1F,-75.0258
N#C[C@@]12CN[C@H]3[C@@H]1O[C@@H]23,84.4012
C[C@H]1C[C@]2(CN12)C(=O)N,-0.6876
C#C[C@H]1CN1C[C@H]1CO1,80.1006
C[C@H]1OC1(C)C,-43.6163
C[C@@H](C#C)[C@H]1N[C@H]1CO,35.9247
CC(=O)CC1=CCOC1,-59.6886
[NH][C]1NC(=O)N=CC=N1,31.1382
Cn1nc(N)nc1C#N,63.4785
O=C1OCCN[C@H]1C#N,-33.6859
CC1=C[C@@H]2[C@H]3[C@@H](O)[C@@H]2[C@@H]13,48.2429
C[C@H]1C[C@]21OCC2(C)C,-19.4871
C#C[C@H]1O[C@H]1C1CCC1,58.5052
NC(=O)C(=O)C(=O)CO,-137.3501
CC[C@@H]([C@H]1CO1)C(=O)C,-69.2222
CC(C)CCCOC=O,-114.0991
CC(C)C(=O)[C@@H](O)C#C,-34.427
C[C@H]1O[C@H]1[C@@H](O)CC#N,-36.4171
CC(=O)[C@H]1C[C@]2(CN2)C1,5.087
NC(=O)[C@H]1[C@H]2C[C@@H]1C2,9.8566
CN=COC[C@@H](C)C=O,-68.8266
O=CNC1(CC1)[C@H]1NC1,9.9223
C#C[C@H]1N[C@H]1C1CC1,108.388
CNC(=O)O[C]([NH])C=O,-106.962
CN=COC[C@H]1C[C@H]1O,-46.0066
C#C[C@@]12C[C@@H](C1)O2,90.1641
CC[C@@H](O)[C@@H](O)C(=O)C,-144.2051
C1O[C@@]23C[C@H]4[C@@H](C2)O[C@@]134,41.7714
Cc1c2CC=Cc2n[nH]1,57.9378
C1C[C@@]23OC[C@@H]2OC[C@@H]13,-32.0769
C1[C@H]2Cn3nncc3[C@@H]12,87.4424
NCc1nc(O)c(N)o1,-50.5968
CCCC(=O)C(=O)CC,-97.543
CC1(C)[C@@H]2[C@H]3[C@H]4[C@@H]2[C@@H]1N34,105.6653
C[C@H]1OC[C@H]2[C@@H]1NC2=O,-62.945
O[C@H]1COCC1=O,-104.5274
CC[C@@H](CCO)C#C,-7.6461
Cn1cnc(C)nc1=O,-27.0089
C[C@]12OC[C@H]1O[C@H]2C#C,27.3506
[NH][C@@H]1N=COC=N1,17.625
N#CC1=CC[C@H]2CN2C1,80.4139
CC[C@@]1(C)[C@H]2O[C@@H](C)[C@@H]12,-10.9894
C[C@H]1O[C@H]1[C@H]1CN1,7.5587
CO[C@H]1[C@H]2C[C@@H]1[C@H]1C[C@@H]21,25.7223
C[C@H]1COCC=C1C,-38.551
NC(=O)[C@H]1CO1,-60.7772
Cc1c(O)[nH]c(N)c1O,-53.5101
N#C[C@H]1CCC[C@H]1C#N,53.2133
CO[C@H]1O[C@@H]2C[C@H]1[C@H]2C,-54.2637
Nc1nc(=O)cc[nH]1,-14.9
C[C@@]1(C#N)[C@@H](O)[C@H]2CN12,45.7298
OC[C@H]1CCC(=O)CO1,-118.5426
C1[C@H]2[C@@H]3O[C@H]2[C@H]2O[C@@H]3[C@@H]12,5.2924
CC[C@H]1CCC21COC2,-15.0989
CC1=CCC[C@]2(CO2)C1,-14.7966
OC[C@]12CC(=NO)[C@H]1O2,-19.6952
CCC(C)(C)OC(=O)N,-129.1941
CN1[C@H]2C[C@H]3CO[C@H]3[C@@H]12,25.3945
C[C@]12C[C@]1(OC2)C=O,-24.2683
C#C[C@H]1CC[C@@H](O1)C#N,54.7654
CC(C)n1ncc(C)n1,19.9622
C[C@]1(N[C@H]1C=O)C(=O)N,-54.1025
CC[C@@]1(C)COC(=O)N1,-107.0915
C[C@H]1CC=CC[C@H]2C[C@@H]12,28.1721
OC1=C[C]([NH])C=NC=N1,38.2306
C[C@H]1O[C@H]2CC[C@@H]1[C@H]2O,-80.1158
COC[C@H]1C[C@H]2C[C@@H]12,-1.4526
Cc1ncnc(O)n1,-22.078
COCCCOC1CC1,-68.316
O=C1N[C@H]2[C@@H]3[C@H]4[C@@H]3[C@@H]1[C@@H]24,47.091
[NH][C]1O[C@H]2[C@@H]3[C@H]2[C@H]2[C@@H]3[C@@H]12,70.0741
CCCn1ccnc1,11.1214
O[C@H]1C[C@H]2[C@H]3O[C@H]3[C@@]12O,-37.6291
O=C1C[C@H]2CCC=C2C1,-16.7709
O[C@]12CO[C@H]1CC2=O,-62.3738
Cn1nnc(=O)c(F)n1,4.2993
O[C@H]1C=Cn2nncc12,54.0922
Oc1nc(c[nH]1)C1CC1,0.9752
[NH][C]1OCc2c1cc[nH]2,14.1057
CC1(CC1)C(=O)NC=N,-24.2619
CCC(C)(O)CC,-81.9349
C#C[C@H]1OC=N[C@H]2C[C@@H]12,69.884
O[C@@]12C[CH][C]3[C@@H]4[C@@H]([C@H]14)[C@@H]23,118.5056
CC1(C)[C@H]2[C@@H](O)[C@@H]1C2=O,-18.3213
C[C@@]12[C@H]3C[N][C]1O[C@@H]23,106.8669
CCC(=O)N(C=N)C=O,-67.6504
C[C@@H](O[CH][NH])C(=O)C#N,-21.3962
O[C@@H](C=O)[C@]1(CN1)C#C,19.0841
O=c1[nH]cc2CCCn12,-25.6174
O=C[C@@]12C[C@@H](O1)C=C2,13.785
C[C@H]1C[C@]21CCC(=O)C2,-27.2602
C[C@H]1C[C@H]2[C@H]3C[C@]2(C1)O3,39.8576
Cc1ncc([nH]1)OC=O,-54.2193
CC[C@@]12CC[C@@H](C1)OC2,-47.7357
C[C@@H](O)COC(C)C,-113.1402
CC(C)[C@H]1O[C@H]2C[C@@]12O,-42.4583
C1N[C]2[N]C[C@H]3O[C@@H]1[C@@H]23,41.7695
O[C@H]1[C@H]2[C@@H]3C[C@]3(C#N)[C@@H]12,63.8888
CN1C[C]2[CH]CC(=O)[C@@H]12,33.5789
COC[C@H]1[C@H]2C[C@@H]1OC2,-43.3437
O[C@@H](C#C)[C@]12C[C@H]1OC2,38.6633
CN(CC#N)C(=O)CO,-58.4756
C#CCN1CC(C1)C#C,142.4881
C#C[C@H]1O[C@@H]2C[C@@H](C2)O1,20.6638
C[C@H]1C[C@@H](CC#N)C1,24.4882
C[C@@H](O[CH][NH])[C@@H](O)C#C,-13.7947
OC[C]1[N][C@@H]2C[C@@H](C2)O1,-40.6352
C[C@H]1[C@H]2C[C@H]3C[C@]1(C)[C@@H]23,43.6364
CC1=C(O[N]N=C1O)[NH],3.9248
CO[C@]12C[C@@H]3[C@H]1[C@]3(C)C2,24.3186
CCC#CC(=O)N(C)C,-8.6404
C[C@H]1C[C@@H]2O[C@H]1C(=C2)C,-17.0161
C[C@]12CCC(=O)[C@H]1N2,-12.5066
C[C@@]12N[C@@H]3[C@@H](O[C@H]13)C=C2,46.6142
O=C1CO[C@H]2CN[C@@H]12,-29.1443
O=C1N[C@@H](C#C)[C@]21CO2,36.0173
Nc1cnnc(F)n1,2.2077
CC[C@H]1N[C@H]1C(F)(F)F,-157.8382
NC1(CCCC1)C(=O)O,-100.7348
CO[C@H]1C[C@]21CCCO2,-55.572
C[C@H]1[C@H]2[C@H]3O[C@H]3[C@@]12C#N,84.9712
O=CCN1CC(C1)C#C,54.7593
Cn1ccc(=O)c(C)n1,-3.7883
OCC[C@]12O[C@H]1[C@H]1N[C@@H]21,29.7921
[NH][C]1N[C@]2(CO[C@@H]12)C#C,93.9167
CC(C)(C)C1=NCCO1,-51.0712
CC1(C)[C@H]2C[C@@H]1[C@H]1C[C@@H]21,59.5143
CNc1ncnc(N)n1,12.944
O[C@H]1C[C@]2(CO2)[C@H]1C#N,-2.2035
C[C@@]12C[C@@]3(O)CCN1[C@@H]23,11.337
NC(=O)O[C@@H](C#C)C#N,4.7087
O[C@]12CN3[C@H]1[C@@]2(O)C3=O,-14.0546
O=C[C@]1(N[C@H]1C#N)C#N,78.2549
CNc1cocc1C=O,-35.5205
C[C@@]12C[C@@]3(O)[C@@H](OC1)[C@@H]23,-27.0456
C1C[C@@]23COC[C@@]12N3,31.8954
CO[C@H]1OCC=C[C@H]1O,-99.7518
O[C@]12CCC[C@H]1[C@H]1N[C@@H]21,17.1521
Nc1nnc(N)cc1,48.6633
O=C[C@H]1COCCO1,-101.4468
Cc1cn(C=O)cc1C,-27.4062
[NH][CH]OC(=O)CC1CC1,-55.4601
CC[C@H]1C[C@H]2C[C@H]2CO1,-35.3405
O=c1[nH]c2c(onc2)o1,-35.8271
CC(=O)[C@@]1(C)COC1=O,-112.9698
CN[C@@H](CCO)C#N,-14.2826
C[C]1C=C([NH])ON=C1F,-20.1479
OC[C@H]1[C@H]2[C@H]3C[C@H]3CN12,30.3167
O=C1NC2(CC2)[C@]21CO2,-0.8079
CC#C[C@H]1COC=NC1,25.5594
O[C@@]12C[C@@H](C1)CNC2=O,-69.2528
C[C@@H](O)C1(C)CC1,-43.9983
C[C@@]1(CO)[C@H]2C[C@@H]1C2=O,-18.5152
N[C@@H](C#N)[C@@]1(O)C[C@H]1O,-25.0199
C1[C@@H]2O[C@@]32C[C@H]1OCC3,-23.1142
CCC[C@@H](CO)[C@H]1CO1,-78.9811
CCCCC=O,-57.1103
C(OC1CCC1)C1CC1,-12.8142
C1C[C@@]23C=CC[C@@H]2[C@H]3O1,14.8336
OC[C@@H](O)[C@H]1C[C@@H](O)C1,-115.4815
C[C@H]1C[C@H]2[C@@H](O)[C@H]2[C@H]1C,-31.3772
C[C@H]1C[C@@](O)(C#C)C1=O,-0.9049
CCOC(=O)[C@@H](C)NC,-107.7759
O[C@H]1CCCO[C@H]1C=O,-113.3813
N#CC#C[C@H]1CCO1,70.662
N#CC1(CC1)C#N,83.7741
OC(CC=O)(C#N)C#N,5.5188
C[C@]12C[C@H]1NC(=O)CO2,-54.4216
CCc1c(O)cc(N)o1,-60.8755
Cc1cc(C)c([nH]1)C#N,34.6773
OC[C@H]1[C@@H](C#C)[C@H]2CN12,76.9292
O=C1[C@H]2O[C@H]2[C@H]2CO[C@@H]12,-40.0514
C[C@@]1(CO)O[C@H]1CO,-108.3192
C[C@H]1C[C@]1(CC#C)C#N,96.833
CN=C1OCC[C@H]1C#C,29.9143
C[C@H]1[C@H]2[C@H]3OC[C@H]3CN12,22.8612
C[C@]1(O[C@H]1CC#N)C#C,67.5647
FC1=NON=C(F)[C]1[NH],-19.1791
OC[C@@]12C[C@@H](C1)OCO2,-89.3772
O=C1CC2(CC2)N=CO1,-41.8452
CC[C@@]1(C)CCOC1,-61.4399
Cc1ccnc(O)c1,-29.8824
O[C@]12CC[C@H]1N1C[C@H]1C2,15.7773
C[C@H]1N2[C@@H](C[C@@]12C)C#C,100.575
CC[C@H]1N[C@]1(CO)C#N,6.3298
CCc1cc(=O)cco1,-58.4205
O=C(C#C)[C@@H](C#C)C#N,129.0234
CCCOC(C)(C)CC,-87.4926
C[C@H]1C(=O)O[C@]1(C)C=O,-108.9148
NC1=C(N=C(OC1)[NH])N,4.3418
COC(=O)COCC#C,-64.1345
CCO[C@H]1C[C@@H](C1)C=O,-65.1786
C[C@]12C[C@]3(CN3)[C@H]1CO2,29.1225
C[C@]1(C[C@H]1C#N)C=O,10.1156
COCC(=O)CO[CH][NH],-92.7365
C1O[C@@H]2C[C@H]1CCOC2,-75.8814
CC1=C[C@@H](OC1)C#C,38.5747
C[C@H]1COC=N[C@@H](C)C1,-40.1105
CC[C@@H](C#C)C1(C)CC1,50.679
C#CC[C@]12C[C@H]1[C@H]1C[C@@H]21,142.5059
C[C@]12CC=C[C@H]1[C@H]1N[C@@H]21,75.8555
C[C@H]1OC[C@H]1C(C)(C)C,-49.6031
O[C@H]1CO[C@@H](C1)[C@H]1CO1,-90.0869
OC[C@@]12C[C@H]3C[C@]1(O)[C@@H]23,-8.0214
O[C@H]1C[C@H]1N1CC(=O)C1,-14.2993
O=C[C@]12O[C@H]1CC12CC1,11.324
CC[C@@](C)(O)[C@@H](O)CO,-150.0778
OCC1COCOC1,-120.6792
CC1(C)C[C@]1(O)[C@H]1CO1,-48.6042
CCC#CC#CC#C,142.886
CN=C1OCCN1[CH][NH],-15.1194
COC(=O)[C@@H](O)CC#C,-77.6479
C[C@]12O[C@H]1CCOC2=O,-98.3513
CC#C[C@]12CN1C[C@H]2O,64.1336
O=C1C[C@H]2OC[C@H]2CN1,-58.8311
C1[C@H]2N1[C@@]13C[C@@]21COC3,80.779
O[C@H]1[C@H]2[C@@H]3O[C@@]2(C=O)[C@H]13,4.8243
C1N[C@]21[C@H]1CCC[C@@H]2O1,19.2198
CN1N=C[C@H](N)C=C1[NH],52.3281
N[C@@H](CCC#C)C(=O)O,-42.6426
[NH][C]1CCC(=O)C(=O)N1,-57.1171
CC1=C(ON=C[C]1F)[NH],-19.6685
O[C@H]1[C@H]2OC[C@H]2NC1=O,-89.0682
[NH][C]1N=CNC=CC1=O,29.0056
C[C@H]1[CH][C]2CC[C@H]2[C@H]1C,32.8238
OC[C@@H](O)[C@H]1CCCO1,-132.1086
CCNC(=O)[C@@H](O)C#C,-39.5521
Oc1cnccc1F,-61.2069
N[C@@H]1C=C([NH])C=C(O)O1,-38.5993
N[C@]1(CN[C@H]1C#N)C#C,123.6723
O=CC(=O)C(=O)C=O,-90.7719
CCC(=NO)C1CCC1,-0.647
C1O[C@]21[C@H]1O[C@@H]2[C@]21CO2,31.3704
O=C1N[C@H]2CNC(=O)[C@@H]12,-56.6365
C1CC1[C@H]1OC[C@H]2C[C@@H]12,3.8774
CCO[C]([NH])C(C)(C)O,-101.3396
[NH][C]1O[C@@H]2C[C@H]1C(=O)O2,-91.328
CCC(=O)[C@@H](C)CC#C,-6.3284
CC[C@H]1O[C@H]2[C@@H](C#N)[C@@H]12,34.9181
C#Cc1ncc2CCn12,123.2941
C[C@H]1[C@H]2C[C@]1(O)C2=O,-20.4135
O[C@@H](CCC=O)C=O,-111.7417
ON=C1C[C@H]2C=CC[C@@H]12,42.3923
C[C@@]12C[C@H]3N[C@@H]1[C@@]23C#N,111.6357
CNC(C=O)C=O,-53.6065
C1[C@H]2[C@H]3[C@@H]1[C]1[CH]CN2[C@@H]31,153.8617
CC(=O)C(=O)C(=O)N,-109.7686
CC(C)C1=CC[C@H]2N[C@@H]12,35.6392
O=C[C@@H](CC#C)N1CC1,58.6963
Oc1n[nH]c(=O)o1,-94.865
O=C1C[C@H]2[C@H]3C[C@]2(C1)O3,18.3019
O[C@H]1C=Cc2c1nco2,-3.8069
C[C@H]1[C@H]2CO[C@@H]1C=C2,-5.4933
CC1=C(OC2([CH]1)CC2)[NH],3.5225
C[C@]12[C@H]3[C@H](CCN13)C2=O,21.1204
CC[C@H]1[C@H]2C=C[C@@H]1C2=O,19.8317
Cc1cncc(F)n1,-24.0009
C[C@H]1[C@H]2O[C@@H](C)C(=O)[C@@H]12,-52.9874
O=C1CC[C@H]2CN=CN12,-17.2151
O=CO[C@H]1[C@H]2[C@@H]3C[C@H]2[C@H]13,13.5266
COC(=O)CC(=O)CO,-169.8327
O[C@@]12CC[C@@H](C1)[C@H]1O[C@@H]21,-42.3574
F[C]1N=C([NH])ON=C1,-2.9966
CCc1c(O)c(C)n[nH]1,-22.0832
C[C@@H](CC#C)O[C](C)[NH],3.6525
N[C@]12CC[C@H]1[C@]2(O)C#N,38.9966
CO[C@H]1CCC[C@]21CN2,-15.6452
CO[C@@]12C[C@@H](C1)[C@@H](C)C2,-26.278
C[C@H]1CC[C@@](O)(C1)C=O,-87.0761
O[C@H]1C[C@]2(CN2)[C@]21CN2,43.8304
CNc1ncnc(F)n1,-31.7718
NC(=O)C1=CC[C@@H](O)C1,-72.2554
C[C@H]1C[C@H]1[C@@H](CO)C#N,-5.1163
O=CCN1[C@H]2C[C@H]2C1=O,-13.4083
O[C@H]1[C@H]2CO[C@H]2C21CC2,-9.8493
O=C1C=Cn2ncnc12,52.3237
Nc1c(O)ccoc1=O,-95.0579
N[C]1[CH][C]2[N]C[C@H]3[C@@H]1N23,126.769
Cc1c([nH]nc1O)C=O,-44.1246
N#CC1(CNC1)[C@H]1CO1,48.044
CCOCCC[C@H]1CO1,-75.6334
OC[C@H]1CCC=CCO1,-68.4498
C[C@]1(COCC1=O)C=O,-99.8718
CC#C[C@H]1[C@H]2[C@H]3CN3[C@@H]12,155.278
C[C@@]1(O)[C@H]2CO[C@@H]1CO2,-105.3981
O=C[C@H]1CN2C[C@@]12C=O,3.7428
CCCC(=O)[C@H]1O[C@H]1C,-72.8185
CCC[C@H]1COC1(C)C,-57.2317
CC[C@H]1OC(=NC)[C@H]1O,-64.0123
ON=C1CCC2(CC2)C1,15.2878
[nH]1cc2ncccc2n1,68.3735
OCC#C[C@]1(CN1)C#C,110.6985
O=C1OCC=C[C@H]1C#C,4.511
O[C@@]12CC[C@H]3[C@H]4[C@@H]1N4[C@@H]23,50.1716
C[C@@]12CO[C@]1(C)C=CC2,-13.3521
C1[C@H]2O[C@@H]1[C@@H]1C[C@H]2CO1,-28.3012
C[C@]1(C=CNC1=O)C#C,36.6549
CC(C)[C@]1(CN1)C#C,71.7504
C[N]C1=C(CC=CO1)N,-0.8101
C1Nc2nocc2C=C1,40.296
CN1C[C@]23C[C@@H]4[C@H]2C[C@]134,154.2779
O[C@H]1CC[C@H]2OCO[C@@H]12,-111.2334
C[C@H]1[C@H]2CCC[C@@]12O,-29.8894
O=C1[C@@H]2[C@H]3[C@H](N13)[C@]12CN1,94.4871
NC1=NCC(=C(N1)[NH])F,-15.5106
O[C@H]1[C@H]2[C@H]3[C@H]4[N][C]1N2[C@@H]34,114.6647
O[C@H]1[C@@H]2[C@H]3[C@H]4N2[C@@H]1[C@@]34O,49.4681
O[C@@]12[C@H]3C[C@@H]1C[C@@]23C#N,66.7935
CC[C@@]12C[C@]1(C)C[C@H]2O,-21.7054
CC[C@H]1OC1(C#C)C#C,96.6614
CCN1C[C@H]2C[C@@]12C=O,14.3967
C[C@H]1O[C@H]1C#CC(=O)C,-2.8527
NC(=O)O[C]([NH])CCO,-128.3103
CC[C@@H](C#N)C(F)(F)F,-160.6194
CN1C[C@H]1[C@@H](O)[C@H]1CN1,18.963
CO[C@H]1C[C@H]1[C@H]1CN1C,13.1287
O=CCC#CC#C,76.7992
OC[C@@]12O[C@H]3CO[C@@H]1[C@@H]23,-44.9484
C[C@]1(CO1)[C@@]1(C)CCO1,-49.3446
C[C@@H](O[CH][NH])C=O,-60.7626
CCO[C@@]1(C)CCC1=O,-72.9735
OC1=CN[C@H]([NH])O1,-42.6519
C1N=CNc2c1cno2,44.4718
C[C@]12CC[C@H]1[C@H]1N[C@@H]21,74.1029
O[C@H]1C(=O)C[C@H]2C[C@@]12O,-88.849
C[C@H]1[C@@H](CO)[C@H]2OC[C@@H]12,-43.2735
Cc1c(C)cno1,-5.2652
C[C@@H](O)[C@H]1CNC(=O)C1,-98.0114
O[C@H]1[C@@H](C#N)[C@]1(O)C=O,-53.3719
CCCC#CC(C)C,12.5239
C[C@H]1CC=C[C@]2(CN2)C1,29.9539
O[C@H]1CNc2c1cc[nH]2,8.1162
[NH][C]1O[C@H]2[C@H]3C[C@H]3N[C@@H]12,34.7414
C[C@@]1(O)[C@H]2N[C@H]2[C@]21CO2,8.3218
F[C]1C=C([NH])OC(=O)O1,-139.0801
O=C1NC[C@H]2CCO[C@@H]12,-73.9258
O[C@H]1[C@@H](O)[C@]1(O)CC#C,-41.4764
O[C@H]1C[C@@]2(CC#C)C[C@@H]12,56.8699
O=C[C@H]1CN[C@@H](C1)C#N,9.2897
NCC(CN)(C#N)C#N,65.3709
O=CC[C@]12C[C@H]1NC2=O,-18.4541
O=C1[C@H]2C[C@H]2[C@]21CO2,8.4869
O[C@]12[C@H]3CN3[C@H]1CC2=O,24.113
O[C@H]1[C@H]2O[C@@H]3[C@H]2[C@]13C#N,39.8947
C[C@H]1C[C@@H]2[C@H]3C[C@@H]2[C@@H]13,47.6612
O=C1NC[C@H]2[C@H]3N[C@H]3[C@@H]12,25.4957
Cc1c[nH]c(c1)C(=O)N,-29.7264
N#C[C@H]1[C@H]2C[C@@H]1N2C,103.9544
O[C@H]1C[C@H]2[C@@H]3[C@H]2[C@H]2[C@@H]3[C@@H]12,51.0817
Cc1c(C)nn[nH]1,34.6256
N#C[C@H]1N[C@H]2CCC[C@@H]12,53.6445
C[C@H]1OC[C@]1(C)CO,-77.3453
Cc1c(cn[nH]1)[C@H]1CO1,19.6442
COCC1=CO[C@@H]([NH])N1,-45.2615
C#C[C@@]12[C@H]3C[C@H]4[C@@H]1N4[C@@H]23,157.4748
C1[C@H]2N[C@@H]1c1c2[nH]nc1,114.2377
[NH][CH]OCc1n[nH]cc1,16.3288
C[C@H]1O[C@H]2[C@H]3C[C@H]3[CH][C]12,41.6477
O=C[C@H]1CO[C@H]1CC#C,11.939
CO[C@@]1(C)[C@H]2N[C@H]2[C@H]1C,3.2987
C1[C@H]2C[C@]31OCO[C@@H]23,12.5113
C1C[C@H]2CC[C@@H]1CC=C2,6.8895
CNc1nccnc1F,-22.3941
C[C@H]1C[C@H]2CC[C@@]12C#C,83.2453
ON=C1CC[C@@H](O)CC1,-54.7653
CN1CCc2c1nn[nH]2,73.3252
Cc1ccc(F)oc1=O,-114.194
CC(=NO)C[C@H]1CO1,-22.8246
C[C@@]1(C#N)[C@H]2N[C@@H]1C2=O,73.7743
C[C@@]1(CO)O[C@@H]2C[C@H]1C2,-55.6279
CC(C)(O)C(C)(C)CO,-115.5661
O[C@@H](C1CC1)C(=O)C#C,4.3473
Nc1cc(N)c(O)o1,-43.8679
O[C@H]1[C@H]2[C@H]3C[C@]1(O)CN23,-33.6065
C[C@]12COC=N[C@H]1[C@H]2O,-37.2548
C[C@H]1[C@H]2CN3[C@H]2[C@]13CO,37.5029
CCN(C)C[C@@H](N)C#N,19.7753
C[C@]1(C[C]([NH])O1)C#N,15.1417
COC[C@]12CC=C[C@H]1N2,12.2262
C1CC1O[C@H]1[C@H]2CO[C@@H]12,5.814
C[C@H]1N[C@H]1[C@H]1CNC1=O,0.4206
C[C@H]1C[C@@H](CC(=O)N)C1,-51.5155
C[C@H]1[C@@H](OCC1=O)C=O,-99.5298
O=C[C@H]1N[C@H]2CC(=O)[C@@H]12,-5.1352
OC[C@H]1C=CC[C@H]2O[C@@H]12,-39.1465
OC[C@H]1CC(=O)CC1=O,-112.1735
C[C@@H](O)[C@H]1C[C@@]2(C)O[C@@H]12,-50.1591
[NH][C@H]1OC=C(O1)C#N,-2.0911
CC1=C[C@@H](O)C(=O)[C@H]1O,-96.8359
C[C@]12N[C@H]1C(=O)CC=C2,10.2638
N[C@@]1(C#N)[C@H]2OC[C@@]12O,19.6091
C1O[C@@H]2[C@H]3CC=C[C@@H]2[C@@H]13,19.7489
C[C@H]1[C@H]2OC[C@@H](C#N)[C@@H]12,18.6718
CC[C@@]12CC=C[C@]1(C)N2,32.858
CO[C@@]12CC[C@@H](C1)C=C2,-9.1641
C[C@@]12CO[C@@H]([C@H]1O)[C@H]2O,-89.3057
N#CCCCC[C@H]1CO1,-4.5189
C[C@H]1[C@@H](O)C[C@H]2C[C@@]12O,-68.2383
C[C@H]1CC=C[C@H]2CC[C@@H]12,17.6933
C[C@]12CN1[C@H]1CO[C@@]21C,36.0251
CC1=C[C@@H](C[C@H]1O)C#C,26.9295
CC[C@H]1CC(=O)C=C1N,-41.2841
[NH][C]1O[C@H]2C[C@@H]3[C@H]2O[C@H]13,0.3015
C1N[C@H]1c1nccnn1,101.573
N#C[C@H]1C[C@H]2C[C@H]3[C@@H]1N23,90.5601
C[C@H]1O[C@H]2[C@@H]1CC12CC1,16.843
O=CC1=C[C@H]2OC[C@H]2C1,-24.8325
CC1=C[C@@H]2C[C@H]1C2=NO,64.7869
O=CNC(=O)NCC#C,-24.4647
C[C@H]1O[C@@]2(C)C[C@@]12C,-15.4335
C[C@H]1CC=CCNC1=O,-30.9684
COC[C@@]1(C)CN1C,-23.4815
C[C@]12N[C@H]1[C@@H](CO)C2=O,-22.1965
C[C@H]1C[C@@H](C#N)C(=O)C1,-16.283
C[C@@H](C#C)n1cccn1,91.0063
CCOC(CO)CO,-140.8855
C[C@@]1(O)[C@H]2[C@H]3[C@@H]1[N][CH]N23,48.6853
C1N2[C@@H]3[C@H]4C=C[C@@]13[C@@H]24,170.3092
CO[C@@]12C[C@@H](C1)[C@H]1N[C@@H]21,34.9182
O=C1[C@H]2O[C@H]2[C@H]1C1CC1,7.3606
[NH][C]1CN=C(CC#C)N1,90.6496
C[C@@]12C[C@@H](C1)[C@@H](O)C=C2,-9.4339
C[C@H]1CC[C@H]1[C@H]1CN1C,33.4876
N[C@@H](C#C)[C@@H](O)C#N,50.1003
Nc1nc(O)n[nH]c1=O,-48.8377
CN[C@H]1[C@H]2C[C@H]2OC1=O,-49.6092
C[C@@]12C[C@@](C)(O)[C@]1(C)O2,-59.2586
OC[C@H]1COC(=O)C=C1,-104.6635
CC(C)([C@H]1CN1)C(=O)N,-30.2921
O=C1C[C@@H]2[C@H]3C[C@@]12C=C3,94.4726
Nc1cn2CCCc2c1,29.8343
CC[C@H]1CCO[C]1[NH],-45.563
NC1(CC(=O)O)CCC1,-85.9645
C[C@@H](C#N)[C@]1(CO1)C#C,70.2687
OC[C@]12CN1CC2=O,-15.6918
Fc1ncn[nH]c1=O,-39.1857
N[C@@H](CO)C#CC#N,44.5173
C#CCC[C@]12C[C@H]1OC2,65.5772
N[C@@H](C#N)[C@@H](O)C1CC1,4.7353
C[C@H]1[C@@]2(C)CC=C[C@@]12C,18.7494
CC[C@H]1[C@H]2[C@H]3[C@@H]1[C@@H](C)N23,68.1969
CC[C@H]1[C@H]2[C@@H]3N[C@]3(C)[C@@H]12,61.9494
CC[C@@](C)(C#C)N1CC1,69.5121
Cn1cc(cc1N)C#N,51.188
CO[C@@]12[C@H]3O[C@@H]1CO[C@@H]23,-36.0114
O[C@@]12[C@@H]3[C@H]4[C@@H]3[C@H]3[C@@H]1[C@@H]2[C@@H]43,81.6507
CN1C=N[C@@H](C=O)C1=O,-46.9847
N1[C@H]2[C@H]3O[C@H]4[C@@H]1[C@@H]2O[C@@H]34,9.0321
O[C@H]1C[C@H]2C[C@@H](O)[C@@H]12,-44.7708
C[C@H]1[C@H]2[C@@H]3C[C@H]2[C@]13O,39.4389
C1N[C@H]1[C@]12O[C@H]1[C@H]1C[C@@H]21,87.9508
OC[C@@]1(CCC#C)CN1,37.7991
CO[C@@H](C)CC(C)(C)C,-83.5299
COc1ccc(N)o1,-46.4667
Cc1cc(C=O)ncn1,-1.4716
CC(=O)C#CCN1CC1,48.023
Nc1nc(no1)N(=O)=O,7.2102
C#CCCCC#CC#N,128.2843
CC#C[C@]1(CN1)C1CC1,94.4072
O=CN1CC(=O)NC1=O,-118.3683
Nc1nc(=O)[nH]nn1,19.5196
N[C@@H](C#N)[C@H]1C[C@H]1CO,10.5222
C1[C@H]2O[C@H]3C[C@H]3[C@@H]12,22.1986
CC#C[C@H]1CO[C@@H](C)C1,-3.1017
C[C@@]1(N)CO[C@H]1C#N,10.6194
C[C]1[C]2CO[C@H]2[C@H]2N[C@@H]12,59.6971
O[C@H]1C[C@H]2[C@@H]1[C@]2(O)C#C,28.3439
Cc1c(cno1)C#N,35.3938
CCN(CCO)CC=O,-76.4306
C1CC1n1ncnn1,86.334
C1CC2(C1)[C@H]1CO[C@@H]21,33.2912
O[C@H]1C[C@H]2O[C@]31CO[C@@H]23,7.0163
CC1(C)O[C@H]2C[C@@]12C#C,54.4226
OC[C@H]1CC[C@]21C[C@H]2O,-44.2913
O[C@H]1C[C@@H]2N[C@H]1[C@H]2C#N,31.6685
CCO[C@@]12[C@H]3C[C@@H]1C[C@@H]23,28.2317
C[C@H]1CC(=O)[C@]2(CN2)C1,-17.9934
Nc1c(OC=O)cn[nH]1,-30.3504
CC1=C(C)C2(CC2)CC1,15.3985
ON=C1C[C@H]2C[C@@]12C=O,19.2084
C[C@@]1(C2CC2)[C@H]2CO[C@@H]12,29.8545
CC[C@H]1N2C[C@@]1(C2)OC,22.7114
C[C@H]1[C@H]2C[C@H]2[C@]1(C)C#C,87.8425
O=C[C@]12C[C@@H]3[C@H]1N3C2=O,30.2054
CC(C)Oc1cnc[nH]1,-24.4294
CCc1c[nH]cc1NC,15.0365
O=c1[nH]cc2OCCn12,-46.7802
C[C@H]1[C@@H]2N1CC(=O)C2=O,-19.8943
C1[C@H]2[N][C]3OC[C@H]3[C@@H]12,49.7447
C[C@H]1[C@H]2[C@@H]3[C@H]2N2[C@@H]3[C@@]12C,83.1748
CC[C@@H](C=O)C#CC#N,43.1157
NC1=NCC(=O)C[C@H]1O,-58.6732
CC[C@H]1C(=O)NC21CC2,-13.0894
COC(=O)C1(CO)CC1,-117.4884
C[C@]1(CO1)[C@]1(CN1)C#C,73.8707
CC1=C[C@H]2C[C@@H](C1)[C@H]2O,-14.2789
CCCc1cc(C)n[nH]1,7.4819
CC[C@H]1N2C[C@H]2C1=O,14.29
O=CC1=CC=CCCC1,-9.8978
C[C@@]1(O)[C@H]2C[C@@H]1O2,-18.7368
OCC[C@]1(CN1)[C@H]1CN1,19.0872
CNC[C@@H](C#N)C(=O)N,-20.883
C[C@]12N[C@H]1[C@@]1(C)[C@@H](O)[C@@H]21,43.2797
C[C@H]1O[C@@]23CN(C2)[C@@H]13,109.0602
CN=c1[nH]c(C)c(C)o1,-25.9097
N[C@H]1COC[C@]1(O)C#N,-38.2967
CC#Cc1nc(C)no1,49.206
C[C@H]1OC(=O)[C@H]2NC[C@@H]12,-55.0202
C[C@@H](O)c1cnno1,-21.8938
C1C[C@@H]2[C@H]3OCC[C@@]23C1,-14.7759
C[C@H]1[C@H]2C[C@H]3OC[C@@]13O2,10.0133
CC[C@]12N[C@H]1[C@H]1O[C@@]21C,51.3018
N#C[C@H]1Cc2cccn12,99.1538
CC[C@]12C[C@H]1OC2=NC,10.6085
CC1=C[C@@H]2O[C@H]1CCO2,-53.1813
NC(=O)[C@H]1[C@H]2[C@@H](O)CN12,-23.1813
O=C[C@]12C[C@H]3[C@H](N13)C2=O,30.0836
C[C@H]1[C@H]2C=CC[C@@]12O,-2.4335
CNC(=O)[C@H]1CC[C@H]1C,-47.6124
C[C@@]1(O)C[C@@](C)(CO)C1,-88.1214
C[C@H]1C[C@H]2[C@@H](CC#C)[C@@H]12,91.6044
COCC[C@H]1CN1C,-19.6838
CC[C@H]1O[C@H]1C#N,5.9634
O=C[C@H]1OC[C@@H](O1)C#N,-57.3998
OC[C@]12C[C@H]1[C@@H](O)CC2,-65.7251
C[C@H]1[C@@H]2[C@H]3N2[C]([NH])[C@@]13O,57.9285
CC[C@H]1[C@H]2C[C@@H]3O[C@H]2[C@H]13,15.1864
C[C@H]1CCC[C@@]2(O)C[C@@H]12,-38.6262
C[C@H]1C=C(C)[C@H]2N[C@@H]12,39.4844
C[C@H]1C[C@H]1NC(=O)C#C,31.3381
C[C@H]1C[C@@]23CN([C@H]2C)[C@@H]13,127.5655
C[C@@]1(O)CC[C@H]1CC#C,15.7324
[NH][CH]OCC(=O)C#C,8.7351
CO[C@@H](C#N)C1(O)CC1,-29.1392
C[C@@H](O)[C@@]1(C)CN=CO1,-80.9017
CC[C@@]1(C)CN2[C@@H](C)[C@@H]12,32.402
CC1(CC1)c1ccco1,-0.322
C[C@H]1[C@H]2C[C@@]2(O)[C@H]1C,-12.7126
O[C@H]1C=CCCC=C1,-5.7273
CC[C@@]1(O)C[C@H]1O,-72.6749
CCC1=NCCC(=O)O1,-82.5397
CC(C)C1=C[C@@H]2C[C@H]1O2,16.203
CC1(CC1)[C@H]1C[C@H]1C#N,59.1311
C1CC1[C@H]1CCCO1,-26.6452
Nc1coc(CC=O)n1,-40.9017
OC[C@]12C[C@@H](O)[C@H]1[C@H]2O,-78.8633
CC(C)(C)OC[C@H]1CN1,-33.1406
NC(=O)[C@@H](CO)C1CC1,-74.9554
COC(=O)NC[C@H]1CO1,-111.9327
CCC(=O)CC#CC#N,35.5611
C[C@]12C[C@H]1O[C@@H](C2)C#N,16.0382
Cn1cc2ocnc2c1,23.8245
[NH][C]1OCO[C@H]2C[C@H]2O1,-63.1044
CN[C@]1(C[C@H]1N)C#N,54.0741
CCO[C@@H](CO)CCO,-143.3961
O=CCC(=O)[C@H]1CCO1,-79.2713
C[C@@]12CC[C@@H](C1)O[C]2[NH],-33.2802
Cc1cc2c(CCN2)o1,2.2104
C1C[C@H]2O[C@@H](O1)C=C2,-42.9926
O=C1C[C@@H]2C[C@H]1O2,-31.5356
OC[C@H]1CC=C(C1)C#C,26.7419
OC(=O)C[C@H]1CN1[C]N,-27.3316
CC[C@H]1[C@@]2(C)CC[C@@]12O,-19.7695
CC#CC#CC(=NO)C,89.9944
C1O[C@]21[C@H]1O[C@H]1[C@H]1O[C@@H]21,-13.681
OC[C@@H](O)[C@H]1C[C@H]1C=O,-97.1891
O=C1CCCC(=O)C1=O,-84.86
CC(C)c1ncncn1,20.9968
C[C@@H](C#C)N1C[C@H]1C,75.3516
CN(C)[C@H]1CO[C@H]1CO,-57.1278
NC1=NOC(=N[C]1N)[NH],34.595
ON=C1C[C@@H](C1)N1CC1,52.7448
CN1[C@@H](CO)C21CCC2,2.6292
C#C[C@H]1O[C@H]2CC=C[C@@H]12,66.2836
O[C@@]12C[C@]3(N[C@@H]1[C@@H]23)C#N,88.9632
CC1=CC[C@H]2COC[C@@H]12,-26.2681
N=C(NC(=O)C=O)C#C,18.5541
Cn1cnn2ncnc12,83.4597
NC(=O)Nc1ccc[nH]1,-26.6004
C1C=C[C@@]23[C@H]4[C@@H]2N2[C@H]4[C@]132,187.4747
C(N1CC1)c1cocc1,26.2007
C[C@@]12[C@H]3CN1[C]([NH])[C@@]23O,64.6868
CCC(=NO)CCC=O,-49.6511
NC(=O)C[C@H]1C[C@H]1O,-71.1246
CCN1C[C@]1(CN)C#N,53.2691
C[C@@]12[C@H]3[C@@H]1[C@]1(C)C[C@H]3[C@H]21,86.7795
O[C@H]1C[C@@H](C#C)N2C[C@@H]12,57.5749
CCNC1=NO[C@@H]([NH])N1,5.1025
C1[C@@]23CCO[C@@]12[C@H]1N[C@@H]31,82.2235
C[C@@]1(CO)C[C@H]1C(=O)N,-81.7589
O[C@@]12[C@H]3C[C@@H]1N[C@@]23C=O,23.323
NC1=NCc2n[nH]nc12,82.3979
CO[C@@](C)(CO)[C@H]1CO1,-98.9466
O=C1O[C@@H](C#C)C21CC2,18.7461
CCN(C=N)C(=N)C#N,52.9355
Nc1ncc(CC=O)o1,-44.4521
C[C@]12CN1[C@@H](CO)C2=O,-23.1816
CCc1cn(C)nc1N,18.7486
CO[C@@H](C)C1(O)CCC1,-80.8009
O=C[C@H]1[C@H]2[C@H]3[C@@H]1CN23,63.245
C[C@H]1O[C@H]2C[C@]3(O)[C@H]2[C@H]13,-28.6457
COC[C@]1(CO1)C#N,-18.3888
CC(=O)CCC(C)(C)O,-113.8744
O[C@H]1CCOC(=O)NC1,-129.1409
CO[C@H]1COCC=C1C,-66.3175
C[C@H]1[C@@H]2O[C@@H](C=C2)C1=O,-31.1741
N#C[C@H]1C[C@]2(CO2)C=C1,39.4354
O=C[C@]12N[C@H]1CCC=C2,18.0669
CC1(CC1)[C@@H](O)CC#C,21.636
N#C[C@H]1NCC21CC2,80.6217
C[C@@H](O)C#CCC(=O)C,-39.0492
O=C[C]1[C]2C[C@H]3[C@@H](C1)N23,97.0891
C[C@]12[C@H]3OC[C@H]([C@@H]13)[C@H]2O,-27.7101
CCC(=O)[C@@]1(CO)CO1,-102.1596
CC(C)[C@H]1CO[C]([NH])C1,-51.6404
C#C[C@]12CN1C=NCC2,117.3379
CO[C@@H](CO)[C@H]1CN1,-52.0438
[O]C(=O)C1=CN[C@H](N)N1,-40.8461
C[C@@]1(O)C=C[C@@H](O)[C@H]1O,-106.7818
CO[C@@]1(C)[C@H]2[C@H]3CN3[C@@H]12,62.7376
C[C@H]1[C@@H](NC=O)[C@]1(C)O,-74.0631
CCOC(=O)NC(=O)C,-152.4572
O=C1NCC=C[C@H]2O[C@@H]12,-26.2296
C[C@@]12CC[C@]1(O)CC2=O,-44.7558
O[C@H]1C[C@@H](CC#C)C1,24.1597
N[C@H]1[C@@H](O)COC1=O,-123.3095
C[C@@]12[C@H]3C[C@@H]1C[C@@]23C=O,32.3901
CO[C@H]1[C@H]2C[C@]1(C)[C@H]2O,-32.9101
C#C[C@]12CN1[C@@H](C2)C#N,150.6936
CCO[C@H]1O[C@@H](C)C=C1,-75.7722
CN(C)c1c(O)nn[nH]1,15.4118
CCC#C[C@H]1C[C@@H](C)O1,13.1941
NC1=COC(=O)[C]([NH])O1,-68.8735
C[C@H]1N[C@H]1c1nocn1,39.1224
CC1(C)C[C@]2(O[C@@H]12)C#N,28.8387
OCC(CO)[C@H]1CN1,-56.4941
O=C[C@H]1C[C@@H](CC#N)C1,7.2568
O[C@H]1C[CH][C]2CC[C@@]12O,-29.1578
O[C@]12CO[C@H]1[C@H]2C#C,40.4403
OC[C@H]1CCCCO1,-97.7024
Cc1c(F)oc(=O)cn1,-98.4853
CNC1=NCC(=O)N1C,-36.0418
CC[C@]1(C[C@H]2CN12)C#N,78.0126
o1ncn2ccnc12,53.361
CN1C[C@@H](C#N)C(=O)C1,7.9355
O[C@@H](C#N)c1ncno1,14.561
C[C@@]12[C@@H](O)[C@H]3[C@@H]1C[C@@H]23,39.85
C[C@H]1CCCC21CCC2,-4.8254
[NH][C]1OCCN[C@H]1C#C,47.0212
O[C@@H](C#N)C1(O)CNC1,-23.6952
OCCn1cncc1O,-52.5864
O[C@@]12C[C@]3(C1)CCC[C@@H]23,22.9738
CCC(=O)[C@@H](C)CO,-102.6741
CNC1=C(CCC1)C=O,-27.728
C[C@H]1CNC(=O)C(=O)O1,-122.1581
CN1[C@H]2C[C@@](O)(C#N)[C@@H]12,50.8458
CCC(C)(C)CO,-76.8138
O=C1CCC2=NCCN12,-24.4534
C[C@H]1[C@@]2(O)CC[C@@]12C=O,-38.2931
CCCO[C@H]1[C@@H](C)[C@H]1C,-48.5865
Oc1noc(=O)c(=O)o1,-136.9486
CN1[C@H]([NH])OCC=C1[NH],0.5162
C[C@H]1[C@@H]2C[C@@H](C2)C[C@H]1O,-32.2601
C1CC1Nc1c[nH]cc1,54.6899
CC1(C)CC(=O)[C@]21CN2,3.0463
C[C@@]1(O)Cn2nccc12,29.9171
NC(=O)[C@H]1OC[C@H]1C=O,-85.0189
O[C@H]1[C@H]2C[C@]1(C)C12CC1,32.7856
CO[C@H]1C[C@H]1OC(=O)N,-107.9047
CC1=C(C[C@@H](O)C1)C#N,-8.4014
C[C]([NH])O[C@H]1[C@H]2CC[C@@H]12,7.3065
O[C@H]1CN=CN(C1)C=O,-61.0848
CN=C1OCOCC1=O,-84.793
CC#C[C@H]1C[C@H]2CC[C@@H]12,80.5263
O=C1C[C@H]2CC=C[C@@H]12,4.1044
C[C@H]1CC(=O)C[C@]1(C)O,-96.1794
O[C@]12C[C@H]1[C@@H](OC2)C=O,-74.4928
C[C@H]1[C@H]2[C@@H](O)[C@@H](O)[C@@]12O,-79.1218
C[C@@]12C[C@]1(C)[C@H]1N[C@@H]21,67.2254
C[C@H]1OCC=C[C@]21CN2,8.0313
OC[C@H]1[C@H]2C(=O)C[C@@]12O,-65.8131
CC(C)(O)[C@]12CN1CC2,-6.7596
O=C1NC=C[C@H]2OC[C@@H]12,-34.7876
C[C@]12[CH][C]3C[C@@H]4[C@H]3[C@H]1N24,148.2034
CO[C@]12C[C@H]1[C@H]1C[C@@]21O,14.0074
OC[C@H]1C[C@@H](C=C1)C#C,34.5092
C[C@H]1[C@@H](O)C[C@H]1CO,-76.7141
C1C[C@H]2[C@@H]1[C@]12CC=CC1,62.0481
C[C@@H](O)[C@H]1CCC=C1C,-47.3692
CN1CC(=O)[C@@]2(O)C[C@@H]12,-39.2453
C[C@H]1CN1C[C@H]1CO1,11.1776
Oc1cnc(nc1)C#C,59.2555
Cc1noc(N)n1,-5.9058
C[C@@H](O)[C@H]1C[C@@H](N1)C#N,3.9246
C#CCC#CC#N,143.0557
CCC[C@H]1CCC21CC2,12.6344
C1C[C@@]23C[C@@H]([C@H]4O[C@@H]24)[C@H]13,71.979
O=C1C[C@@]2(CC#C)N[C@@H]12,84.1172
C1N[C@H]1[C@H]1O[C@H]2C[C@H]2O1,-6.5282
CO[C@H]1C[C@H]2OC[C@@]12C,-42.7865
CC1=CC[C@@H](O)C(=O)N1,-80.6176
CNCC(=O)OCC=O,-116.5217
O=C1[C@H]2[C@H]3N1C[C@@]23C#N,95.0361
O[C@@]12CN3[C@H]4C[C@@H]1[C@H]4[C@@H]23,75.0931
O=c1[nH]cc([nH]1)N1CC1,9.2837
O=C1OC[C@H]1[C@H]1CN1,-32.9809
CN1CCO[C@@]2(C)C[C@@H]12,-13.8204
C[C@H]1O[C@H]1[C@H]1NC1(C)C,-7.3463
OC[C@@]12[C@H]3CO[C@@H]1CN23,-8.1842
C1COC=NC1,-27.8756
OC[C@H]1[C@@H](O)C[C@H]1C#N,-39.7109
FC(F)(F)[C@H]1COC=N1,-192.2635
C[C@@]12C[C@@H](O1)[C@]12CCO1,2.913
O=C1C[C@H]2[C@@H]3C[C@@H](O3)[C@@H]12,-11.3743
C[C@]12N[C@H]1[C@@H](C=C2)C#N,81.7976
O=C1[C@H]2O[C@H]2[C@H]1C#C,51.1298
OC[C@H]1[C@H]2N[C@H]2C21CC2,40.5626
CC[C@@H](O)[C@@H](C)C1CC1,-51.3507
O[C@H]1[C@H]2[C@@H]3CC=C[C@H]2[C@H]13,38.5836
OC[C@H]1CO[C@@H](CO)C1,-127.064
C1[C@H]2N1Cc1c2cc[nH]1,78.4128
C[C@@H](C#N)c1ncno1,38.1145
C[C@H]1C[N][C]2NC[C@@]12O,13.7144
COc1c(O)nc(N)o1,-88.1448
O[C@H]1[C]([NH])OC21CC2,-21.3839
C[C@H]1N2[C@@H](C[C@@]12C)C#N,72.7434
C1[C@H]2N[C@@H]3CO[C@H]2O[C@H]13,-39.362
C[C@H]1C[C@@]2(O1)[C@H]1CO[C@@H]21,-2.8237
CN=C1C[C@@H](C)C(=O)N1,-44.4313
C[C@@]12[C@@H]3C[C@@H](O[C@H]13)C2=O,-31.319
C[C@@]12C[C@@H](C1)C=CC=C2,46.6025
CC1(C)NCCNC1=O,-53.5458
CC#C[C@@]1(C)CO[C]1[NH],32.6986
C1[C@@H]2N[C@@]32C[C@H]1CC=C3,73.0298
CCC#CC[C@H]1C[C@H]1C,46.5123
CC(=O)[C@H]1C[C@H]2CN12,16.6281
[NH]C1=C[CH]C(=O)OC=N1,-16.8406
N#CC1=C[C@H]2C[C@@H](C1)O2,39.0143
C[C@@H](O)[C@@H](CO)C#N,-69.0319
COC(=O)C(=O)C,-125.244
C[C@H]1[C@@H](OC1=O)C1CC1,-59.1232
CC#C[C@@H](N)C(=O)N,-0.3401
CN1CC(=O)[C@H]2C[C@@]12C,-11.4874
CC(C)C[C@]1(CN1)C#C,65.2149
NC(=N)NC(=O)C#C,22.5812
ON=C1CC[C@H]1CC=O,-14.3005
OC[C@@]12CN3C[C@@H]1[C@@H]23,53.4497
[NH][C]1C=NOC=N[C]1[NH],85.3287
O[C@H]1CCc2conc12,-16.8345
O=C(OCC#C)N1CC1,3.7622
O=C1NCCC[C@H]2N[C@@H]12,-11.7619
CO[C@@]12C[C@@H](C1)O[C]2[NH],-30.7456
CC[C@H]1CNC(=O)C1,-62.5422
Cn1cc2ocnc2n1,37.6451
CN(C=O)[C@H]1CNC1=O,-62.2488
C[C@]12C[C@H]1C[C]([NH])O2,-12.5141
[NH]C1=C[CH]COCCO1,-35.7155
O[C@H]1C[C@@H]2O[C@H]1[C@H]2C=O,-68.138
Cn1cnc(c1)C1CC1,41.6032
C[C@@]12[C@H]3C[C@H]3[C@H]3[C@@H]1O[C@@H]23,62.0299
C[C@H]1CO[C@H]2C[C@@H]3[C@H]2N13,22.2268
CCO[C@H]1C[C@H]2CO[C@@H]12,-39.9169
O[C@@H]1C=C([NH])OC=C1,-36.9488
O[C@H]1[C@H]2N[C@@H]1[C@H]1O[C@@H]21,8.7014
CCC(=O)N1CC[C]1[NH],-27.5237
CN=COCC(=O)C#N,-15.741
CCNC(=O)CC#C,-5.38
C1CC21[C@H]1[C@H]3C[C@@H]2C[C@@H]13,49.8832
O[C@@H](C=O)[C@@]1(O)C[C@H]1O,-128.0744
C[C@H]1O[C@]2(C[C@H]2O)[C@H]1O,-79.6445
OC[C@H]1CCOC=NC1,-64.7747
CCCN1CC21COC2,4.1923
NC(=O)N1CC(C1)C#C,28.8654
C[C@H]1N[C@H]1C#CCO,38.065
O=C1CCC(=CN1)C#N,-2.598
C[C@]12COC3(CC3)[C@H]1N2,11.6363
CC#C[C@H]1CN1C=O,42.9921
OC[C@H]1OC[C@H]1[C@H]1CO1,-71.0935
CC1=C(C)CC(C)(C)C1,-22.5506
C[C@]1(O[C@]1(C)C#N)C#C,66.4584
C[C@H]1[C@@H]2[C@H]3[C@@H]2N2C[C@@H]1[C@@H]32,89.2848
CC[C@H]1COC(=O)CN1,-88.103
C[C@H]1C[C@@H](O)C(=C1)CO,-74.9326
CC#CC[C@@H](C=O)C#C,71.8854
C[C@@H](O)[C@@H](C)C(C)(C)O,-123.5311
C[C@H]1CN(C)C1=O,-40.4903
O[C@H]1C(=O)NC=CC1=O,-94.5371
O=C1C[C@H]2[C@@H](O1)[C@H]1CN21,-15.8788
C[C](N[O])[C@@H](O)C(=N)N,-30.4806
c1nn2nccnc2c1,95.9918
C1CC21[C@H]1[C@H]3CC[C@@H]2[C@@H]13,70.0281
O=C[C@@]12C[C@H]3[C@H]4[C@@H]1N4[C@@H]23,91.8042
C1CC2(C1)[C@H]1[C@H]3[C@@H]2CN13,105.3095
CC[C@H]1OC[C@]21C[C@H]2O,-45.2231
CN(C=O)[C@H]1CC[C@H]1O,-69.2552
O[C@@]12CN(C1)[C@H]2CC=O,4.9
CC(C)C(=O)[C@H]1CN1,-26.0186
OC[C@@]1(O)CCC[C@H]1O,-133.4019
CC[C@H]1O[C@@H]2[C@H]1CC2=O,-35.5163
N#Cc1nn2CCc2c1,107.04
O=CO[C@@H](CC#C)C#N,13.2287
CC1(C)C=C[C@@H]2C[C@H]1C2,23.8065
O[C@@H](C=O)[C@@]12C[C@@H](C1)O2,-40.4931
O=CN1C[C@H]1CCC#N,16.8549
C1N[C@H]1c1ncc[nH]1,56.0795
OCCCc1n[nH]nc1,-0.8517
N#C[C@H]1[C@H]2[C@@H]1[C@@H]1C[C@H]2C1,91.8951
CCc1nc(CO)no1,-46.1375
NC[C]1N[N]N=NC1=O,64.7079
O=C1OC=NC[C@H]2O[C@@H]12,-59.2322
CCCC(=O)O[CH][NH],-89.296
Cc1c(cco1)C#N,10.1092
C[C@H]1OC(C)(C)[C@H]1CO,-87.7939
Cc1nnc2[nH]ccn12,67.6737
O=C1CN2C[C@@]12CC#C,82.347
O=C[C@H]1[C@H]2OC(=O)O[C@@H]12,-113.0138
C[C@@]12C[C@H]3C=C[C@@H]1CN23,80.4294
CN1CC(=NO)[C@H]1C#C,93.0854
NC(=O)C1CCCCC1,-71.4558
C[C@H]1OC2(CC2)[C@H]1C#N,27.019
O[C@H]1CO[C@H]1CCC#N,-36.7691
C1O[C@]21C=C[C@H]1OC[C@@H]21,-0.2548
O[C@H]1C=C(C#C)[C@H]2O[C@@H]12,34.9371
O=c1occc(=O)cn1,-56.5202
[NH][C]1CN[C@@H]2C[C@@H](C2)O1,6.311
C[C@H]1CN1c1nonc1,66.0294
C[C@@]12C[C@]1(C)[C@@]1(C)O[C@@H]21,13.7695
Nc1c2NCCn2cc1,48.2991
OC1=C(NN=CC1)[NH],21.1103
O=c1onnn1CC#N,25.288
OC[C@H]1C(=O)C[C@]21CO2,-66.2097
C[C@H]1N2[C@H]3C=C[C@]1(C)[C@@H]23,77.5799
C[C@]12C[C@H]1[C@H]1OC(=O)[C@@H]21,-14.6662
C1N[C@]21COC[C@H]1O[C@@H]21,-11.8244
CN1C[C@H]2O[C@@H](C#N)[C@@H]12,51.0115
C[C@H]1OC(=O)[C@H]2OC[C@@H]12,-95.9969
COC=N[C@H]1CCOC1,-62.0093
CC[C]1C=C([NH])NC1=O,-23.4908
CC1=C[C@@]2(O)C[C@H]2C1=O,-34.0123
C[C@H]1O[C@H]2C[C@@H](O1)[C@H]2O,-91.5772
C[C@@](N)(C#C)C(F)(F)F,-122.7323
OC[C@]12C[C@H]1NC2=O,-28.3135
C1[C@H]2[C@@H]1[C@@H]1[C@H]2OC21CC2,64.2946
Fc1cc(=O)oc(F)n1,-157.3706
CC[C@@]1(CO)C[C@@H](C)O1,-90.4922
CC[C@]1(O[C@H]2C[C@@H]12)C#C,63.7969
C[C@@H](C#C)[C@H]1O[C@H]2C[C@@H]12,63.7223
CC#Cc1n[nH]nc1O,57.012
CNc1nc(N)nn1C,25.2164
C[C@@]1(O)CC[C@H]2CO[C@@H]12,-70.7923
C[C@H]1CC[C@H]2O[C@@H]3[C@H]2[C@H]13,4.1215
N#CCCn1cncn1,63.4926
O=C[C@]12C[C@H]1[C@@H](C2)C#C,70.1045
O[C@H]1[C@H]2OC3(CC3)[C@@]12O,-32.8864
C[C@H]1[C@@H](C)N1C,12.2656
[C@@H]12[C][C@@H]3N4[C@H]2[C@@H]2[C@H]1[C@H]3[C@H]42,217.8199
O[C@H]1C[C@H]2CN2[C@H]1C=O,-34.6958
CCOC[C@]12CC[C@H]1N2,-0.2762
C[C@H]1C[C@@](C)(CO)CO1,-99.005
CC1=C[C@H]2N[C@H]2[C@H]2N[C@@H]12,82.9028
CC1=C[C@@H](CO)OC1,-69.0435
COCc1c(N)nc[nH]1,-14.1794
C[C@H]1CC=C[C@H]1CC#N,33.2978
O=C[C@H]1[C@H]2C[C@H]3O[C@@H]1[C@@H]23,7.6405
C[C@H]1C=CC[C@@H]2C[C@H]1C2,20.9256
CC[C@@H](O)C1(CC)CC1,-52.8215
C[C@@]1(O)C[C@H]1CCC#C,19.8124
NCc1nc(co1)C#C,48.3282
CCN(C)C(=O)C(=O)N,-104.1086
O=CC(CC#C)CC#C,79.1193
CN.[CH2]C1=CC(=O)[CH]O1,-13.1289
C[C@H]1CC[C@H]2O[C@H]2C1,-35.2961
CC[C@]12OC[C@H]1[C@H]2O,-38.1857
O[C@@]12[C@H]3O[C@@H]1[C@@H](C#N)[C@@H]23,48.9616
CN1[C@H]([NH])OC(=C1C)O,-56.8064
C[C@H]1C(=O)CC[C@]21CN2,-12.8748
CC[C@@]12C[C@@H](C1)N2C=O,19.2637
CC#Cc1nc(N)c[nH]1,72.1569
CCCC[C@@H](CC)OC,-83.2349
CN1[C@@H](CC#C)[C@H]1C=O,57.7782
CC1=CC(=O)[C@H]2N[C@@H]12,18.6686
NC(=O)NC(=O)CCO,-137.1544
C[C@H]1OCC[C@H]1CCO,-95.58
N#C[C@]12CC[C@H]1C=CC2,64.3895
CN1[C@H]2[C@]3(C)C[C@@]2(C)[C@H]13,84.9671
C1=C[C@@]23C=C[C@H]4[C@@H]2[C@@H]1[C@@H]34,143.8405
CC[C@]1(C[C@@H](C)N1)C#N,32.8214
CC#C[C@]12C[C@H]1OC=N2,60.883
O=C1C[C@@H](CCN1)C#N,-20.6771
CC[C@@]12CC[C@@H](O1)[C@H]2O,-62.3824
CO[C@H]1[C@@H](O)C21CCC2,-38.5527
CN1C[C@@H]2O[C@H]3[C@@H](O2)[C@@H]13,-21.2194
O=CO[C@]12C[C@H]1OC2=O,-95.8125
C[C@@](O)(CO)C#CCO,-78.2289
CC[C@H]1C[C@@H](O)[C@H]1O,-82.4344
C[C@H]1C[C@H]1[C@H]1CC[C@H]1C,13.3981
N#C[C@@]12CO[C]1[N]CC2,54.1558
Nc1cnnn1CC=O,26.3956
C[C@H]1OCCC[C@H]1C#N,-28.0336
CC[C@H]1[C@H]2O[C@@H]3[C@H]2[C@]13C,27.554
C[C@@H](CCCCO)C#N,-40.6495
NC(=O)Nc1n[nH]nc1,0.478
C[C@H]1C=C[C@H]2CCC=C12,34.6955
C[C@H]1O[C@]1(C#C)C1CC1,54.8825
OC[C@@H](C=O)C1CC1,-56.5071
O[C@H]1[C@H]2C[C@@]2(O)C1=O,-63.6671
C1[C@H]2C=C[C@H]3C=C[C@@H]1N23,81.2783
O=CC#C[C@H]1CCCO1,-8.703
CC[C@@]12CO[C@@H](C1)OC2,-78.4542
CC#C[C@]1(C[C@H]1N)C#N,102.7828
C#C[C]1[C]2CO[C@H]2CC1,76.8873
O=C[C@H]1C[C@]21CC(=O)O2,-69.3179
C[C@H]1C[C@@H](CC#N)N1C,32.064
CN1[C@H]2C[C@@H]1[C]([NH])OC2,9.1643
O=C1NCC2=C1CCN2,-11.3667
Oc1noc2ncnn12,25.2271
O=CNCCN1CC1,-15.5458
CCOc1nocc1,-34.7455
CO[C@H]1CC(=O)[C@H]1C#C,6.9421
O=C1OC[C@H]2N=CO[C@@H]12,-88.6542
N#C[C@H]1[C@H]2[C@@H]3C=C[C@H]2N13,151.778
CCC#CC(=O)[C@H]1CO1,1.1182
CC[C@H]1C[C@H]1C(C)(C)O,-54.7555
C[C@@H](O[CH][NH])C#CC#N,58.0219
CC(=O)n1ccc(N)n1,-12.644
O=C1CN[C@@H]2C[C@@H](C2)O1,-47.2128
CN1[C@H]2C[C@@H]1C(=O)CC2,-4.8571
CO[C@H]1C[C@@]2(C)[C@@H](O)[C@@H]12,-46.2598
[NH][C]1C[C@H]2COC[C@H]2O1,-61.0933
CN1C[C@@H]2[C@H]1C(=O)N2C,5.2066
CCc1cc(co1)C#C,33.2057
[NH][C]1O[C@@H]2[C@H]3N4C[C@]13[C@H]24,120.0926
C1CC21[C@H]1CO[C@@H]2C=C1,28.8296
CC(C)N=C1COCO1,-75.6388
O[C@H]1CCc2c1cco2,-41.3253
O[C@H]1C[C@H]1c1cocc1,-23.5724
CC[C@H]1[C@@H](C)[C@@H](O)C1=O,-76.6061
C[C@H]1[C@H]2O[C@H]2[C@H]2C[C@@]12O,-29.5688
CCCC(=O)N(C)C=O,-105.8772
C1[C@H]2N[C@H]2c2c1[nH]cc2,74.6277
C[C@H]1[C@H]2CC[C@@H]1[C@]12CO1,7.95
CC[C@@]1(O)CCC[C@H]1O,-103.8989
C1O[C@]23CO[C@@H]4[C@H]2C[C@]134,62.6631
C[C@H]1CC(=O)[C]([NH])O1,-62.5166
CC[C@H]1O[C@@H](C)C=C1C,-49.2311
O=CNC[C@H]1CCC1=O,-65.3911
C[C@H]1C[C@]21N(C)CC2=O,8.9249
C[C@@]1(O)[C@H]2C[C@]1(CO)C2,-33.9418
CNC(=O)NC1(C)CC1,-43.825
C[C@H]1[C@H]2[C@]1(C)CC2(C)C,8.7018
CC(C)c1cnc(C)o1,-41.6976
OC1=CC=CN=C[C]1[NH],36.5103
O[C@H]1[C@H]2CO[C@@]12C#N,13.0637
Cc1c2ncoc2no1,9.2193
CCN1C[C@]1(C)[C@@H](C)O,-38.086
C[C@@]12C[C@@](N1)(C=C2)C#N,103.6801
C1[C@H]2O[C@H]3CO[C@H](C3)[C@@H]12,-38.5359
C1[C@H]2CN1CCOCO2,-37.5151
C[C@]1(OC[C@H]2C[C@@H]12)C#C,39.0204
C[C@@]1(CC#CC=O)CN1,47.2448
C[C@H]1N=C(C)O[C@H]1C=O,-64.426
O[C@]1(C[C@@H](C1)C#N)C=O,-27.5336
[NH][C]1N=CON=CC1=O,38.0926
C[C@@](O)(CC1CC1)C=O,-65.6059
C#C[C@]12C[C@H]1OCOC2,11.8919
C[C@H]1C[C@H]2[C@@H]3[C@H]2N2[C@@H]3[C@@H]12,93.9071
CO[C@H]1[C@H]2COC[C@@H]1N2,-37.1493
O[C@H]1C=C[C@H]2O[C@@H]3[C@H]2[C@H]13,4.5406
C[C@@]1(OC=O)[C@H]2C[C@@H]1O2,-47.6912
C1[C@H]2OC[C@]31CCC[C@@H]23,0.7888
CCCC(=O)C(=O)C,-92.0248
O[C@H]1CN2C[C@@]12CC#C,71.5132
CC1(C)C[C@H]2O[C@@H]12,-5.4022
CCNc1conc1,10.9965
C[C@@H](O)[C@H]1C[C@]21CCO2,-46.3232
Cc1ncc(O)cc1F,-70.6
O[C@]12C[C@@H]3[C@H]1[C@H]2[C@H]3C#C,97.715
COC[C@H]1N[C@H]1C(=O)C,-51.24
OCCC1CCCC1,-62.154
OC1=CCC(=C([NH])O1)F,-86.7665
CC#C[C]([NH])OC=O,-13.7981
C[C@@]12O[C@H]3CC[C@@H]1C[C@@H]23,-3.4575
COc1c(N)n(C)cn1,-13.6861
C[C@H]1COCC(=C1)CO,-70.0719
CC#C[C@H]1[C@H]2[C@@H]3C[C@H]2N13,157.2546
Nc1c[nH]cc1O,-8.1138
OC[C@@H](O)[C@H]1O[C@H]1C#N,-60.43
C[C@@H](O)C(=O)C1COC1,-99.834
C1CC1O[C@H]1C[C@H]2O[C@@H]12,0.9602
COc1ccc(N)cc1,-18.4115
CC(C)(O)C1=CCOC1,-72.9007
C[C@H]1[C@H]2C[C@@H]1[C@]2(C)C#N,75.3629
C[C@H]1O[C@H]2C[C@@]2(C)[C@H]1O,-64.3528
CC(=O)[C@@H](CO)C#C,-30.3495
O=C1N[C@@]23CN4[C@@H]2[C@@H]1[C@@H]34,107.5676
C[C@H]1[C@@H](O)C=CC1=O,-60.8051
C1O[C@@]23C[C@@H](OCC2)[C@@H]13,28.9264
O[C@H]1C=C[C@@H](O)[C@]21CO2,-66.1821
OC[C@H]1[C@H]2C[C@H]2C1=O,-30.6394
O=C[C@H]1CC[C@H]1N1CC1,18.1618
CC(=O)NCCO,-102.4825
CCCc1conc1C,-14.3256
O=C1O[C@H]2CN[C@H]2C1=O,-65.2525
C[C@H]1C(=O)[C@H]2O[C@H]2C1=O,-70.2679
CC1(CC1)OC1COC1,-40.0669
CC1=C(OC=C(C1)F)[NH],-50.2154
C1[C@H]2CO[C@@]12C1COC1,-1.0146
C[C@H]1CC[C@]2(N[C@@H]12)C=O,-12.9269
C1O[C@H]1[C@@]12[C@H]3C[C@@H]1C[C@@H]23,62.6298
CCN=CO[C@H]1C[C@H]1O,-44.7371
COc1c(C)nc(O)o1,-99.4221
OC[C@@]1(O)C[C@H]2CN2C1,-49.0117
C[C@]1(CO1)[C@H]1C[C@H]1O,-42.3593
Cc1c(N)ncnc1N,11.3956
CCC#C[C@H]1COC=N1,26.5923
CN1[C]([NH])COC[C]1[NH],-10.3126
ON=C1COC[C@]21CO2,-35.12
C1[C@H]2O[C@@H]3[C@H]2OCC[C@H]13,-35.8658
CNc1c(C)cc(O)o1,-58.3008
CC1=C[C@H]2OC[CH][C]2C1,6.9709
O[C@@]12C[C@@H]3[C@H]4[C@@H]3[C@@H]1O[C@@H]24,-0.7656
O[C@H]1[C@H]2CO[C@@H]3C[C@H]2[C@H]13,-26.9251
C[C@H]1[C@H]2[C@@H](O)C(=O)CN12,-37.5384
C[C@@]12C[C@@](O)(C1)C[C@H]2O,-67.0768
C#CCC#CC#CC#N,195.26
CC[C@H]1[C@H]2N[C@H]2[C@H]2N[C@@H]12,64.2703
OCC(C=O)(C=O)C=O,-123.6832
OCC[C@H]1[C@H]2CN1C2,32.2864
Nc1c(O)c(O)c(N)o1,-81.0264
OC[C@H]1[C@@H](O)[C@H]2C[C@@]12O,-77.1389
C[C@H]1CN1C(=O)N1CC1,10.1457
C1CC1Nc1cocc1,20.3159
C[C@H]1NC(=O)[C@H]1O[CH][NH],-49.1313
COC1(CO)CC(=O)C1,-99.9852
N#C[C@H]1COC[C@]21CO2,-12.3836
O[C@H]1C[C@@H]2[C@H]3N4C[C@]13[C@H]24,90.9308
O=C1NCC=C[C@H]2N[C@@H]12,16.8399
CC1=C[C@@H](O)CN1C=O,-67.3451
C[C@H]1C(=O)C=CC1(C)C,-39.2758
C1O[C@]21[C@H]1[C@H]3C[CH][C]2[C@@H]13,118.2383
NC1=N[C@@H](CO)CC1=O,-65.2106
C[C@H]1[C@H]2O[C@H]2[C@H]1NC=O,-35.344
CC[C@]1(N[C@H]1C=O)C#C,48.9837
OC[C@H]1C[C@@H](O1)C=O,-89.9559
CCC(=O)C1CC1,-35.9864
[NH][C@@H]1NC=C(O1)C#N,29.4341
CO[C@H]1[C@H]2[C@@H]3[C@H]2[C@H]1[C@H]3O,-2.6216
[NH]C1=NCNC(=C1)C#C,105.2548
C[C@H]1[C@]2(CO2)C[C@]1(C)O,-52.9861
CCN(C=N)C(=O)OC,-93.9216
C[C@@](CO)(OC=O)C=O,-155.41
C[C@@]12C[C@@]3(O)CO[C@@H]1[C@@H]23,-27.9241
N#CC1=CCOC=NC1,37.577
O=C1CC2(COC2)O1,-79.7213
CC[C@H]1CC[C@H]2O[C@@]12C,-42.4665
Cc1c2CNCc2no1,25.4995
O=C[C@H]1CC21CCC2,2.0262
CC1=C[C@H]2C[C@@H](O)[C@H]2C1,-14.673
O[C@H]1[C@H]2C[C@@H]1C(=O)OC2,-97.2777
CC[C@H]1O[C@@H](CO)[C@H]1O,-115.1621
COC[C]([NH])OC,-72.3125
Cc1cnc2[nH]cnn12,64.9164
CN1CC(=O)OC[C]1[NH],-63.9983
CC[C@]1(CCN1)C#N,40.8961
CN1CC=C([NH])C(=N1)O,13.8645
O=c1nccc2CCn12,13.2284
Cc1ccnccc1=O,14.8803
C[C@H]1CN2[C@@H]1[C@H]2C(=O)C,10.8199
C[C@@H](C=O)c1ncno1,-23.2592
CC#CC1(CC#C)CC1,119.039
O=C(C#C)c1nonc1,75.9579
C1[C@H]2N[C@@H]1c1nocc21,85.2345
C[C@@H](O)[C@H]1COC=NC1,-73.4921
CCC[C@]1(C[C@H]1O)C#N,-7.8623
C[C@H]1NC(=O)[C@H]1C=O,-58.5181
CC[C@H]1[C@H]2[C@@H](O)[C@H]2[C@H]1O,-48.2747
NC(=O)[C@H]1CN[C@H]1C#N,13.0394
N#C[C@]12CO[C@H]1CO2,11.6869
O[C@@]12C[C@@]3(O)CO[C@@H]1[C@@H]23,-56.0459
O=C1C[C@]23CCN2[C@H]1C3,66.798
CC[C@@H](O)CCO,-107.799
O[C@H]1[C@H]2CC[C@@]12N1CC1,38.8269
Cn1cc(O)c(N)c1C,-20.1065
O[C@H]1CC2(CCC2)[C@H]1O,-52.3811
CCC#CC1OCCO1,-26.28
CC#C[C@H]1N[C@H]1CCO,30.7678
CCC1=NCC(=O)N1,-39.9202
N#CC1=CC[C@@H]2C[C@H]1O2,38.4966
Cc1cncc(N)c1,19.8016
Cc1cc(=O)nc(N)o1,-63.4198
OC[C@H]1[C@H]2C=C[C@@H]3[C@H]2N13,53.9711
C[C@@]1(CO)[C@H]2CC(=O)N12,-30.4275
C1[C@H]2[C@H]3CCCO[C@@H]1[C@@H]23,6.2005
O=C[C@@]12[C@H]3O[C@@H]4[C@@H]([C@H]14)[C@@H]23,31.5297
CCc1c(C)oc(N)n1,-38.6024
O=C1N[C@H]2CC[C@@H]12,-2.9962
O[C@@]12C[C@]1(CC#N)NC2,43.2429
C[C@@H](O)[C@]12CC=C[C@H]1N2,4.1294
CCC[C@]12CO[C@H]1CO2,-45.8845
C[C@H]1C[C@]1(CC#N)C#C,96.5971
O[C@H]1CN2C[C@@]12[C@H]1CN1,50.4488
C[C@@]12C[C@H]3CC[C@@H](C1)[C@@H]23,26.5192
N[C@]1(CNC1=O)[C@H]1CO1,-29.5417
C1CC21CCC2,29.6051
Cc1nn2CCNc2n1,41.3925
C[C@@H](CCO)OCCO,-143.3365
C[C@H]1O[C@@H](C#N)[C@H]1C,-2.4482
Nc1ccccc1,18.2367
CO[C@H]1COC(=O)[C@H]1N,-117.8313
CC[C@H]1[C@H]2CC[C@@H]12,26.6497
C[C@H]1[C@H]2O[C@@H]3[C@H]2[C@]13C,32.2872
C1[C@H]2N[C@H]3CO[C]3[N][C@@H]12,44.951
C[C@@H](O)CCN1C[C@H]1C,-35.5471
CC[C@@H](C)CCOC,-76.0651
CCOCC[C@@H](C)OC,-110.1356
O=N(=O)c1n[nH]cc1,30.0705
C1C[C@H]2O[C@@H](C1)C=C2,-15.2322
OCCC1(CC1)N1CC1,9.5073
CC[C@]1(N[C@H]1C)C(=O)N,-36.5823
CC#CC(C=O)C#CC,67.4765
C[C@@]12[C@H]3[C@@H]1[C@@H]1O[C@H]3[C@]21O,30.3614
C[C@@]1(O)CC[C@H]1CCO,-85.4953
CN=C1CCN1C(=O)N,-19.3845
N[C@H]1[C@@H](O)[C@H]1C(=O)O,-106.6548
C#C[C@@]1(C#N)[C@H]2CC[C@@H]12,135.5044
CO[C@H]1[C@@H](O)CC[C@H]1O,-128.0348
C[C@H]1O[C@]2(C)[C@H]3C[C@@H]2[C@@H]13,7.6023
CC1=CN[C@@H]([NH])C(=N1)F,-16.3982
C1C[C@@]23C[C@@H](OCC2)[C@@H]13,48.3472
C[C@@H](OCCC=O)C=O,-109.0063
C[C@H]1N2C[C@]31OC(=O)[C@@H]23,70.1414
O[C@@H](C#C)C#C[C@H]1CO1,72.0273
C[C@H]1C(=O)[C@H]2N3C[C@@]12C3,103.5287
[NH][C](C#C)N1CCC1=O,53.2033
CC#C[C@@H](C)C(C)(C)O,-23.613
CC1(C)CN2C[C@@]12C#C,99.7071
O=C[C@H]1N[C@H]2[C@@H](C#N)[C@@H]12,69.0259
COC(=O)c1ccno1,-69.7511
C[C@]12OC[C@H]1C[C@H]2CO,-48.1611
C[C@@]12CN[C]1[CH]C(=O)C2,12.8874
C[C@]1(NC(=O)C=C1)C#C,34.6086
CC#C[C@@]12C[C@@](O)(C1)C2,56.8674
C1CC21N[C@H]1CO[C@@H]21,43.0569
CC(C)[C@@]12C[C@@H](C1)O2,6.3511
Oc1nocc1[C@H]1CO1,-35.4314
C[C@]1(OCC1=O)C#N,-17.4552
O[C@H]1[C@H]2C[C@@H]1C(=C2)C#N,51.9034
C1[C@H]2[C@H]3OC[C@@H]4[C@H]3[C@H]2N14,57.3157
[NH][C@@H]1OC=C(OC=O)O1,-107.4468
C[C@]12CN1[C@@]1(C)C[C@@]21C,72.7193
CC[C@H]1CN[C@]1(C)C#N,33.5932
CCCN[C@@H](C)C#N,8.383
CC(=O)C[C@]1(CO1)C=O,-86.2228
C[C@@]1(O)C[C@]2(CN2)C1,-2.8347
C[C@@H](O)[C@H]1[C@H]2[C@@H](O)CN12,-28.9358
CC(C)[C@]12C[C@H]1NC2=O,-7.696
CCc1cccc(F)c1,-44.8932
C1OC[C@H]2[C@H]3N[C@H]3[C@H]2O1,-5.1056
O=C1O[C@@H]2O[C@H]1CC=C2,-87.9794
O=CNC[C@]1(CN1)C#N,18.3619
C[C@H]1CO[C@H]2C[C@H]2OC1,-55.8393
C[C@@H](O)[C@H]1CC(=O)N1C,-81.0348
CCC[C@@]1(C)CC1(C)C,-23.173
C[C@H]1N[C@]21COC(=O)C2,-58.0636
CCOC[C@H]1[C@H]2CN1C2,31.4494
CC(C)c1n[nH]cc1,16.9779
Cc1cc(F)nc(F)n1,-87.2373
ON=C1C[C@H]2C[C@@]12O,11.896
O[C@]12C[C@H]1C[C@]12CCO1,-15.4166
NC(=O)CCC(=O)C#C,-28.5357
Nc1c2CCOc2c[nH]1,7.5747
C[C@@H](C#C)[C@H]1C[C@H]1O,27.2282
O[C@H]1C[C@H]2N[C@H]2[C@H]1O,-54.1285
COCC[C@@H](N)C(=O)O,-141.9652
CC[C@H]1[C@@H]2N1CC2(C)C,31.1708
C1COCC=CC1,-25.7009
C[C@@H](CO)C(=NO)CO,-92.7377
CN1C[C@H]1C(=O)O[CH][NH],-35.7968
Cc1ccnn1CC=O,0.9293
C[C@@H](CC=O)C1COC1,-61.0941
CN1[C@H]2C=CC[C@@]12CO,11.1531
O[C@H]1CNc2c1cno2,-3.2894
C[C@H]1COC[C@@]2(C)O[C@@H]12,-68.7165
C[C@@]12OC[C@]1(C#N)[C@H]2N,41.154
C[C@H]1CCC(C)(C)OC1,-75.4106
C[C@H]1[C@H]2C[C@@H](C#C)[C@@]12C,85.5301
C[C@]12C[C@H]1CC[C@]12CO1,-2.8382
C[C@H]1O[C@H]2C[C@@]2(O)C1=O,-82.8763
C[C@]1(C[C@H]1C=O)[C@H]1CO1,-30.7222
C1[N][C]2NCCN3[C@@H]1[C@@H]23,87.2085
C1[C@H]2[C@H]3OCO[C@H]3CN12,-28.6761
CCC[C@]12N[C@H]1CC=C2,36.202
CN1[C@H]2C[C@@H]1[C@]2(C)C=O,49.1118
O[C@H]1[C@H]2N[C@H]2[C@H]2CO[C@@H]12,-16.1052
C[C@]12C[C@H]1[N][C]1OC[C@@H]21,42.2141
OC[C@H]1O[C@]21C[C@@H](O)C2,-78.943
NC(=O)C#CC(=O)N,-30.3766
CN1C[C@@H](O)[C@]1(C)C#C,33.084
O[C@H]1C=C[C@@H]2OC[C@H]1O2,-84.2462
CN1C[C@]21[C@H]1C[C@@H]2[C@H]1O,52.4527
C[C@H]1C=CC(=O)N1[CH][NH],-7.815
O[C@H]1CNc2c[nH]nc12,23.2207
C1O[C@H]1[C@H]1C[C@H]2O[C@H]2C1,-27.872
CC(=O)CCOCC=O,-115.6912
O=C1O[C@H]2[C@@H]1C[C@]12CO1,-47.3337
CC[C@H]1[C@H]2C[C@@H]1CC2,7.7128
Cc1c2OCCn2cn1,-0.6583
NC(=O)C#CC1CC1,26.9429
COc1c(N)occ1,-41.7943
C[C@H]1N[C@H]1[C]([NH])OC=O,-36.5272
CO[C@H]1[C@H]2C[C@@H](C=O)[C@@H]12,-21.211
COC1(CC1)C1COC1,-33.1812
OCC(=O)C#C,-10.0554
O[C@H]1[C@@H](C#N)[C@H]1C#N,48.2421
O[C@@H](CC#C)C1CC1,27.879
Cc1c2CCCc2co1,-16.491
O[C@H]1[C@H]2CO[C@@H]1OCC2,-113.6154
ON=C1[C@H]2O[C@H]2[C@H]2O[C@@H]12,2.9936
CO[C@@H](C)CC1(O)CC1,-78.1233
C[C@H]1CN[C@H]1C(F)(F)F,-159.1384
O=C1CCCOCCO1,-124.0
Nc1c(C=O)cn[nH]1,7.1903
O=CCOCC#CC#N,24.49
C1CCC#CCC=CC1,66.6709
CC(=O)C1(C)CC1,-36.1866
CC[C@H]1[C@@H](C)[C@H]2CC[C@@H]12,15.6208
C1N=CNc2c1onn2,59.5939
O[C@H]1C[C@@]23C[C@H]4[C@@H]2[C@@H]1N34,82.5774
O[C@H]1[C@H]2[C@@H]1c1cnnn21,101.4842
Nc1c(O)oc(=O)cn1,-82.6191
CCNc1n[nH]c(N)c1,30.6572
C[C@@]1(CNC=O)C[C@H]1O,-71.5556
C[C@]12C[C@@H](OC=O)[C@H]1O2,-72.8462
C[C@@H](C=O)[C@H]1[C@@H](O)[C@H]1O,-91.7542
C[C@@H](O)c1ccc(N)[nH]1,-24.2311
C[C@H]1C[C@@H](C#N)[C@H]1O,-6.8621
C[C@H]1CCC2=C1COC2,-21.3497
Nc1nc(F)nc(O)n1,-83.9248
CCN(C)C(=N)C=O,-24.8787
O=CCN1CCOCC1,-63.6189
CN1C[C@H]1[C@H]1C[C@H]1C#N,80.9688
CO[C@H]1CC(=O)[C@]21CN2,-18.7834
COC=N[C@H]1C[C@H]1C=O,-34.0438
COC[C@H]1CO[C@H]2C[C@@H]12,-52.0122
OCCC1(COC1)C=O,-88.9725
OCCCCC#CCO,-41.7587
CC[C@@H](C)OC(=O)C=O,-133.2056
C[C@H]1C[C@H]1C#CCO,22.9336
CC1=C[C@@H](CC1)[C@H]1CO1,-7.9109
C1C[C@H]2N=COC[C@@H]12,-4.4826
C[C@H]1O[C@@H]2[C@H]3N[C@@H]2[C@@]13O,0.3355
CC(C)CCCC(C)C,-59.9725
C[C@H]1C[C@H]2[C@H]3O[C@H]3[C@@]12C,23.9816
C[C@H]1[C@H]2OC[C@H]2[C@H]1C#N,29.0546
N[C@H]1COCC=C1C#N,12.6663
CC(=O)n1cccc1,-21.0044
O[C@H]1[C@@H](C#N)[C@H]1[C@H]1CN1,46.1684
O[C@H]1[C@H]2C[C@@H]1N(C2)C=O,-42.3383
CNC(=O)N1CCN=C1,-31.1547
C1N[C@H]2COC=N[C@@H]12,13.4005
C1[C@H]2CC[C@H]3N[C@@]13C=C2,77.0641
Nc1cc(N)nc(=O)o1,-68.3793
CC#C[C@H]1CNC(=O)C1,0.6742
CC[C@H]1C=C[C@@H]2C[C@H]1C2,25.054
C[C@H]1CC[C@H]1C(C)(C)O,-55.971
CN1C[C@H]1[C@@]12CN(C1)C2,109.3537
O=C1C=C[C@H]2O[C@@H]12,-10.2406
N#CCN[C@H]1C[C@H]2O[C@@H]12,50.0589
COC[C@@H](CO)[C@H]1CO1,-101.4278
CCc1c(C)nc(O)o1,-78.5575
C[C@H]1CC(C)(C)[C@H]1O,-52.858
O=C1C[C@H]2[C@H]3CN1[C@@H]23,35.1231
C#C[C@]12CO[C@H]1[C@H]2C#N,109.7289
O[C@@]12C[C@]1(O)[C@H]1N[C@@H]21,10.2607
O[C@H]1C[C@]21C[C@H]1C[C@H]1O2,-24.1182
CCc1ccc(N)[nH]1,12.8181
O[C@H]1CCC21CCC2,-15.7849
CC[C@@H](N)C(=O)O,-108.019
C[C@@H](C#C)C(C)(C)O,-13.721
C[C@H]1[C@@H](C)C(=O)[C@H]1C=O,-58.8584
OC[C@H]1[C@H]2[C@@H]3C[C@@H](C3)N12,43.4398
N#CC[C@]12N[C@H]1CC=C2,83.7096
C[C@H]1C(=O)NC=C1C=O,-62.868
O=C1NC(=O)[C@H]2N[C@@H]12,-39.5865
CNC(=O)C(=O)C(=O)C,-112.8697
C1O[C@@H]2[C@H]3[C@H]4CC[C@@]12N34,54.5855
[NH][C]1OCC=C[C@H]2C[C@@H]12,23.0493
[NH]C1=C[C](CCO1)C=O,-43.4058
C[C@H]1O[C]([NH])[C@H]1C(=O)C,-58.8493
COC[C@H]1C[C@@H](O1)C#C,-0.628
COCc1c(C)onn1,-24.115
C[C@@H](O)C(C)(C)[C@@H](C)O,-118.6321
CC1(C)C=CC(=O)C1=O,-51.341
N#CC[C@]12O[C@H]1[C@H]1O[C@@H]21,61.9523
C1CC1N=C1NCCO1,-0.6355
C#CCC[C@H]1[C@H]2CC[C@@H]12,90.9624
CC(=O)CCNC(=O)N,-103.7277
o1cc2ccccc2c1,16.9475
CCC(CC)[C@H]1CO1,-44.3848
C#C[C@H]1OC[C@H]1CC#N,70.6715
C[C@]12COCC[C@H]1O2,-61.7933
CN1C[C@H]2NC[C@@H]1C2=O,2.5635
C[C@H]1OC(C)(C)[C@H]2N[C@@H]12,-27.3683
CO[C@H]1COCC1=O,-101.5491
CCCNC(=O)N,-73.0062
O[C@H]1[C@H]2[C@@H]1C1(CC1)C2=O,-0.9601
CN1C[C@H]1C#CC1CC1,101.0287
C[C@H]1CN2C1=NCC2=O,5.0188
O=C1C[C@H]2C[C@]31OC[C@@H]23,38.2611
O=C1NC[C@H]1NCC#N,15.8814
C[C@H]1O[C@@]23C[C@H]4[C@@H]2[C@@H]1[C@@H]34,72.6241
C[C@H]1N2[C@@H]3[C@H]2[C@@]1(C)[C@H]3O,34.6333
CC1=CC(C)(C)C[C@H]1O,-49.3277
C[C@H]1NC1(C#N)C#N,92.5741
CCOC(C)(C)C#C,-4.6228
CN1CCC(=O)[C]1[NH],-22.7761
O[C@H]1C[C@H]2C[C@@H]12,0.4693
CN[C@H]1CNC(=O)C1=O,-60.9699
ON=C1CCC21CCC2,32.395
CC[C@H]1[C@H]2CNC(=O)[C@@H]12,-30.9415
Cc1ccc(CC#N)o1,7.5378
C[C@H]1O[C@]1(CC=O)C#N,-17.2449
Nc1cc2c(occ2)o1,-9.2305
CCN1C[C@]1(CC)C#C,68.4159
Cc1c(N)cc(CO)o1,-57.8967
C[C@H]1[C@H]2CC[C@@H](O)C[C@@H]12,-35.0757
[NH][C]1COCO[C]([NH])N1,-44.7466
O=CNCc1conn1,-13.9121
CC[C@H]1[C@@H](C)CNC1=O,-67.4611
C[C@H]1CO[C]([NH])C(=O)O1,-107.1367
C1N[C@]21[C@H]1C[C@@H]2O1,73.2808
CC1=C[C@@](O)(CC1)C#C,26.3509
OC[C@@H](NCC=O)C=O,-94.8506
C[C@@]12N[C@@H](C=C1)C2=NO,83.5077
O[C@H]1C=CCC21CCC2,-7.9844
CN[C@]1(CCOC1)C#N,-3.8057
CCC[C@@H](C)COC,-77.4149
C[C@H]1CC=C[C@@H](O)CO1,-70.417
[NH]C1=C[CH]C(=NO1)C#N,78.9665
C[C@H]1OCC(=O)O[C@H]1C,-132.6691
CO[C@H]1COCCC1=O,-111.1587
NC(=O)CCCC#N,-34.0769
OC[C@H]1O[C@H]1C#CC#C,58.1166
CO[C@@H](CC#N)[C@@H](C)O,-69.023
O=C1CCCC(=O)C1,-78.4305
CN=CNc1n[nH]nc1,63.286
CC1(C)[C@@H](O)C[C@H]1C=O,-70.3605
CCC#C[C@@H](C)C#N,62.3614
C[C@]12CN1[C@H]1[C@@H](C=O)[C@@H]21,72.0704
OC[C@H]1N[C@]1(CO)C=O,-84.3386
Cc1c(C)c(O)no1,-48.5526
CC(=O)C,-55.0246
NCC#CC(=O)O,-27.405
CCCc1ncccn1,15.7197
O[C@H]1[C@H]2C[C@@H](O)[C@@H]1C2=O,-79.8078
N#C[C@H]1CN=CNC=N1,75.3488
Nc1noc(O)nc1=O,-63.9372
C1C=Cc2nccn12,54.9439
Cc1c(NC=N)nco1,-1.7931
C[C@@]12[C@H]3CC[C@@H]1C(=O)N23,14.2335
CC[C@@]1(C#N)[C@H]2C[C@@H]1O2,54.7957
Cn1cnc(N)c1CO,-19.0532
C[C@@]1(O)C[C@]1(O)[C@H]1CN1,-34.8657
O=CN[C@]12CC[C@H]1OC2,-34.1744
C[C@@H](C#N)N(C)C(=O)N,-31.2827
C1[C@H]2OC[C@@H]3OCC[C@]123,-39.5286
CC[C@]1(CO1)[C@H]1CO1,-37.9843
O[C@H]1[C@H]2N[C@H]3C[C@H]3O[C@@H]12,-5.7595
C[C@@]12O[C@@H]3[C@@H](N[C@H]13)C2=O,9.1795
C[C@@]1(O)CCN2C[C@H]2C1,-20.7066
COCCN(C=N)C=O,-73.2966
CNC(=O)NCC(C)C,-80.0843
C#CCN1C[C@H]2N[C@H]2C1,103.8955
C[C@@H]([C@H]1CN1)N(C)C=O,-22.0686
C#CCNc1ccn[nH]1,104.313
N[C]1[N][C@H]2C[C@@H](O1)C=C2,5.6721
OC[C@@]12[C@H]3C[C@@H]1C(=O)[C@@H]23,1.2907
O=CN[C@H]1CC[C@H]2N[C@@H]12,-13.5836
CO[C@@]1(CO)C[C@H]2N[C@@H]12,-23.6773
CC1=CCC(=O)C(=O)C1,-49.68
CO[C@H]1CCCC(=O)C1,-89.0415
O[C@]12C[C@@H]3[C@H]4[C@H](C[C@@H]14)[C@H]23,42.7685
CC[C@H]1[C@@H](C)[C@H]1OC,-40.3599
O=C[C@]12CCC(=O)[C@H]1O2,-70.5679
C[C@@H](O)C(=O)[C@H]1CO1,-94.3754
C[C@H]1[C@H]2C=C[C@]1(C)[C@H]2C,40.3163
CC[C@H]1[C@H]2CN1[C@H]2C#N,100.0664
C[C@]12COC[C@H]1OC=N2,-60.0114
C[C@H]1CN1C(CO)CO,-64.7752
[NH][CH]OC(=O)NCC#N,-43.2639
CC(C)[C@@H](O)[C@@H](C)C#C,-14.0962
CN1CC(=O)[C@]21C[C@H]2O,-18.656
CC[C@H]1N=CN(C)[C]1[NH],17.3818
CC[C@@H](C)N1CC1,5.4623
CCC(=NO)C1COC1,-26.1923
C1[C@@H]2O[C@]32C=C[C@H]2[C@@H]1[C@@H]32,74.521
CO[C@H]1C[C@@H](C=C1)C#N,10.2067
CC#CC#C[C@@H](C)C#N,119.481
C[C@H]1[C@H]2[C@@H]3C[C@]3(CO)N12,38.6343
C[C]1[C]2CC[C@H]2[C@H]2C[C@@H]12,64.6246
CCNC(=O)[C@@H](C)OC,-109.9082
O[C@H]1[C@@H]2C[C@@H](N2)C1=O,-23.2715
C[C@H]1CC=C(C)[C@H]2N[C@@H]12,28.8953
CCO[C@]12C[C@H]1NC2=O,-30.5511
C[C@H]1[C@H]2C[C@@H]3[C@@H]4[C@H]2[C@H]1N34,85.7425
O=CC1=C[C@H]2N[C@H]2C1=O,3.1791
NC(=NC(C=O)C=O)N,-50.802
CCCOCCOCC,-110.0465
COC[C@H]1CCC(=O)O1,-130.8788
C[C@H]1CN2[C@H]3[C@@H]4O[C@]13[C@H]24,104.4028
[NH][C]1O[C@H]2[C@H]3N[C@@H]1[C@@H]23,55.7171
O[C@H]1COC(=O)C=CC1,-103.1668
C[C@@H]([C@H]1C[C@H]1C)C(=O)C,-42.641
N#C[C@@]12C[C@@H](C1)C=CC2,67.1976
C[C@H]1[C@H]2[C@@H](C#C)[C@@H]1C2=O,86.5365
CC1=NOC(=N[C]1[NH])O,-15.9553
O[C@]1(CNC(=O)C1)C#C,-22.3949
Nc1c[nH]c2c1C=CC2,60.6141
C[C@H]1[C@H]2[C@@H](C)[C@]1(C)[C@H]2C,31.1378
CC#C[C@H]1C[C@@](C)(O)C1,8.0485
OC[C@H]1[C@@H]2[C@H]3N2C[CH][C]13,104.9782
CC1(C)CC(O)(C1)C=O,-75.9303
O=CC[C@]12C[C@H]1[C@H]1CN21,69.6664
CCC(=O)c1nocn1,-27.2552
O[C@]12C[C@H]1[C@@](O)(C2)C#N,-0.8581
CO[C@H]1[C@H]2CN2C1=NC,37.6727
C[C@H]1C=C[C@@H](C#N)N1C,50.6965
C1[C@H]2[CH][C]1CCC=C=C2,118.4159
C[C@]1(OC(=O)C=C1)C#C,-6.1353
C[C@H]1[C@@H](C)[C@H]1NC=O,-35.6308
C[C@@]12C[C@@]3(C)[C@@H]1C[C@@]23O,26.6127
OC[C@H]1CC=CCO1,-67.3555
CCC(=O)COC(C)C,-106.9292
CNC(=O)CC#CC,-10.6109
CC(C)(C)CCCC#N,-14.3412
Nc1noc(CO)c1,-29.3548
C[C@@](CN)(C#N)N1CC1,52.9428
CC(=O)OC(C)(C)C#C,-50.1028
CC[C@H]1OCOC1=O,-129.2775
COCc1cn(C)nn1,7.7239
N#CCOc1nocc1,13.9984
N[C@@H]1C=C([NH])C=C(F)N1,-9.5389
C1O[C@H]2[C@@H]1[C@H]1[C@@H]3O[C@H]1[C@H]23,32.0519
O=C1CO[C@H]1CCC#C,3.4437
CN1CCc2nonc12,50.8562
CC1(C)OC[C@@H](O)C=C1,-75.9711
Cc1c2CCn2c(O)c1,16.5226
C[C@@]12[C@H]3C[C@@H]1N3C12CC1,123.0059
COc1cc(C=O)c[nH]1,-40.7351
C[C@@]12[C@H]3[C@H]4O[C@@H]1CN2[C@@H]34,58.5432
C[C@@H](C1CC1)C(C)(C)O,-53.129
CC[C@H]1CO[C@@H](CO)C1,-99.8264
O=C1CO[C@@H](C=C1)C#C,17.043
CN1C[C@]21COCC=C2,14.2235
CC(C)C#CCC(=O)C,-11.4125
CNc1c(C)n(C)nn1,39.458
C#C[C@@]12C[C@@H](O1)[C@H]1O[C@@H]21,68.0721
OC[C@@H](O[CH][NH])[C@H]1CO1,-76.4012
CN1[C@@H](C=O)[C@H]1[C@H]1CO1,-6.8218
O[C@H]1C[C@H]2OC[C@@]12C#C,25.8408
C[C@H]1[C@@H](O)C=C[C@]21CN2,5.5595
N[C]1[N][C@H]2C[C@@H](O1)C2=O,-21.5662
C[C@H]1C[C@H]2N[C@H]2CC1=O,-13.0625
C1O[C@]21CO[C@H]1CO[C@@H]21,-54.0492
CC[C@H]1C[C@H]1C(C)(C)C,-19.5416
C[C@]12C[C@@H](CC=O)[C@H]1O2,-31.5486
C[C@]1(OC[C@H]2C[C@@H]12)C#N,10.9679
C[C@@]12C[C@]1(C#C)[C@@H](O)C2,51.7117
CN(C)c1c(C)[nH]cn1,17.0455
CC[C@H]1[C@H]2CC[C@@]12C#C,85.0362
O=C1CC[C@H]2O[C@@H]12,-44.1191
C[C@@]12C[C@@H](CC=C1)[C@H]2O,-13.3446
O[C@H]1[C@H]2C=C[C@@H]1C=C2,25.4723
O[C@H]1C[C@H]2C[C@@H]3[C@H]2O[C@H]13,-26.4432
C[C@H]1[C@H]2C[C@@]1(O2)C#N,58.3335
CC[C@H]1C[C@@](C)(O1)C#N,-12.1557
C[C@H]1CN2C[C@H]2[C@H]2N[C@@H]12,64.9542
O=C1COCOC1=O,-134.5405
O=C1O[C@H]2C[C@H]3C[C@@H]1[C@@H]23,-37.131
Cc1cnc2ocnn12,33.1296
C[C@]1(C[C@H]2C[C@H]2O1)C=O,-46.6151
CCO[C@H]1COC(=O)O1,-176.9668
O=CN(C=O)C1CC1,-54.3037
OC1(CC#N)CCC1,-7.4269
CN[C@@H](CC#C)C(=O)O,-38.9259
O=C1COc2nccn12,-32.111
Cn1cc([nH]c1=O)C=O,-66.4934
N[C@]1(C[C@H]2C[C@H]2C1)C#N,53.1174
C1C[C@@]23CO[C@@]12CC=C3,33.4261
[NH][C]1OCCC[C@]21CO2,-39.9857
CC1(C)CN1C(=O)N,-38.308
C[N]C1=CC(=N[N]O1)F,8.9877
C[C@H]1[N][CH]O[C@H]1O[CH][NH],-49.9057
C[C@H]1C[C@]1(O)CCO,-76.9054
[NH][C]1OC=CC=CC1=O,-7.5343
O=C1N[C@H]2[C@H]3C[C@H]3[C]2[CH]1,48.5995
CC1(CCC#C)CCC1,50.2943
CN1[C@@]2(C)COC[C@@]12C,-20.2705
COC[C@@H](C)OCC#N,-58.9427
NC(=O)Cc1ncco1,-61.3748
C1[C@H]2C[C@H]3COC[C@H]3N12,2.1427
NCc1c(nco1)C#N,25.7294
Cc1c[nH]nc1CC#C,85.0362
CC[C@@]1(C)OCO[C]1[NH],-82.8501
CC(C)[C@@]1(C)CO[C]1[NH],-35.5749
CN=COc1nocc1,-5.7335
OC1=NOC(=C([NH])N1)[NH],-5.7818
C#C[C@H]1[C@H]2COCO[C@@H]12,14.176
O=CNC1(CC1)C#N,12.5244
C#C[C@H]1C=CC[C@]21CO2,68.618
O[C@H]1[C@H]2[C@H]3C[C@@H]1O[C@@H]23,-36.2161
CC1=CCO[C@@H](CO)C1,-76.7862
C#C[C@@]12CO[C@@H](C1)C=C2,62.698
C[C@H]1O[C@H]1[C@H]1OC[C@H]1O,-76.1185
C[C@@]1(C#N)[C@H]2COC[C@@H]12,11.9851
N#C[C@H]1OCC(=C1)C#N,56.0878
CC(=O)CC(F)(F)F,-221.7429
CC[C@@](O)(C=O)C1CC1,-66.5804
CN(C)[C@H]1[C@H]2N[C@H]2C1=O,33.4313
O[C@@H](C#N)[C@H]1C[C@H]1C#C,70.071
CCOCC1=CCOC1,-65.0393
C[C@@]1(O)CC[C@]1(C)C#N,-12.8773
CC(C)[C@@H](C#C)C1CC1,53.1212
FC1=NCC=C([NH])O1,-47.1924
C[C@H]1[C@H]2CCO[C@@H](C)[C@@H]12,-34.718
CC(C)CN=COC=O,-84.6329
CN=C1CCO[C]([NH])N1,-21.5338
OC[C@H]1[C@H]2CO[C@H]2C1=O,-59.831
CCC[C@H]1OC21COC2,-45.1861
OC[C@@]1(O)CC(=O)[C@H]1O,-137.1162
CC[C]([NH])OC(=O)NC,-98.6781
CC#C[C@@H](O)CN1CC1,36.0634
Fc1ccc(cc1)C#C,27.1999
CN=COC1(CC1)C#N,29.899
O=C1NCCCCCO1,-98.6759
N#CCCC1OCCO1,-54.2565
CN(C)c1cncnc1,36.4386
C#C[C@H]1CC[C@H]2N[C@@H]12,86.8186
CC1(C)CCC=CCC1,-10.9524
C[C@H]1CCOC[C@H]1C#N,-25.3849
CC[C@H]1[C@H]2[C@H]3O[C@]1(C)[C@@H]23,24.8168
C[C@@]1(CO)CCC=CC1,-44.1031
C[C@@H](C#C)C1=NCCO1,26.9644
N[C@@H](C#N)c1cocc1,27.7333
CCC(=O)N1[C@H]2C[C@@H]1C2,17.8788
CC(C)[C@]12CCC[C@H]1O2,-41.7279
C[C@H]1[C@@H](O)[C@H]1C1CCC1,-15.2075
O[C@H]1[C@H]2OC[C@H]2CC1=O,-84.4307
C[C@H]1N2C[C@]31COC[C@@H]23,62.2952
OC1(C[C@H]2CO2)CCC1,-47.2287
O=C[C@]1(CCCO1)C#C,-5.6219
Nc1cc(N)c(CO)[nH]1,-11.5037
O=C[C@]12C[C@@H]3[C@H]1N3[CH][N]2,68.9939
CC1(C)CCC(=O)OC1,-104.5529
OC[C@@H](O)C(C=O)C=O,-141.992
O[C@]12C[C@H]1C[C@H]2C#N,32.9733
O=C[C@H]1[C@@H](C#N)N1C=O,9.9171
C#C[C@H]1COC[C@H]2N[C@@H]12,58.6749
CC(C)[C@@H](CC=O)C=O,-82.3472
N[C@H]1[C@@H](N)[C@H]1C(=O)O,-66.2811
O[C@]12CO[C@H]1CCCC2,-69.9458
C[C@H]1[C@@H](O)[C@H]2[C@@H](C#N)N12,48.7042
C[C@@H](O)c1c(C)nc[nH]1,-31.819
CC[C@H]1C(=O)NC=C1C,-43.5544
CC1=C[C]2[CH]CC(=O)[C@@H]12,45.6511
C[C@H]1C[C@]21C[C@H]1OC[C@@H]21,20.4939
O[C@@]12C[C@@H](OC1)C2=O,-64.3649
C1[C@H]2C[C@]31CCCO[C@@H]23,16.8424
CCCOCC,-70.6443
C[C@@]1(C#N)[C@H]2[C@H]3O[C@@H]1[C@@H]23,76.2877
N#C[C@H]1[C@H]2N1C[C@]12CN1,130.0879
C[C@@]12C[C@H]3C[C@@H]1C[C@@]23C,35.4386
CO[C@H]1[C@@H](C)[C@H]2C[C@@]12C,-14.0246
CC#CCC[C@@H](O)C#C,54.0216
C[C@H]1[C@@H](O)[C]([NH])NC1=O,-77.8455
O[C@H]1CC(=O)O[C@H]2C[C@@H]12,-95.7327
CN1C[C]([NH])NC1=O,-37.7625
CC1(C)CCOC=NC1,-37.603
O=C1NCC=CCN1,-20.9249
N=CNc1cnncn1,76.7861
[NH][C]1CN=CN1CC=O,6.8477
[NH][C]1N[C@@H](CO1)C#N,10.2512
CC1(C)[C@@H]2C[C@@H](O2)[C@H]1O,-58.1881
C#CC1=CCCCC=C1,82.9164
N[C@H]1CCC(=C1)C(=O)O,-70.0271
C[C@H]1O[C@]2(C[C@@H]12)C=O,-23.3634
C1O[C@H]1[C@H]1CC21CCC2,22.2484
CCCC[C@@H](C)CO,-81.9731
C[C@H]1CCC[C@]1(O)C#C,0.691
ON=C1C[C@H]2CC[C@@H]1O2,-27.5359
C1CCC=CCC=CC1,23.1238
C[C@@]1(O)[C@H]2C=C[C@@H]1C2=O,-13.8624
[NH][C]1OC[C@H]2OC[C]2[CH]1,-8.6857
C[C@]1(C[C@]21CCO2)C=O,-33.3364
CC[C@H]1CC[C@H]2C[C@@]12O,-37.6165
C1CC21CC1(COC1)O2,-9.9685
CC[C@@H](O)C(=O)C(C)C,-112.8547
NCc1cc(O)no1,-29.9447
O=C1C[C@H]2N[C@@H]3CN[C@]123,56.4068
O[C@H]1C[C@H]1C1=CCCC1,-6.7086
CC[C@]12C[C@H]1C[C@H]2C#C,85.3456
CC[C@H]1C[C@]21C[C@@H](C)O2,-20.5087
CC1=CC[C@H]2[C@@H](O)[C@@]12O,-41.3107
C#C[C@H]1O[C@H]2CCO[C@@H]12,9.5839
N#C[C@H]1O[C@H]2CCO[C@@H]12,-16.9161
OCCN(C=O)C=O,-116.6617
OCCNc1nonn1,5.8769
CC(C)Nc1c[nH]nn1,39.82
O[C@@]12C[N][C]3[C@@H]1[C@H]1[C@@H]2N31,139.1953
CO[C@H]1C[C@@](C)(C1)C#N,-6.0412
CC[C@@H](CCO)C(C)C,-81.0361
CC[C@H]1[C@@H](C)O[C@H]1CO,-84.3777
CC[C@@]1(O)C[C@H]1CC#C,20.9495
NC(=O)C(=N)NCC#N,-5.281
CC[C@H]1[C@H]2CN[C@@]12C#N,76.5957
O=C[C@]1(COCO1)C#N,-56.3431
[NH][C]1OC[C@H]2N3C[C@@]12C3,83.5385
C[C@@H](O)[C@@]12O[C@H]3[C@@H]1N[C@@H]23,32.1622
O[C@H]1C[C@@H]2C[C@H]1CO2,-71.0415
N[C@@H](C#N)c1c[nH]cc1,61.3757
C[C@@]12[C@@H]3[C@H]4[C@@H]3[C@@H]1N1[C@H]4[C@H]21,119.5476
C[C@]12N[C@H]1C=C[C@H]1N[C@@H]21,83.6583
C[C@H]1CCC(=O)C(=O)N1,-82.2121
CC1(C)CC[C@@H](O)CO1,-104.2673
C[C@H]1[C@H]2C[C@H]2N1CC=O,21.2786
CC1=C(CCO)CCC1,-46.2862
O[C@H]1C(=O)C=CC21CC2,-33.4883
CC1(C)[C@H]2CCO[C@@]12C,-34.5969
CCc1c(O)nn[nH]1,-1.0488
C#CC1=C[C@H]2N[C@H]2C1,112.1197
C[C@H]1[C@H]2C[C@@H]3[C@H](C2)N13,30.6767
C[C@H]1C[C@@H](O)[C@@H](O)C=C1,-80.54
C[C@]12C[C@H]1NC=C2C=O,7.7732
C#CCNCC#N,90.9472
C[C@@]1(CC#C)[C@@H](O)[C@H]1O,-6.6603
CC1=CC(=NO)COC1,-25.4444
O[C@H]1C[C@@H]2O[C@H]1[C@H]2C#C,19.2469
C[C@@]12C[C@@H](O1)[C@@H](O)[C@H]2O,-95.9353
CO[C@@H](C=O)[C@@]1(C)CN1,-46.8455
O[C@@]12C[C@H]3[C@@H]1[C@H]1O[C@H]1[C@@H]23,19.1559
CNC(=N)C(=O)CC#N,5.065
O=CC(=O)[C@H]1N[C@H]1C#C,43.8907
COC[C@H]1[C@H]2C[C@@H]1CC2,-19.6672
CN(CC(=O)C=O)C=O,-100.0503
NC(=O)OCCC#C,-45.7257
N[C]1C(=C([NH])OC1)C#C,44.2832
O=C1C[C@@H]2C[C@]1(N2)C#N,46.7838
COC[C@H]1CN1CC#N,22.4399
C#C[C@H]1[C@H]2OCO[C@@H]12,24.6422
C[C@]12O[C@H]1[C@@H]1[C@H]2NC1=O,-2.1633
CCO[C@@H](C)[C@@]1(C)CN1,-37.2426
CC(=O)c1cnccn1,0.6098
NC1=N[C@@]23C[C@@]2(CC3)O1,40.1142
Cc1ncccc1,18.7394
CC1=C[C@H]2O[C@H]2[C@H]2O[C@@H]12,-4.3562
C[C@H]1[C@@H](C[C@H]2CN12)C=O,-4.4769
C[C@@]12C[C@]3(CC(=O)[C@@H]13)C2,70.7071
CC[C@H]1OC(=O)[C@]21CN2,-42.6589
CCN(C)CC(=O)C#N,-3.7725
CN=C1N[C@@H](C#C)[C@H]1O,58.0415
O[C@H]1[C@H]2COC[C@@H](O)[C@@H]12,-91.0752
C1[C@@]23CO[C@@]12[C@H]1O[C@H]1C3,24.978
CO[C@H]1[C@H]2COC[C@@]12C,-55.5444
CCC[C@H]1O[C@H]1C#N,0.8154
C[C@H]1C[C@H]2OC(=O)[CH][C]12,-37.3883
OC[C@H]1C[C@H]1CC=O,-55.2101
CN1C[C@H]1C(=O)C(=N)N,6.2593
C[C@]1(CN1)[C@@H](C=O)C#N,25.6363
N#C[C@]12C[C@H]3[C@@H]4[C@H]([C@@H]13)N24,152.8046
C1[C@H]2O[C@H]3CO[C@@H]1O[C@@H]23,-81.3584
O=c1cn[nH]c(=O)nc1,4.8327
C1[C@H]2C[C@@H]3COC=N[C@]123,27.2028
O=C[C@H]1CNC(=O)CN1,-62.8738
C[C@H]1[C@H]2CO[C@H]2[C@H]1C=O,-26.9684
C[C@@H](O)[C@H]1N[C@H]1CC#C,34.7199
CCCC1(CO)CCC1,-51.409
O=C1[C@H]2[C@H]3[C@@H]4[C@H]3N2C[C@H]14,60.2078
CNC(=O)N1C[C@H]1C#C,41.8072
Cc1c(N)[nH]c(C=O)n1,-9.3828
C[C@H]1C[C@@H](CCC=O)C1,-38.1091
C[C@@]1(C#N)[C@@H]2N1CC2=O,59.2085
NC(=O)[C@H]1CC(=O)O1,-114.1499
CC[C@@]12O[C@H]3C=C[C@@H]1[C@@H]23,37.274
C[C@H]1CO[C@H]1[C@@H](N)C#N,6.0581
C[C@H]1N2CC[C@@]12C(=O)N,0.3722
CC[C@H]1N2CC[C@@]12C#C,102.246
CCO[C@H]1CN[C@H]1C=O,-48.1068
CC(C)(O)[C@H]1CN=CO1,-78.8309
O[C@H]1C=C([NH])NN=C1,20.3447
NC[C@]1(CN1)C#N,62.883
CC(=O)[C@@]1(C)CN1,-23.5557
CCN=C1CNCCO1,-28.3663
CC(C)COC1(C)CC1,-51.2245
NC(=O)C1OCCCO1,-125.2139
C#C[C@@]12O[C]3[N]C[C@@H]1[C@@H]23,177.786
CO[C@]12C[C@H]1O[C@@H](C)C2,-56.5622
OC[C@H]1OCCCC1=O,-118.2608
CC1=N[C@@]2(C)[C@@H](O)[C@H]2O1,-45.9646
C[C@H]1CCCO[C@H]2C[C@@H]12,-29.3101
O=c1[nH]cco1,-63.202
CC#CC1(O)COC1,-7.1982
CC(=O)[C@H]1OC[C@H]2C[C@@H]12,-51.2605
O[C@@]12[C@H]3C[C@@H]4[C@@H]([C@H]14)[C@@H]23,49.9433
CCCCOCC(=O)C,-102.5931
OC(=O)C[C@]12C[C@H]1CN2,-39.7548
C#C[C@H]1C[C@H]2C[C@@H]12,99.5842
Cc1c(CC=O)cc[nH]1,-16.1016
CCOCC1(CC1)OC,-70.8016
CNC(C)(C)C#N,14.7314
CC[C@H]1C[C]([NH])O[C@H]1C,-53.7193
COC(=O)C[C@@H](O)C#N,-102.1029
O[C@@H](C#C)c1cnno1,53.3056
N#CC1CC2(CCC2)C1,54.972
CC[C@H]1OC[C@@H](O)[C@H]1O,-132.8792
NC1=CCC=C([NH])O1,-1.6304
C[C@@]12[C@H]3C[C@H]3N3[C@@H]1C[C@@H]23,105.6754
[NH][CH]OC[C@H]1CC(=O)N1,-48.8828
CC[C@]1(C[C@H]1O)C(C)C,-50.3272
CC[C@]1(CN1C)C#CC,63.5665
C[C@H]1[C@@H]2O[C@H]3[C@]2(C)[C@@]13O,-3.3583
O[C@H]1[CH][C]2[C@H]3[C@@H]4[C@H]3[C@H]2[C@H]14,121.0608
NC(=O)NCC#CC=O,-22.3889
O=C1C=C[C@H]2OCC[C@@H]12,-48.376
C1N[C@]21CCC[C@H]1N[C@@H]21,54.5144
Nc1c(F)ncnc1O,-69.5256
CNc1c([nH]nn1)OC,20.9697
C[C@]1(CO1)[C@H]1CNC1=O,-43.5876
OC[C@H]1OC21CCCC2,-66.6055
O=C1OCCCO1,-127.5595
O=C[C@]12C[C@]1(CO2)C#N,21.7359
CCC(=O)CNC(=O)N,-105.6786
O[C@@]12[C@H]3C[C@@H]1[C@@H](C#C)[C@@H]23,99.1137
O=C1[C@H]2CCOC[C@@H]1O2,-81.1632
CN=c1ocnn1C=O,-24.6507
O=C1[C@H]2O[C@H]2[C@H]1[C@H]1CN1,22.7099
O=CCOCCNC=O,-114.0173
[NH][C]1CC(=O)NCCO1,-65.0318
C[C@@]12C[C@](O1)(C#N)C2=O,30.6226
O=CCCN1CCC1=O,-60.9006
OCCC#CC[C@H]1CN1,34.696
O=C[C@H]1C[C@H]2[C@H]3C[C@H]3N12,62.2812
O[C@H]1[C@@H](N[C]1[NH])C=O,-28.0565
C[C@H]1N=CO[C@H]1C#C,35.5448
C[C@@H](O)c1cnco1,-57.4256
ON=C1CCC(=C1)C#C,71.685
[NH][C]1NC(=O)CO1,-70.2981
CO[C@@]1(C)C[C@H]1NC=O,-67.2214
Oc1c(CC=O)[nH]nn1,-17.3032
C[C@@]12O[C@@H]3[C@@H](O[C@H]13)C2=O,-28.4136
CNC(=O)C[C@H]1C[C@H]1O,-73.3967
C[C@H]1[C@H]2CNC(=O)N12,-12.6794
O=CCc1ncncn1,10.9057
O=CN[C@@]12[C@@H]3[C@H]4[C@@H]3[C@@H]1[C@@H]24,100.086
C[C@H]1OC21CCC2,-11.6767
O[C@H]1C[C@@]23CC[C@@H]2O[C@@H]13,-7.7233
Cc1cnc(CO)nn1,14.0974
N#CC[C@]1(CO1)[C@H]1CN1,45.7191
NC1=NCCN[C@H]1C#N,53.3327
CC(C)[C@H]1CC[C@@H](C)C1,-42.0083
CC(=O)[C@H]1CC[C@H]2N[C@@H]12,-12.76
O=Cc1c(C=O)cco1,-64.9995
C#C[C@@]12C[C@@H](C1)COC2,42.4522
CNC1=NC[C@@H](C)C1=O,-31.0403
CCc1noc(C=O)n1,-26.1477
O[N][C]1[C@@H](O)CC21CC2,3.2083
OC[C@H]1[C@H]2[C@H]3[C@@H]4[C@H]3N2[C@H]14,82.7951
Cc1c(O)[nH]nc1C#C,49.4934
C[C@@H](O)C1=CCC(=O)C1,-66.499
O[C@H]1C[C@H]2OCC[C@@]12O,-97.9151
OC(=O)[C@@]12N[C@H]3C[C@@H]1[C@@H]23,-0.9159
Fc1nc(F)nc(F)n1,-127.9785
CC(=O)Cc1nocc1,-30.043
CC1=CC(=O)C[C@@H](O)C1,-75.0946
CC1(C)O[C@]1(C=O)C#N,-21.0238
Nc1cc2c(OCO2)o1,-42.8341
CC[C@@H](C1CC1)[C@H]1CO1,-10.6254
O=C1C[C@@H]2[C@H]3O[C@@H]2[C@@H]13,9.6296
CO[C@H]1CC[C@@H](C1)C#C,8.1533
N#CC[C@H]1NC[C@]21CO2,43.3195
O[C@H]1CC=C[C@H]1N1CC1,10.968
OC[C@H]1C[C@@H](O)C=C1,-65.8463
CC[C@]12O[C@H]1CN1C[C@@H]21,15.6894
O[C@H]1CO[C@@H](C=O)C=C1,-81.5774
CN1CCO[C@@H](C1)C#C,23.2333
OC[C@@]12N[C@H]3[C@@H]1O[C@@H]23,43.0061
C[C@@]12C[C@]1(N)[C]([NH])O2,16.7614
OCCC(CO)CO,-136.2871
CC1=CNC(=O)[C@H]2N[C@@H]12,3.7381
N[C@@H](C#N)c1ccno1,53.4289
C[C@]12N[C@H]1CCNC2=O,-22.8186
C1C[C@H]2[C@@H]1[C@@H]1O[C@H]2C=C1,26.5034
O[C@H]1C=Cn2cccc12,20.8297
C[C@@]1(C[C@H]2CO2)CO1,-39.0021
CN1[C@H]2[C@H]3O[C@H]3[C@@H](O)[C@@H]12,-1.4202
CC(=O)N1CCO[C]1[NH],-77.3435
Cn1cnc(O)n1,-11.2911
OCC[C@@H](OC=O)C#C,-64.9478
CCOC(=O)CC1CC1,-87.2085
[C@@H]12O[C@@]34C[C@@H](C3)[C@]4(C1)C2,82.4409
CN1C[C@@H]2[C@H]3O[C@@H]2[C@@H]13,47.8655
O[C@H]1[C@H]2C[C@@](O)(C=O)[C@@H]12,-63.0087
OC[C@H]1OC1(CO)CO,-140.6521
CCC[C@@H](C)CCO,-80.3748
CC1(C)[C@@H](NC1=O)C#C,21.4686
CC1(C)C=C[C@H]2OC[C@@H]12,-6.3729
OC[C@@]12CC[C@H]3[C@@H](O1)[C@@H]23,-24.6912
CCc1ccc(o1)C#N,6.6492
C[C@]12C[C@@H](O)[C@H]1CO2,-45.5044
ON=C1[C@@H](O)C=C[C@H]1O,-46.9768
O=C1C[C@@H]2N[C@H]1[C@H]2C#N,45.0055
C[C@]12CC[C@H]1[C@@H](O)C2=O,-40.7096
O[C@H]1CNc2c1ocn2,-20.8364
CC[C@@]1(O)COC1(C)C,-88.9385
C[C@H]1N(C)C1(CO)CO,-64.7558
C1O[C@@H]2[C@H]3[C@H]4[C@@H]5N4[C@H]3[C@]125,132.4643
C[C@]12N[C@H]1C=C[C@H]1O[C@@H]21,39.5171
C[C@@H](O)COC1COC1,-107.0013
C[C@H]1OC(=O)CN=C1N,-71.9564
CC[C@@H](O)[C@H]1C[C@H]2O[C@@H]12,-43.5954
NC1=NC[C]([NH])OCO1,-45.4488
C[C@H]1OC(C)(C)C1=O,-75.525
COC[C@H]1O[C@H]1CC#C,1.8017
CN=COCC#CC#N,64.211
C[C@H]1C[C@]21C[C@H]1C[C@@H]21,56.4727
CC[C@H]1N[C@H]1CC(=O)C,-30.8936
CO[C@H]1CC[C@]21C[C@H]2O,-41.1594
N#CCCN1C[C@H]2C[C@@H]12,80.0815
COC[C@@H](CO)OC=O,-166.1328
CC(=O)N1[C@H]2CC[C@@]12C,-2.2316
O[C@H]1[C@H]2NC(=O)[C@@H]1C=C2,-34.1324
C[C@H]1[C@H]2OCC=C[C@@]12C,-5.1254
O[C@H]1[C@H]2C[C@@H]1C1(CC1)O2,-16.2449
C[C@H]1O[C@H]1CC(C)(C)C,-54.2993
O[C@H]1[C@H]2[C@H]3CN3[C@H]2C1=O,27.3553
O[C@@]12C[C@@](C1)(C2)N1CC1,45.7201
O=C1C[C@H]2N[C@@H]12,27.7159
C[C@]1(C[C@@]2(O)C[C@@H]12)C#C,56.8874
COc1coc(=O)o1,-135.9593
O[C@H]1[C@@H](C#C)[C@H]1C#N,72.6506
CN[C@@H](CC1CC1)C#N,42.283
COC[C@H]1[C@H]2N[C@H]2C1=O,-11.2985
Cc1coc(c1)[C@H]1CN1,12.8931
C[C@H]1[C@H]2C[C@]3(O)[C@H]2[C@]13O,-10.5854
CC[C@]12C[C@@H]3[C@H]1[C@H]2[C@H]3C,50.6363
O=C[C@H]1[C@H]2CC(=O)C[C@@H]12,-39.5231
O=C1NC[C@@H](N1)C#N,-8.9141
Nc1cc(n[nH]1)C#C,97.7962
CC[C@@H](O)[C@@H](C)CO,-112.6483
CCCN(CC=O)C=O,-87.4259
CCCN=C1OC[C@H]1N,-20.3856
Oc1cn2CC=Cc2n1,12.6906
O[C@H]1[C@H]2[C@@H]3[C@H]4N3[C@@H]1[C@@]24O,43.2872
NC1(CC1)C(=O)O[CH][NH],-48.8948
CC(C)c1c(N)cc[nH]1,10.2222
CN=CO[C@H]1[C@H]2CO[C@@H]12,-2.3665
O=C1[C@H]2CO[C@@H]1[C@H]2C#N,11.3932
CCc1nc(N)c(O)[nH]1,-26.412
CO[C@]1(C[C@H]1C)C#CC,19.2797
Cc1c(C)c(no1)C#N,29.8982
CCC[C@]12O[C@H]1CC2=O,-36.4457
COc1c(N)c(O)no1,-62.3096
C[C@@]12O[C@H]3C=C[C@@H]1[C@@H]23,42.3109
C1Cc2c(N1)[nH]nn2,76.5837
C[C@H]1[C@H]2CN1[C@H]2CC=O,41.8785
C[C@]12C[C@H]1C[C@H]2[C@H]1CO1,21.2318
Nc1ccc(CCO)o1,-57.3075
O[C@H]1[C@@H](O)[C@H]1CCC#N,-34.6004
C[C@H]1CCO[C@@H](O1)C=O,-113.0676
C[C@H]1O[C@H]1[C@@]12CN(C1)C2,58.5816
CCNc1c(N)nno1,16.4855
NC1=N[C@@H]2CO[C@@H](C2)O1,-62.294
CCOC=NC[C@H]1CO1,-45.4449
CCn1nnnn1,78.1127
O[C@H]1[C@H]2[C@@H]3N[C@]3(C#N)[C@@H]12,82.2808
CC[C@@H](O)c1nocc1,-40.8598
COC[C@]1(CN1)[C@H]1CO1,-23.9063
CCC(=O)C1=CCOC1,-61.1212
O=C1[C@H]2[C@@H]3N2[C@H]1[C@]13CO1,51.4371
C[C@H]1C[C@@]23C[C@@]12CCO3,13.7162
Cn1cnc(n1)C(=O)N,-12.8651
CC1=NNC(=O)[C]([NH])N1,-5.4072
C[C@@H](N)C(=O)OCC#N,-61.2994
O[C@H]1[C@@H](O)C(=O)CC1=O,-137.4326
OCC[C@]12C[C@H]1C(=O)C2,-37.2947
CC[C@@](O)(C#C)C(=O)N,-41.9297
CC[C@H]1[C@H]2CCN2C1=O,-3.6253
CCCc1cc(N)c[nH]1,9.4686
N#C[C@H]1N[C@H]2C=CC[C@@H]12,82.9127
C[C@@]12C[C@H]3O[C@@H]1C[C@@]23O,-20.9776
COC[C@@]1(O)C[C@H]1C,-72.8599
CC[C@H]1O[C@H]1C(=O)C=O,-78.8044
O=c1ocncc1C#N,-10.7225
CO[C@@]12C[C@]1(C)[C@H]1O[C@@H]21,-0.6601
C[C@@]12C[C@]1(O)[C@@H](N2)C#N,43.8623
[NH][C]1NC=CCN1C=O,2.5782
N[C@@]12[C@H]3N[C@@H]1C(=O)O[C@@H]23,-3.2191
C[C@H]1C[C@@](CO)(C1)C#N,-10.1219
CC(C)(C)C[C@@H](O)C#C,-13.2804
OCCOc1ncc[nH]1,-56.6847
CC[C@]1(C[C@H]1C=O)C#N,7.9584
O=CC1=C[C@@H]2[C@H]3CN2[C@@H]13,86.3248
COCc1nn(C)nn1,18.4207
CN=C1NC=NC21CC2,52.8969
C1[C@@H]2C[C@@H]3C[C@H]1[C@@H]1[C@H]2[C@H]31,30.1875
O[C@@H](C#N)c1c[nH]cn1,20.9973
C[C@]12C[C@H]1C[C@H]2CC=O,-0.4361
CC(C)[C@H]1[C@H]2C[C@H]2[C@H]1C,15.2625
C(C1CC1)n1ncnn1,80.0263
O[C@H]1C[C@H]1CNC=O,-63.7332
C[C]([NH])N1C=CCC1=O,-14.3612
C[C@@H](O)CC#CC(=O)C,-40.6481
N[C@@H]1C(=C([NH])C=CO1)F,-38.6249
C[C@H]1[C@H]2O[C@@H]3[C@H]2[C@H]1C3=O,0.3068
CC(C)(C#N)[C@@H](N)C#N,46.1769
CCN1C[C@]2(C[C@@H]12)C#N,75.6952
C[C@@]1(O)CCOC1=O,-134.0591
O=CC[C@@]12[C@@H]3[C@H]4[C@@H]3N1[C@@H]24,117.32
CC[C@H]1O[C@@H](C)[C@H]2C[C@@H]12,-39.2417
C[C@]12C[C@H]1CC(=NO)C2,11.7072
Oc1ncc(nc1)C#C,52.4169
Nc1c[nH]c(O)c1,-9.3324
Cn1nc(C)c(C=O)n1,7.9233
C[C@H]1[C@@H](C#C)[C@]1(N)C#N,106.6765
COC(=NCC(=O)N)N,-88.2969
Nc1coc(O)cc1=O,-89.9312
COC[C@@]1(O)CO[C@H]1C,-110.6377
O[C@]12CC[C@H]1[C@H]2OC=O,-71.0503
CC1=C(O[C@H]([NH])N1)C=O,-46.1056
CCOCCCO,-101.6312
C1[C@H]2C[C@H]3C[C@@]12OCC3,2.1054
O[C@@H](C=O)c1cnno1,-37.3481
N[C@@]12CN(CC1)[C@H]2C#N,77.2298
C#C[C@H]1C[C@]21CN=CO2,64.4517
C[C@H]1CC(=C[C@]21CO2)C,-13.1833
C1[C@H]2C[C@]31C=CCO[C@@H]23,49.3103
C[C@@H](C#CCO)C(=O)C,-35.7604
C[C@H]1C[C@H]2C[C@@](C)(O)[C@@H]12,-19.9326
OCC#CCN1CC1,46.3237
CNc1c[nH]c(O)n1,-18.5952
C[C@H]1NCC(=O)C=C1N,-23.4693
N#C[C@H]1[C@H]2[C@H]3O[C@@H]1[C@@H]23,84.2947
Cc1ncc(F)c(N)c1,-33.0068
C[C@H]1C[C@H]2[C@@H]3C[C@]3(O)[C@@H]12,16.737
C[C@H]1C=C(C)[C@H]2[C@@H](O)[C@@H]12,-10.1706
CC[C@H]1C=CC[C@H]1C#N,32.777
O=C1CN[C@H]2CNC2=C1,20.5685
CC(=NO)C#CC#N,80.978
CC(=O)N1C[C@H]1CC#C,37.7713
CN1C(=O)CCCC1=O,-100.0189
C[C@H]1N=C(CO)OC1=O,-113.4558
C[C@H]1COC[C@]21CO2,-54.8693
OCC(O)(CO)C=O,-159.6664
CN=C(C)OC[C@@H](C)O,-93.7298
C[C@H]1CN(C=C1)C(=O)N,-37.4402
O=CC#C[C@H]1C[C@H]1C#C,107.5052
C1[C@H]2O[C@H]2C[C@H]2O[C@@H]12,-26.8173
C[C@H]1N(C=O)C21CCC2,0.3405
O=C1CC[C@@]23CC[C@@]12N3,30.789
CCOC(=O)NC(C)C,-127.1898
Nc1n[nH]c(CO)c1,-5.2795
O=Cc1c(ocn1)C#C,25.0596
O=CCO[C@H]1C[C@H]2N[C@@H]12,-4.8534
CCc1cn(C)nc1C,9.8125
CC[C@H]1O[C@@]2(C)C[C@@]12O,-48.1931
C1C[C@@H](O1)c1c[nH]cn1,10.1079
CNC(=O)C(=O)NC,-105.0342
CO[C@H]1C[C@@]2(C)C[C@@]12C,-17.2915
C[C@]12N[C@H]1C[C@H]2N1CC1,83.3321
CC(=O)C(=O)C1CC1,-57.1404
C[C@H]1[C@H]2C[C@@](C)(C#N)N12,75.1367
CN1C[C@@]2(C)OC[C@@]12C,-5.0534
C1OCC1c1n[nH]cn1,23.5922
O[C@@]12[C@H]3[C@@H]1[C]1[CH]C[C@@H]2[C@@H]31,119.3433
O=C1O[C@H]2[C@@H]1CNC2=O,-95.6152
C[C@H]1C[C@@H](C)[C@@H](O)C1,-67.8009
C[C@H]1O[C@@]2(CCO)C[C@@H]12,-43.3983
C[C@@]12OC[C@]1(O)CC2=O,-70.2759
O=CCOCC1CCC1,-59.0534
C(C1CC1)C1=CCCC1,22.5634
O=CCC1=C[C@H]2C[C@H]2C1,8.391
C1[C@H]2[C@@H]1[C@@]13CC[C@@]21CC3,102.5092
N#CC#Cc1n[nH]cc1,124.9948
ON=C1C[C@@]2(O)CC[C@@H]12,1.7819
OC[C@H]1[C@H]2[C@@H](CN12)C#C,80.0266
Nc1cc2c(o1)nno2,26.4485
CC[C@]12N[C@H]1[C@H]1O[C@@H]21,62.1871
CN1[C@H]2[C@@H]1[C@@H]1[C@H]2N1C,117.4208
C[C@@]1(O)[C@@H]2[C@H]1[C@@H](O)[C@H]2O,-77.5656
N#C[C@]12NC[C@H]1[C@H]1C[C@@H]21,115.8858
CC1=C[C@@H](O)C[C@]21CN2,1.46
Cn1c(O)cc(O)c1O,-87.5622
CC1(C)C[C@H]1[C@@]1(C)CO1,-17.3379
OCCC1=C[C@@H](O)CC1,-73.318
C[C@H]1N=COC(=O)[C@H]1N,-64.1903
O=C1CCCC=C1C#N,5.0616
O[C@H]1C[C@]21C=CNC2=O,-36.0771
Cn1nc(C)c(CO)n1,-7.3056
C[C@H]1[C@@H](CC1=O)C(=O)N,-74.3325
OC[C@]12OC[C@H]1CC2=O,-65.03
OCC[C@H]1C[C@H]2C[C@H]2O1,-58.554
C[C@H]1C[C@@H](O)C[C@]1(C)O,-104.7988
CO[C@@H](C#N)C(=O)OC,-89.9819
CN=c1oncnc1F,-5.3546
CC(=O)C[C@@](C)(O)C=O,-130.2513
[NH][C@@H]1N=NNC(=N1)C#C,156.8851
CC[C@]12O[C@H]1C[C@]12CN1,34.8278
C[C@]12CCN[C@H]1[C]([NH])O2,-9.8926
C[C@H]1[C@@H](C#N)N2C[C@@]12C,71.5128
C[C@H]1[C@H]2[C@@H]3CO[C@H]2[C@]13C,11.3185
CC(=O)[C@H]1N[C@]1(C)CO,-61.5111
O=c1[nH]cccc1C#N,12.4608
C[C@H]1O[C@]21[C@@H](C)CC2=O,-41.4193
O=CCN[C@H]1[C@H]2C[C@@H]1O2,11.9162
[nH]1ncc2c1cccc2,53.7001
C[C@@]1(CCO)CNC1=O,-78.4206
C[C@H]1[C@H]2[C@H]3[C@@H]1C(=O)[C@@]23O,0.4499
CN1C[C@@]2(O)C[C@@]12C#C,74.5792
O=C1C[C@H]2[C@@H](N1)[C@H]2C#N,15.7629
C[C@]1(O[C@H]2[C@@H](O)[C@@H]12)C=O,-55.3713
CC1(C)O[C@H]2CC[C@@H]1O2,-85.2557
CCC1=CCC(=O)C1,-32.4636
O=C1O[C@H]2CC=CC[C@@H]12,-48.7582
[NH][C]1OCCC2(CC2)O1,-44.4705
C[C@H]1[C@@H](O)c2nccn12,19.2464
O[C@H]1C[C@]1(C=O)C#N,-19.7764
C1O[C@]21CC[C@H]1O[C@@H]21,-24.4654
C[C@H]1C[C@@]23C[C@@H]([C@H]2O)N13,83.1128
C[C@H]1[C@H]2O[C@]3(C)C[C@H]2[C@H]13,7.244
Cc1ccc([nH]1)C1CC1,33.4396
C1C=CCC=CCC=C1,51.2241
CC[C@]1(CN1)[C@@H](N)C#N,49.1062
CO[C@H]1CO[C@H]2C[C@@H]12,-46.6075
OCC(=N)NC(=N)C#C,40.8575
CN(C)c1cc(C)c[nH]1,16.9473
CCC[C@H]1[C@H]2CO[C@@H]12,-2.3186
C[C@H]1C[C@H]1CCCC=O,-34.4664
ON=C1[C@H]2C[C@@]1(O2)C=O,26.8891
Nc1ccc(O)cc1,-20.4089
C[C@H]1C(=O)C[C@H]2C[C@@]12O,-59.3372
CC[C@@]1(O)C[C@@H](CO)C1,-84.9914
CN=C1OC(=O)C[C@H]1C,-82.7166
CO[C@]1(C[C@H]1C=O)C#N,-12.757
C#CC#C[C@]1(CO1)C#N,140.5689
C[C@]12C[C@H]1CC[C@H]2CO,-35.9316
CN1CCC(=CC1=O)N,-37.9228
CC1=CNCCC1=NO,9.4347
C#C[C@]12CC=CC[C@H]1O2,61.0446
C[C@]12C[C@]3(CO3)C[C@H]1O2,-35.3488
OC[C@H]1[C@H]2O[C@H]2[C@H]1CO,-68.131
C[C@H]1CN(C=O)[C]1[NH],-15.5095
Oc1c(O[CH][NH])occ1,-60.5117
NC1=C(OC=N[C@H]1O)[NH],-41.0456
COCC[C@H]1N[C@H]1C=O,-45.2115
C#CC#CC[C@H]1CO1,93.5852
C[C@@]12[C@H]3C[C@@H]1[C]([NH])O[C@@H]23,22.836
C[C@]1(CCOC1=O)C=O,-120.3656
C1CCC=CCC1,-1.4571
[NH]C1=C[CH]COCO1,-42.7958
O=C[C@H]1CC=C(C1)C=O,-45.1462
C[C@@]12N[C@@]3(C#N)[C@@H]1N[C@@H]23,145.9056
CCOCC#CCC#C,64.3385
CC[C@@](C)(C#C)C(=O)C,-1.9283
C[C@@H](CC=O)N(C)C=O,-86.0931
COCc1c[nH]nc1,-1.9936
COc1cc(=O)onc1,-56.8119
C[C@@]12CC[C@]1(CC=O)N2,11.4995
OCC[C@]12C[C@H]1C(=O)N2,-34.8477
FC1=CC(=O)N[C]([NH])O1,-104.6182
O1[C@H]2[C@H]3[C@@H]1[C@@H]1[N][CH]N3[C@H]21,82.555
O[C@H]1C[C@]21C[C@@H](O2)C#C,30.5126
O=C[C@H]1[C@H]2O[C@H]2C21CC2,12.5294
NC(=N)c1cocn1,1.4856
C[C@@]12C[C@H]3OC[C@@H]1[C@@]23C,-0.7347
C[C@@]12[C@H]3[C@H]4[CH][C]1CN2[C@@H]34,146.1772
C[C@H]1N[C@]21C=C[C@H]1C[C@@H]21,70.1119
CCC#N,10.9664
O[C@H]1[C@H]2C[C@H]3CO[C@H]3[C@@H]12,-23.8158
O=C1N[C@@H](CC=C1)C#C,36.2269
O=CN1C(=O)COC1=O,-152.2353
C[C@@]1(O)C(=O)OC21CC2,-86.9357
C[C@H]1C[C@H]2C=CCC[C@@H]12,18.1181
Nc1c(O)c(=O)nc[nH]1,-54.202
CC1(C)COCCC1=O,-90.6486
CCn1cc(N)cn1,29.9175
C1O[C@H]2CCCC[C@@H]1O2,-84.5096
[NH][C]1N[C@@H](C#N)[C@H]2O[C@@H]12,50.4972
Cn1nc(C)c(O)n1,-6.5
CC#CC[C@H]1C[C@H]1C=O,31.0403
Nc1c(N)nn[nH]1,56.655
[NH][C]1OCC=CN1C=O,-34.8732
O[C@H]1CC[C@@H]2CC[C@H]1C2,-54.1526
Cn1nc(N)c(O)c1N,-1.6495
Nc1c(CC#C)nco1,46.9978
NC1=CC(=O)CCC=C1,-8.8884
C[C@@H](N)CNC(=O)C#N,-22.3106
CCO[C@@]1(C)C[C@H]1CO,-78.1541
CC1(C)N[C@]1(C)CC=O,-24.9674
[NH][C]1OCc2c1cno2,9.3874
[NH][CH]OCCNC=O,-76.6344
CC#C[C@@H](C)C1(O)CC1,14.2502
CC#C[C@@]1(C)C[C@H]2C[C@@H]12,80.9129
C[C@@]12C[C@@H]([C@H]1C=O)C2=O,-7.2835
CN1C[C@@H]2C[C@H]1C(=O)O2,-64.7811
C[C@]1(C[C@H]1C=O)C=O,-49.8826
COC[C@@H](C)C(C)(C)C,-79.8175
CC1=C(N)OC(=C[N]1)[NH],3.1486
C[C@@]1(C#N)[C@H]2CC=C[C@@H]12,66.626
C[C@H]1C[C@@](N)(C#N)[C@H]1O,-1.713
CC1=C(ON=C([CH]1)O)[NH],-16.72
O[C@H]1[C@H]2C[C@H]3N[C@H]3[C@@]12O,-15.6089
O[C@H]1[C@H]2COC(=O)[C@@H]12,-92.6882
C[C@H]1[C@@H]2C[C@@H](N2C)C1=O,3.8678
C[C@H]1[C@H]2C[C@@H]3[C@H]2OC[C@H]13,-7.4328
OC[C@H]1[C@@H](O[C]1[NH])C=O,-76.1121
O[C@H]1CC[C@]21CC(=O)N2,-49.709
OCc1noc(c1)C#C,33.7483
N[C@H]1[C@@H](NC1=O)C(=O)N,-64.8112
CCN1CCC[C@H]1C#N,25.6295
CCCN1[C@H]2C[C@@H](O)[C@@H]12,2.5915
C1O[C@H]1[C@H]1[C@H]2[C@H]3C[C@@H]1N23,73.8694
CC1=C[C@@H](CO)COC1,-71.4185
O[C@H]1CC=CC21CCC2,-8.433
C1[C@H]2[C@H]3C[CH][C]1[C@@H]23,123.2181
C[C@H]1N[C@]21CCOC2=O,-62.1487
Cc1nonc1CC#N,57.7549
C1CN2[C@H]3COC[C@@]23C1,-0.6867
C[C@@]12C=C[C@@]3(C)[C@@H]1CN23,99.7479
CCO[C@@H](C)[C@@H](O)C#C,-42.2105
O=C1CO[C@H]2OC=N[C@@H]12,-76.3808
C[C@@]12[C@H]3C[C@@H]1[C@H]3[C@]12CN1,118.2055
C1[C@H]2[C@@H]3[C@H]2[C@H]2O[C@@H]3[C@@H]12,34.2242
C#CC1=C[C@]2(CN2)CC1,102.7197
CCC(=O)CCCCO,-107.7838
O=CO[C@@]12C[C@@H](C1)C2=O,-48.9903
C[C@@H](O)CN1CC1,-23.5945
OC[C@H]1C[C@H]2C[C@@]12C#C,57.6298
C[C@]12CC[C@H]1[C@H]2O,-7.436
CC(C)NC(=O)C(=O)N,-115.9296
N#CC[C@H]1O[C@H]2CO[C@@H]12,2.4281
CO[C@H]1[C@@H](C)[C@H]1CC=O,-57.998
CCCc1c(C)[nH]cn1,-2.3957
CNC(=O)[C@H]1CCO1,-70.91
O=CC(C1CC1)C1CC1,4.2897
OCC(=O)c1c[nH]nc1,-32.4742
CC(=O)N1CC[C@H]1C#N,2.6857
CN(CC(=O)N)C=O,-93.8966
CN1C[C@H]1CCOC=O,-56.0454
CN(C=O)c1c[nH]nc1,0.0255
CNc1c[nH]ncc1=O,6.0596
OCC[C@@H](O)C1(O)CC1,-112.4475
C[C]([NH])OC(=O)C(=O)C,-109.4579
NC(=O)[C@@]1(O)C[C@H]1C#C,-8.2226
CC#CCC=O,11.7323
Cc1c(C)cc(o1)C=O,-59.4013
N#C[C@@]12O[C@H]3C[C@@H]1[C@@H]23,83.5818
FC(F)(F)COC1CC1,-192.8391
O=C[C@H]1[C@H]2CO[C@@H]1C=C2,-21.8618
CCCNC(=O)CC,-79.4967
CC1(CC1)[C@H]1[C@H]2CCN12,71.1242
CC[C@@H]([C@@H](C)O)C(=O)C,-109.6971
C[C@@]1(COC=O)CO1,-102.9183
CN1CC[C@]1(CO)C=O,-48.5524
C[C@H]1[C@H]2OC[C@]1(C)[C@H]2C,-27.0254
C[C@H]1CN(C)C=CC1=O,-32.4167
CC(C)C[C@@H](O)[C@H]1CO1,-82.9307
C[C@@]12[C@H]3C[C@H]4O[C@@H]1[C@H]4N23,48.0719
CC#CC(=O)C(=O)C#C,54.3276
CCCn1ncc(C)n1,21.7838
C1C=C[C@H]2[C@H]3[C@H]4[C@@H]1[C@@H]2N34,104.9072
Nc1c(NC=O)occ1,-45.9487
NC(=O)C(=O)CCC#N,-58.4286
O=Cc1cc(=O)ocn1,-73.2546
CC[C@@H](NC(=O)C)C=O,-99.3185
CC#C[C@@H](C)C1CC1,51.0027
CCC1=C[C@H]2N[C@H]2[C@H]1O,4.1815
N#C[C@]12CO[C@H]1[C@H]1O[C@@H]21,47.9601
COC1(CC1)[C@@H](C)O,-71.955
C#C[C@]12C[C@H]3N[C@H]3[C@H]1O2,91.978
C[C@H]1C[C@]2(N[C@@H]12)[C@H]1CN1,78.5712
C1O[C@@H]2[C@@H]3C[C@H]1C=C[C@H]23,11.9201
C[C@H]1C[C@]2(CO[C]2[NH])C1,-2.4469
CC[C@H]1[C@@H]2[C@H]3[C@@H]2C(=O)[C@@H]13,30.1982
Cc1c(F)[nH]ccc1=O,-71.156
O[C@]12C[C@H]1[C@H]1CO[C@@H]21,2.9712
O=C[C@]12C[C@@H]3[C@@H]4[C@H]1[C@H]2N34,71.3342
CC[C@@H](O)CO,-104.9997
CCC1=CC(=O)OC1,-78.8648
Cc1c(C)c(c[nH]1)C#N,35.0952
C[C@H]1[C@H]2OC[C@]1(O)C=C2,-41.8962
N[C@@]1(C#N)[C@H]2CC[C@@H]12,74.9879
C[C]([NH])O[C@H]1CCC=C1,-23.0493
O[C@H]1CN=COCC1=O,-82.3351
CC1(CC1)[C@H]1CO[C]1[NH],0.5376
COC=NC[C@@H](C)C#C,19.7996
C[C@H]1CC(=O)[C@H]1[C@H]1CN1,6.2906
OCCCN1C[C@H]1C=O,-43.7607
C([C@H]1CN1)c1nonc1,67.137
C[C@H]1C[C@@H]2[C@@H]3O[C@H]1O[C@H]23,-45.089
OCc1c(O)nc[nH]1,-57.4001
OC[C@H]1[C@H]2C[C@@H](O)[C@@]12O,-74.2699
O[C@@H](C#N)c1nocn1,13.7496
Cn1ccc(O)c1C#N,11.9772
C1[C@@H]2C[C@@H]3C[C@@H]4[C@H]1[C@H]2[C@H]34,65.7359
C[C@H]1[C@@H](O)CC[C@H]1C#N,-26.3769
CCc1c(NC)cco1,-20.5198
C[C@@H](C=O)C(=O)N(C)C,-89.9429
CC[C@H]1[C@@H](CO)C1(C)C,-51.3256
OC[C@@H](NC=O)C#C,-27.024
O=C1COCC(=O)C=C1,-75.0583
CNc1cocc1C#C,50.1652
C[C@H]1O[C@@H](C)C(=O)[C@H]1O,-122.1068
C[C@H]1[C@H]2N[C@@H](C#N)[C@@H]12,85.9034
C[C@@]1(C[C@@H](N)C#N)CN1,50.471
OC[C@]12CN1C[C@H]1C[C@@H]21,20.1378
C1CN(C1)c1nonc1,62.4953
O=C1[C@H]2C[C@H]2[C@H]2N[C@@H]12,34.2384
C[C@]12N[C@H]1[C@@]1(O)CC[C@@H]21,34.3333
O[C@@]12C[C@H]3O[C@@H]4[C@@H]([C@H]14)[C@@H]23,9.7502
O[C@H]1C[C@H]1[C@H]1N[C@H]1C#C,73.9617
CCCC(C)(C)NC=O,-78.7311
C[C@@H](OC1CC1)[C@H]1CN1,3.5554
O=C[C@H]1O[C@H]1C(=O)C#N,-23.3394
Nc1noc2nccn12,49.0762
O=c1onc(cn1)C#C,60.0085
COC(=O)CC1COC1,-111.6519
CC[C@@]12OC[C@]1(O)[C@H]2O,-71.3896
O=C1[C@H]2[C@@H]3[C@H]2[C@H]2[C@@H]3N12,72.7679
COC[C@]1(CO1)C#CC,-4.6178
CC1=CCOCC=CC1,-4.0543
CC(C)(C)CC(F)(F)F,-210.5618
CN1[C@H]2[C@H]3N[C@H]3[C@@H]1[C@H]2O,50.7945
O[C@@]12[C@H]3CC[N][C]1N[C@@H]23,84.508
C1OCC1OC1COC1,-64.3408
O[C@H]1[C@H]2CNC(=O)[C@@]12O,-92.1173
[NH][CH]O[C@H]1COC1=O,-80.1828
C1C[C@H]2CC[C@@H]1CC2,-17.9699
O[C@]12[C@@H]3[C@H]1[C@H]1[C@@H]3C[C@@H]21,69.3666
O[C@H]1CC[C@H]2C=CC[C@@H]12,-26.2687
CN[C@@]1(C#N)[C@H]2C[C@@H]1C2,89.1892
CCCNC(=O)NC,-74.1469
O[C@H]1[C@H]2CC[C@H]2NC1=O,-65.0993
O=N(=O)c1ccncc1,20.7247
OCC1=C(OC[CH]1)[NH],-50.7244
C[C@@]1(O)CO[C@]1(C)CO,-118.7684
CCc1ccc(CC)o1,-41.0303
C[C@H]1[C@H]2CO[C@@H]1C2=O,-32.8552
OC[C@H]1[C@H]2O[C@@H]3[C@H]2O[C@H]13,-38.9845
C[C@@H](CNC(=O)C)C#N,-38.4398
N#C[C@]12C[C@H]1[C@H]1O[C@@H]21,87.387
O=C1CN=C2[C@H]3C[C@H]3N12,52.9749
C[C@]1(CNCC1=O)C=O,-61.397
C1O[C@@H]2[C@H]3C[C@@]12CCO3,30.2768
COC[C@@](C)(O)[C@H]1CN1,-66.5461
O[C@H]1COC=NCC=C1,-32.1368
CCC1(CC)C[C@@H](C)O1,-60.1578
O=C1CN[C@]2(C[C@@H]12)C#N,37.2263
CN1C[C@]2(C)C[C@H]1C2=O,1.9808
CN=C1N(C)C[C@]21CO2,26.1654
CO[C@@H](CO)C#CC#N,6.1813
CC(=O)N[C@H]1CN2C[C@@H]12,6.4509
CC(C)C1(CCO)CC1,-47.4268
O=C1[C@H]2CC3(CC3)[C@@H]1N2,36.2434
CC1=C(C)[C@H]2OC[C@H]2C1,-14.8939
COc1cccc(O)n1,-66.7724
CN=C(NC(=O)C)C#C,24.5865
COC[C@H]1[C@@H](O)[C@]1(C)O,-104.9989
Oc1ccccc1C#N,7.8307
CC1(C)[C@H]2[C@H]3O[C@@H]1[C@@H]23,34.8148
C[C@H]1[C@@H](O)[C@@]2(O)CC[C@@H]12,-50.9071
CC1(CC1)OC(=O)CN,-76.2575
OCC1=CCC(=O)N1,-66.2986
Oc1nn2cn[nH]c2n1,41.955
CO[C@@]1(C)[C@@H](N)[C@H]1C#N,7.9331
C[C@@]1(C#C)[C@H]2[C@H]3CN3[C@@H]12,164.9366
C[C@H]1O[C@H]2C[C@@H](O)[C@@H]12,-41.7832
CC[C@@H](CCC#N)C#N,31.9321
CC1=C[C@@H]2CC[C@@H](C2)C1,0.3332
CC#C[C@H]1CCCC1=O,6.4181
COC1=CCOC(=N1)[NH],-38.3646
CC(C)C(C)(C)C(=O)C,-76.5232
O=CCN=COC1CC1,-29.527
C[C@H]1CCOC[C@@H](C)O1,-96.8545
O=C1C[C@H]2[C@@H]1CC12CC1,27.7873
C[C@H]1OC[C@H]2[C@H]3C[C@@]12C3,31.3159
CC(C)O[C@H]1CCCO1,-105.1552
CC#Cc1ncncc1,84.4173
O=C1C[C@H]2[C@@H](N[C@@H]12)C#N,56.0566
C[C@H]1[C@H]2[C@@H]3O[C@H]2C(=O)[C@H]13,-0.8045
CN=C1CCNC(=O)N1,-41.9228
o1ncc2c1nccn2,52.0664
C[C@@H](CO)NC(=O)N,-108.6561
CCN(CCC#C)C=O,-1.6041
C[C@]12CC[C@@H](O)[C@H]1O2,-67.3906
COCC#CC(=O)C#N,28.6535
C1[C@H]2N1CC12CC1,79.9236
O=C1N[C@@H]2C[C@H]1OCC2,-71.5764
CC(C)[C@H]1CCC21CC2,12.6784
CNC(=O)[C@@]1(C)CO1,-73.8951
Cn1cccc1C,12.1619
OC(=O)C[C@H]1CNC1=N,-63.9161
Nc1nc(N)nnc1O,1.0358
C[C@H]1O[C@@H]2C[C@H]1[C@]12CO1,-17.3506
O=C1OC[C@H]2[C@H]3N[C@H]3[C@@H]12,-12.5449
N#C[C@H]1COCC21CC2,17.1451
CO[C@H]1C[C@@H](C)C1(C)C,-52.531
C[C@H]1C[N][C]2OCCN12,-18.4405
CCC[C@@H](CC#N)C=O,-24.5409
CC(=O)N[C@@H](C=O)C#C,-20.1151
N#C[C@@]12[C@H]3CN1C[C@@H]2O3,85.8538
[nH]1ncc2c1[nH]nc2,88.9054
C[C@H]1[C@H]2CC[C@H]2CC1=O,-28.187
NCC(=NCC(=O)O)O,-128.9002
C[C@H]1CC[C@]21CC=CC2,21.7018
C[C@]1(CN=CO1)OC=O,-106.9071
O=C[C@H]1CCCCC1=O,-77.1102
C[C@]12CC(=O)[C@H]1OC=N2,-31.9556
[NH][C]1NC=CNC1=O,-2.5907
Oc1nccnc1,-7.8541
C[C@@H](O)[C@@]1(C)NCC1=O,-61.2444
CC1(C)[C@H]2[C@@H](O)CCN12,-18.8825
OC[C@H]1OC2(CC2)C1=O,-66.5008
N#C[C@H]1N[C@@H]2[C@H]3C[C@@H]2[C@@H]13,104.6634
C[C@]1(C[C@H]1CO)C(=O)N,-77.5138
Nc1c(O)occ1C=O,-72.6797
N[C@H]1[C@@H](CO)[C@H]1C#N,10.7298
Cc1cc(O)cc(C)c1,-38.2361
O[C@H]1[C@H]2N[C@@H]1[C@]12CN1,71.7269
C[C@H]1[C@@](C)(O)[C@]1(C)C#N,-13.2714
COC(=N)NC(=O)CO,-117.6828
C[C@@]12O[C@H]3[C@H]4[C@@H]1CN4[C@@H]23,62.7381
C1CNc2cocc2C1,-3.596
COC1=NON=C[C]1[NH],35.7339
CC(C)(CCO)[C@H]1CO1,-75.2964
CNc1nnc(NC)[nH]1,40.0306
N#C[C@]12NC[C@H]1[C@H]1O[C@@H]21,90.2928
CC1=CCCCCC1,-10.0413
O=C[C@]12C[C@]3(CO3)[C@H]1O2,-17.4172
C[C@@](C=O)(C#N)[C@H]1CN1,27.7704
COC(=NC)NCC#C,29.0243
OC[C@@H](C#N)C#CC=O,21.8482
CCN1[C@@H](C)[C@]1(C)CO,-37.259
c1c2ccncn2nn1,88.6242
Cc1c(CC#C)cco1,38.4028
CCOCCC[C@@H](C)O,-116.3348
C[C@H]1N[C@]21[C@H]1CN1C2=O,49.8738
CC1=C[C@@H]2[C@H]3C[C@@H]2[C@@H]1C3,49.1352
O=C1CN[C@@H](C=C1)C#N,29.2211
C[C@H]1[C@@H]2C[C@@](O)(C2)[C@H]1C,-32.9748
O=C[C@]12N[C@H]1CC=C2,26.2276
O[C@H]1[C@H]2OC[C@]31OC[C@@H]23,-23.2736
CNC(=O)[C@@]1(O)C[C@H]1O,-112.7704
COc1nn(C)cc1O,-42.2632
O=C1CCCC[C@H]1C#N,-17.0046
CC(C)N1[C@@H](C)CC1=O,-54.478
CCN=CN1C[C@H]1C#N,73.402
O=C[C@H]1N=COC21CC2,-20.0963
OC[C@H]1CCC(=NO)C1,-49.3675
O=C[C@]12C[C@@H](C#N)[C@H]1N2,56.4055
C[C@@H](OC=O)[C@@H](O)C=O,-160.7445
C[C@@]12[C@@H](O)[C@H]3[C@@H]1C=C[C@@H]23,47.5081
Nc1nc2cocc2[nH]1,25.0322
CC[C@@H](C)C1COC1,-43.7755
C[C@H]1NC21CC(=O)C2,7.8109
Oc1c([nH]cc1)[C@H]1CO1,-22.1508
CN[C@@]1(C)COC1=O,-69.9725
CCO[C]([NH])[C@@H](O)CO,-127.7282
C[C@@H](O)c1cc(C)no1,-46.7578
C[C@@]1(O)C[N][C]2NC[C@@H]12,11.6122
CC1(C)N2C[C@H]2[C@]21NC2,76.7822
CNC(=O)[C@@H](C)C=O,-92.1826
OC[C@@]1(C=O)[C@H]2CO[C@@H]12,-52.5946
CCC1(COC=O)CC1,-77.6428
CO[C@H]1CN2C[C@]1(O)C2,-33.4206
O=CO[C@]12C[C@H]1CCC2,-62.2463
O=C1CNC[C@H]2O[C@@H]12,-33.1805
C1CC21[C@H]1C[C@H]3O[C@@H]2[C@@H]13,56.1928
CN1[C@@H](CCO)[C@H]1C#C,43.1586
O[C@H]1C[C]([NH])NC1=O,-70.6989
C[C@@]12C[N][C]3O[C@@H]1[C@@]23C,98.1886
C1[C@H]2[C@@H]1[C@]13N[C@@H]4[C@H]1N2[C@H]34,188.7196
O[C@@]12[C@H]3C[C@@H]1C(=O)[C@@H]2C3,-5.0132
COCC(C)(C#N)C#N,17.1969
O=CCCCCCC=O,-83.7692
C1O[C@@]23[C@@H]1O[C@H]1[C@@H]2N[C@@H]31,67.7243
[NH][C]1NC=CN=CC1=O,30.8693
N#C[C@H]1N[C@@H]2[C@H]3N[C@@H]2[C@@H]13,125.2862
O[C@H]1[C@H]2C[C@]1(O)C(=O)C2,-86.3766
OC[C@H]1OC21CC(=O)C2,-68.1581
CC(C)C(=N)N(C)C=O,-48.3726
CC#C[C@H]1C[C@H]2N[C@@H]12,104.5803
CCN1[C@@H](C)C=CC1=O,-41.5238
[NH][C]1OC[C@]2(O[C@@H]12)C#C,32.8905
C[C@]12C[C@H]3O[C@H]3[C@H]1[C@H]2O,-30.7498
CC[C@@H](C)[C@H]1N[C@H]1C#C,64.4701
C[C@]1(C[C@H]1O)O[CH][NH],-47.0973
C[C@@]12C[N][C]3[C@@H]1[C@H]1[C@@H]2N31,169.2818
C[C@]12C[C@H]1C(C)(C)OC2,-41.1858
O=C1CC2(CC2)[C@]21CN2,39.7875
O=C[C@]12N[C@H]1C[C@H]2C#N,59.3253
C[C@@H](CC#C)CC(=O)N,-11.4855
CC[C@@]12[C@@H]3[C@H]4[C@@H]3[C@@H]1O[C@@H]24,63.2912
O[C@]12CC[C@H]1C12CCC1,18.8097
CC#C[C@H]1C[C@@H](C)C=C1,54.4985
C#CCn1ccnn1,115.635
O[C@@]12C[C@]1(O)[C@H]1O[C@H]1C2,-62.0869
CO[C@H]1OC[C@@H](O)C=C1,-98.776
C1O[C@H]2CCC[C@@H]1CO2,-79.0252
C[C@@]12[C@H]3[C@@H]1[C@@H]1[C@H]3N2C1=O,85.012
C#C[C@H]1O[C@H]2C[C@@]12C#C,137.1406
C[C@@]1(N)C[C]([NH])OC1=O,-74.7055
CCC1=C[C@H]2OC[C@@H]1O2,-42.9793
NC(=NCC(=O)C#N)N,11.1064
COC[C@@H](C)NC(=O)N,-109.0319
C[C@@]12[C@H]3[C@@H]1[C@@H]1C[C@H]3[C@]21O,56.9031
O[C@]12CC[C@H]1CC2,-9.0587
O=C[C@H]1[C@H]2CO[C@@]12C#C,50.793
OCC[C@]12C[C@H]1CCO2,-60.5683
CC(=NO)C[C@@]1(C)CO1,-34.0456
C#C[C@@]12CN3[C@@H](C=C1)[C@@H]23,155.1969
CC(=O)N1C[C@@H](O)[C]1[NH],-54.2675
OC[C@@]1(O)CCC1=NO,-66.2719
CC1=C(CO)CCC1=O,-72.6473
COCCCO[C](C)[NH],-90.3092
[NH][C]1NC(=O)C2(CC2)N1,-6.6356
C#CCOc1conc1,47.625
O[C@]12C[C@H]1[C@@]1(O)C[C@@H]2C1,-17.0813
CO[C@H]1[C@@H](C)C21COC2,-35.3756
O=C[C@H]1CC(=O)[C@]21CN2,-7.329
O[C@H]1CC=C[C@H]2C[C@@]12O,-43.2535
CC1=CCC(=O)[C]([NH])N1,-10.9689
CC(C)C(=O)NCC#C,-7.9018
Cc1coc(=O)cc1,-59.7861
C[C@H]1CN1C[C@@H](O)C#N,14.8602
N[C]1C(=C([NH])OC1)C=O,-39.3316
O=C(C#N)[C@H]1CC=CC1,21.3731
C1C[C@H]2C[C@@H](C1)N=CO2,-32.824
C[C@]12C[C@@H]3[C@H]1[C@]3(CO)C2,21.3473
C[C@H]1O[C@H]2[C]([NH])O[C@@]12C,-32.573
C1N[C@]21CC=C[C@]12CN1,87.0368
C#C[C@]12C[C@H]1C1(CC1)C2,121.9594
C[C@H]1[C@H]2C[C@H]3O[C@H]3[C@@]12O,-25.586
C1[C@H]2N1C[C@]12CCO1,41.773
O=C[C@]1(COC1=O)C#N,-50.7434
NC(=O)NC(=O)C(=N)N,-85.0443
O[C@H]1[C@H]2[C@H]3C[C@@H]1C=C[C@@H]23,5.5622
Cc1nc(=O)onc1F,-64.0541
N=CNc1ncccn1,42.3549
C[C@]12OCC[C@H]1C[C@H]2O,-69.007
O=C1OCC(=C1)N1CC1,-31.6375
C[C@H]1CO[C@]21COC2=O,-84.8662
C[C@]12COC[C@H]1[C@H]1C[C@@H]21,5.6288
C[C@@H](O)CO[C]([NH])C#C,-20.6076
CC[C@H]1O[C@@H](C)[C@H]1O,-82.6459
C[C@@]12COC[C@H]3[C@@H]1CN23,41.4399
Cc1c([nH]cn1)[C@H]1CN1,50.9384
C[C@H]1N[C@]21CCNC2=O,-24.0059
O[C@H]1COC2(CC2)C1=O,-83.7592
C1[C@H]2[C@@H]1[C@H]1C[C@@H]21,86.3532
CN=C1C[C]([NH])OCO1,-52.5167
O[C@]12COC[C@H]1N1C[C@@H]21,-7.7575
C[N]C1=C[C@@H](N=CO1)C,-4.5369
C#C[C@]12C[C@]3(CN3)[C@H]1O2,110.7048
C[C@H]1NC2(CC2)C1=O,7.9295
C[C@H]1N[C@]1(CC#N)C#N,83.5556
C[C@H]1C[C@@]2(C)N[C@@]12C=O,3.8822
OC[C@H]1CC[C@@H](O)CO1,-133.875
Cc1nn(CCO)cc1,-16.5693
O=CN1[CH][C]2C[C@H]3[C@@H]1[C@@H]23,95.0453
C1[C@H]2C=CC[C@H]3C[C@@]12C3,71.5234
CC[C@]12CC[C@H]1[C@H]2C#N,55.6717
CC1(C)CC=C(C1)C#N,25.8392
C[C@H]1[C@H]2N[C@H]2[C@H]1O,6.5164
OCCNc1n[nH]cc1,-3.6491
CC[C@H]1C[C@H]2O[C@@H]12,-2.9732
C1[C@H]2OCC=C[CH][CH][C@@H]12,55.2082
CC#C[C@H]1C[C@@]2(C)C[C@@H]12,78.8553
C[C@@]1(CO)N[C]([NH])[C@H]1O,-54.3232
C[C@H]1OC[C@H]1CCC#C,21.9309
CC1(C)C[C@@H]2C[C@@H](C2)C1,-2.0788
O=Cn1cncn1,10.6101
C[C@@]1(O)C[C@H]2N[C@H]2[C@H]1O,-54.4829
Cc1c(N)cc(N)[nH]1,22.6384
NC1=NCCO[C]1[NH],-14.2127
[NH]C1=C(OC=CO1)[NH],-14.7302
C1CC2(C1)CCCCC2,-10.5338
NC1=C[C]([NH])OCC=C1,9.466
CCOc1nccnc1,-13.7832
O[C@@]12C[C@]3(CC(=O)[C@@H]13)C2,39.6893
C[C@H]1CC=C(C)[C@@H](C)C1,-20.6807
C[C@]12C[C@H]1C=CN2C=O,1.6688
C1[C@H]2N1Cc1conc21,68.5729
O[C@H]1C[C@H]1[C@]1(CN1)C#C,74.4907
C1OC[C@@]23COC[C@@H]2[C@@H]13,-42.0851
C[C@H]1C[C@H]2[C@@H](O[C@@H]12)C=O,-30.3162
O=CCC(=O)C1COC1,-78.6601
CC1=N[C@@H](CO1)C1CC1,-14.8
O[C@H]1[C@H]2[C@@H]3[C@H]2N2[C@@H]3[C@@H]12,64.1348
Cn1ccc2c1[nH]cc2,55.9053
O=C1C[C@]2(CO2)[C@H]2CN12,-7.2242
O=C1CCC1(C#C)C#C,106.852
CC1(C)N=COC[C@H]1O,-76.6001
Cc1c(N)cn[nH]c1=O,-10.8782
C[C](C(=O)F)[C][NH].N#N,-62.5754
C[C@@]12[C@H]3C[C@@H]1OC[C@@H]23,8.3063
C[C@H]1[N][C]2OC[C@H]3[C@@H]1N23,59.5369
OCc1ccc(O)cc1,-61.9333
CN[C]1N=C([NH])C=NO1,36.678
OC[C@@]12CC[C@H]3C[C@@H]1[C@@H]23,3.1972
OC[C@H]1CC(=NO)C=C1,-23.3028
CCN=C1COCCO1,-68.3315
CN(C)c1nc(C)c[nH]1,12.9077
OCC[C@@]12C[C@H]3[C@@H](C1)[C@@H]23,25.9714
C#C[C@@]12[C@H]3[C@H]4N[C@@H]1[C@H]4N23,194.8088
O=CO[C@H]1[C@H]2N[C@@H]1C=C2,5.3812
CC1=C(C)C(=O)CNC1,-28.321
CC[C@@]12C[C@]1(C)[C@H]1CN21,62.6183
NC1=N[C@H]2CCO[C@H]2O1,-67.6805
C[C@H]1[C@H]2N[C@]1(C=O)C2=O,12.1583
C[C@H]1[C@@H](O)[C@H]1OCC#N,-24.9261
[O][C][CH]C(=O)C#N.N#N,-5.2697
CC#C[C@@]12CN3C[C@@H]1[C@@H]23,141.1979
C[C@@H](O)[C@@]1(C)O[C@H]1C,-82.2543
Nc1c(F)cnc(=O)[nH]1,-62.4116
CCCO[C@H]1C[C@@H](C)C1,-53.5802
CCc1coc(=O)cn1,-51.5232
C[C@]1(CC[C@]21CO2)C=O,-32.7798
CCn1nc(C)c(N)n1,26.8532
N#CCC[C@]12CN1CC2,74.7439
C[C@H]1CN2[C@H]3[C@@H]4N[C@]13[C@H]24,141.2787
COc1nc(CO)co1,-89.0607
Cc1ccc(N)n1C=O,-18.1174
C[C@]12C[C@]1(CC2)C#C,86.2717
COC(=O)CC1CCC1,-86.3495
CCCC1(CCC1)C=O,-36.952
CC[C@@H](C=O)C#CC=O,-12.7968
CC1(C)OC[C@H]2C[C@@H]12,-32.9667
C[C@H]1[C@H]2O[C@@H]1[C@H]2N(C)C,24.2356
C1[C@H]2O[C@@H]3CCCO[C@]123,-21.9188
CC1=CC[C@]2(CO2)CC1,-14.7627
O=C[C@H]1CCC(=O)O1,-113.3709
C1O[C@H]2[C@@H]1[C@H]2C1COC1,3.8135
CO[C@H]1[C@H]2N[C@]1(C)C=C2,30.4698
COC[C@@H](OC)C#CC,-34.8968
[NH][C]1O[C@@H]2C[C@@H](C2)C1=O,-26.8232
C[C@H]1N2C[C@H]2COC1=O,-50.2907
OC[C@H]1CC(=NO)CO1,-76.6403
CC[C@H]1CO[C@H]1CC,-47.9635
C[C@@]1(CO)C[C@@H](O1)C#C,-13.027
C[C@H]1CN1[C@]12C[C@H]1CC2,69.4236
CO[C@@H](CO)CC#N,-61.8845
CC[C@@]12O[C@]1(C)[C@H]1N[C@@H]21,33.3607
CC[C@]1(CN=CO1)OC,-77.4598
C1N[C@]21CC[C@@H]1C[C@H]2O1,16.2002
C[C@]12O[C@H]1[C@@H](O)[C@H]2CO,-78.5991
CO[C@@]12C[C@@H](C1)OC2=O,-85.4635
CC1(C)CC[C@]1(O)C#C,15.9388
Cc1c(O)c(=O)occ1,-105.3513
O=COC[C@H]1OCC=C1,-94.0736
CO[C@H]1[C@H]2C[C@H]2[C@H]1OC,-35.1955
CN1[C@@]2(C)[C@@H]3N[C@H]2[C@]13C,99.4472
NC(=O)C1OCCO1,-116.3084
O=C1CO[C@H]2CO[C@H]2C1,-80.7604
C[C@H]1O[C@H]2CCC[C@@]12O,-73.34
O[C@H]1COCC[C@H]1C#C,-24.6102
CC[C@H]1O[C@H]2C[C@@]12CC,-13.8558
N[C@@H]1C=C([NH])N=C(F)O1,-48.6729
O=CO[C@H]1CC[C@H]1C=O,-91.7148
C[C@@]12CC[C@H]3[C@@H](OC1)[C@@H]23,-13.8146
OC[C@H]1C[C@H]2[C@@H]1[C@H]1CN21,46.3094
CC#CC[C@@](C)(N)C#N,65.2892
CC(C)[C@@]1(C)CNC1=O,-50.4261
C[C@@]12O[C@@H]([C@H]1C#C)C2=O,58.5214
CO[C@H]1C[C@H]2C=CC[C@@H]12,-3.3057
CN1[C@H]2CC3(CC3)[C@@H]12,76.2214
O=CNC[C@H]1[C@H]2CC[C@@H]12,-1.5119
O[C@@]12CN(C1)C[C@H]1O[C@@H]21,-10.4325
O[C@H]1C[C@H]1[C@H]1C[C@H]1C#C,58.9739
CC[C@H]1C[C@H]2[C@@H](C#N)[C@@H]12,59.5402
CN1C[C@H]1c1c[nH]nn1,85.2654
C#Cc1c(cn[nH]1)C#C,153.6836
O=CO[C@]12C[C@@H]3[C@H]1N3C2,15.1955
CC(=C)C#N.N.C(=O)=O,-76.2404
N#CCc1c[nH]nc1,66.3034
CCCN(C=O)C(=O)N,-113.2388
C1C[C@@H]2COCCC2=C1,-21.0021
C[C@H]1C[C@]2(CN2)CO1,-13.8079
C[C@H]1OC[C@]21C[C@@H](O)C2,-50.3593
O[C@H]1C[C@H]2[C@@H](C3CC3)[C@@H]12,24.3292
CC1=C(COC1)[C@H]1CN1,9.3472
C1CN1c1cnncn1,98.059
CO[C@@](C)(CC=O)C#N,-47.9049
C[C@H]1C[C@@H](O[CH][NH])C1=O,-43.8763
OC[C@@H](O)c1n[nH]cc1,-48.4323
[NH][C]1OC[C@H]1OC1CC1,-20.4357
CC(=NO)C#CCC#C,107.3702
CC[C@H]1C[C]([NH])N1C=O,-21.642
C[C@H]1C[C@H]2CC[C](C)[C]12,25.8842
CC1=N[C@H](O)C=C([NH])N1,-21.4247
O=CC1=CNCC1,-15.1912
CCC1=CC[C@H]2OC[C@@H]12,-10.5735
CC(=O)C#CC(F)(F)F,-146.7074
OC[C@]12CCN1[C@H]2C#N,47.2835
Nc1c[nH]c2c1cco2,28.4123
[NH][C]1C[C@@H](O1)C#CC=O,24.8326
CC1=C[C@H]2OC[C@]1(C)O2,-49.0115
N#C[C@@]12C[C@H]3[C@@H](C1)[C@H]3O2,34.4944
O=CN[C@@H](CC#C)C#C,73.2311
C[C@@]1(O)[C@@H](CO)OC1=O,-153.5049
C[C@H]1CO[C@@H](C)C1,-61.3772
CO[C@]1(C[C@H]1CO)C#C,0.4211
COc1c(cn[nH]1)C#N,32.4669
O=C1OC[C@]21COCO2,-128.072
N#CC[C@H]1COC=N1,8.1732
O=C1COC[C@H]1CC#N,-37.6503
O=C1OCC2=CCCN12,-57.1884
CC[C@]12C[C@H]3O[C@H]3[C@H]1N2,11.391
C[C@@](C=O)(N=CN)C#N,10.3279
O=C(CC#N)C[C@H]1CN1,23.8724
C[C@@H]1N=C([NH])OC=N1,2.3691
C1OCC21CC=CCO2,-33.8591
CC1=C[C@H]2C[C@]1(C)C2=O,11.6089
CC[C@H]1C[C@@H]2C[C@@H](C2)C1,-3.7592
C[C@H]1[C@H]2CO[C@H]2C1=O,-26.8537
O[C@H]1[C@H]2C[C@@H]1C(=O)CC2,-56.0233
C1[C@H]2[C@@H]3N4CCO[C@@]13[C@@H]24,83.7659
CC(=NO)[C@]12CC[C@H]1O2,2.7401
C1Cc2c[nH]cc2C1,27.6143
CN1[C@H]2C=C[C@H]3N[C@H]3[C@@H]12,91.5693
C[C@]12[C@H]3N[C@H]3[C@H]1C[C@H]2O,34.3679
O[C@@]12C[C@H]3[C@@H]1N[C@@]23C=O,37.2756
CC[C@H]1C[C@]2(C[C@H]2C)C1,10.4582
O=C1C[C@@H]2CO[C@@H](C2)C1,-72.8381
CC(C)(O)[C@]12CC[C@H]1O2,-50.7666
Cc1nc2c(COC2)o1,-33.6643
O=C1C=C[C@H]2CO[C@@H]12,-20.9859
COc1ncc(F)cc1,-65.8673
[NH][C]1O[C@@]23CC[C@@]12NC3,72.4962
O=CNC(=O)CC1CC1,-65.1269
ON=C1CO[C@H]1CC=O,-38.774
C[C@H]1COc2nccn12,-3.7914
OCCCCC(=O)C#C,-29.2086
CC[C@H]1O[C@]21CC=CC2,-11.0805
CC[C@@]12CN3C[C@]1(O)[C@@H]23,43.1386
CO[C@@]12CC[C@@H](CC1)O2,-79.6471
N#CCOCC[C@H]1CO1,-23.5971
C1C[C@@]23N=CO[C@@H]2C[C@@H]13,23.0832
Cn1cc(F)c(=O)nn1,-12.4254
CC1=C(C)CN=COC1,-10.7036
COC[C@@]1(C)[C@@H](C)N1C,-27.9436
O=CN[C@H]1CCN2C[C@@H]12,-7.481
C[C@@H](O)[C@@H](O)C(C)(C)C,-118.9345
NC(=NCC#N)NC=O,-5.3193
O=CN1C[C@@H](C=C1)C#N,17.0524
ON=C1C[C@H]2C[C@@H]3[C@H]2[C@H]13,52.3591
O[C@H]1C[C@@H]2C[C@H]1CC=C2,-25.7397
CCc1c(N)c(N)c[nH]1,19.2248
OC1=NOC(=O)N[C]1[NH],-63.5268
CN1C=NC(=O)N[C]1[NH],-20.0307
C1CC1[C@@]12N[C@H]3[C@@H]1N[C@@H]23,141.0434
Cc1c(O)c(O)c(C)[nH]1,-65.2543
C[C@@]1(CO)[C@@H](O)[C@H]1O,-105.048
CCCc1c(C)nco1,-38.8035
O=CC1=C[C@]2(CN2)CC1,15.5261
C[C@H]1CO[C@H]2C[C@@]2(O)C1,-61.0132
C[C@H]1O[C@@]23CN(C2)[C@@]13C,103.242
CO[C@@]1(C)[C@H]2OC=N[C@@H]12,-29.8038
CC1(C)N[C@H]1CCO,-35.5303
O=N(=O)c1cncnn1,67.0105
ON=C1[C@H]2C[C@@H]1[C@H]2C#C,129.9605
CN1[C@H]2[C@@H]1[C@H]1[C@@H]3CN1[C@H]23,126.3227
C#CCC1=CCOCC1,31.8567
O[C@H]1C=C[C@H]2OC[C@@]12O,-67.257
Cc1c(CO)cc(N)[nH]1,-20.724
Nc1cc(CC#C)n[nH]1,94.5138
CO[C@H]1[C@H]2CN3[C@H]2[C@]13C,38.9863
O=C[C@H]1O[C@H]2[C@H]3C[C@H]3[C@@H]12,17.1981
C[C@H]1C[C@]2(CO2)CCO1,-68.2157
C1O[C@]21[C@H]1N[C@H]1[C@H]1O[C@@H]21,29.1933
C[C@@H](O)[C@H]1C[C@@H](C)C1=O,-80.4164
OCC(=O)n1cncn1,-34.3689
COC1(CCC1)[C@H]1CO1,-38.2333
C[C@@]12O[C@@H](C=C1)[C@]12CN1,66.8275
CN(CC#CCO)C=O,-28.2695
O=C1CO[C@@H]2C[C@@H](C2)O1,-86.76
C[C@H]1N(CC1=O)C=O,-55.3592
N[C@H]1[C@@H](O)C(=O)NC1=O,-117.7074
COCC[C@]1(CN1)C#C,42.1891
C[C@H]1CC=CCC21CC2,20.487
CC[C@H]1C[C@]21COC=N2,-9.7981
C[C@H]1C[C@H]2C[C@H]3O[C@@H]1[C@@H]23,-2.2125
CC(=O)[C@@]1(C)NC1(C)C,-34.1918
CC#C[C@H]1CCC1=NO,66.7805
Nc1c(O)c(O)n[nH]1,-37.5862
O[C@H]1C[C@@H]2O[C@H]1[C@]12CO1,-47.7465
CCCN=C(NC)C=O,-33.1856
OC[C@H]1O[C@H]2[C@@H](C=O)[C@@H]12,-50.7422
C[C@@H](CC=O)[C@H]1CCO1,-65.6429
CC(C)c1noc(C)c1,-18.1792
O=COCC1(CC1)C#C,-3.8166
C[C@@]1(N)[C@H]2N[C]([NH])[C@@]12O,30.2992
CC(=O)C[C@@H](CO)C#C,-35.4341
Cc1c[nH]c(N)nc1=O,-24.9651
C[C@H]1C[C@@H](C)C[C@@H](C)C1,-49.0778
O[C@H]1C[C@@]2(O)CCC[C@@H]12,-70.7942
C[C@@]12[C@H]3O[C@@H]1C[C@@]23C#N,70.2455
CCN1[C@H]2C[C@@H](OC)[C@@H]12,7.6882
C[C@@]12C[C@H]3[C@@H]1OCO[C@@H]23,-20.65
CN1C[C@H]2CNC(=O)[C@@H]12,-13.4066
OC[C@H]1CCCC[C@H]1O,-103.3869
CC(=O)[C@H]1CC[C@]21CN2,5.4924
CC1=C(N)CCNC1=O,-43.4781
CCn1ccnc1OC,-26.2285
O=COC=NCCC#C,-6.3771
[nH]1cnc2c1cn[nH]2,73.7303
CC[C@]12O[C@H]1COC2=O,-99.8636
CCN[C@H]1CO[C]1[NH],-13.0476
C[C@H]1[C@H]2O[C@@H]1[C@H]2C(=O)C,-12.6568
CC(C)COCC#N,-30.0096
C[C@@H](C#C)[C@H]1CC[C@H]1O,20.1368
CC[C@H]1O[C@H]2[C@@H](C=O)[C@@H]12,-23.706
C[C@@]12CC(C)(C)[C@]1(C)O2,-27.8261
O[C@H]1[C@H]2[C@H]3C[CH][C]1[C@@]23O,48.6639
C[C@@]12N[C@H]3[C@@H]([C@H]1O)[C@@]23O,2.5757
C[C@H]1C[C@@H](C#N)C1=O,5.6427
CC1(C)[C@H]2CC=C[C@@]12C,20.7957
C[C@H]1NCCNC1=O,-47.6611
C[C@H]1C[C@H]2[C@@H](C)C[C@@H]12,17.7329
O=CCC(=O)CNC=O,-109.6625
CC1=CCN2C[C@]1(O)C2,9.8642
ON=C1C=C[C@H]2[C@@H](O)[C@@H]12,12.8021
C[C@@]12[C@H]3CCC[C@@H]1O[C@@H]23,1.2043
C[C@H]1CC[C@@H](C#N)C1=O,-15.0938
CN(C)c1cn(C)cc1,23.2977
C[C@H]1[C@H]2C[C@@]2(C)[C@H]1C#C,83.7028
O=C1C[C@@H]2[C@H]3CN2[C@H]3C1,43.7251
C[C@H]1[C@H]2[C@@H](C)[C@@H](O)[C@@]12C,-17.2601
CC(C)[C@H]1C[C@@H](C)[C@H]1C,-25.2143
O[C@]12CN[C@H]1C(=O)OC2,-83.8097
C1[C@H]2N1Cc1c2onc1,71.0515
C[C@@H](CO)[C@@]1(C)CO1,-76.4944
C[C@H]1C[C@@H](C)N=CO1,-44.9713
CCOC[C@H]1OCC=C1,-63.2584
C[C@@H](C[C@H]1C[C@H]1C)C=O,-34.2072
C1Cc2conc2N1,30.0714
Cc1nn2CCNc2c1,43.9486
CCC(=O)n1cncn1,-12.2286
C[C@H]1O[C]([NH])[C@]1(C)C#N,8.7349
CNc1nn(C=O)cc1,3.04
C1[C@H]2C[C@]31C[C@H]1O[C@@H]2[C@@H]31,102.4647
C[C@H]1O[C@@H]2[C@H]1CC[C@H]2C,-38.608
[NH][CH]OC1CC2(CC2)C1,12.4056
O[C@H]1[C@@H](O)[C@]1(O)C=O,-123.1385
CC#C[C@H]1CC[C@@H](C)C1,25.5629
C[C@]12CN1CCC2(C)C,7.2426
C[C@]12CO[C@@]31C[C@H]2CC3,60.8584
C1[C@H]2[N][CH]O[C@H]3C[C@@]12C3,47.4237
O=CC[C@H]1CCC(=O)N1,-83.0799
C[C@H]1[C@H]2COC[C@@H](O)[C@@H]12,-57.7853
Cn1nnc(CC#C)n1,115.1768
C[C@H]1[C@H]2OC[C@H]2C1=O,-31.2989
O[C@H]1[C@H]2CC3(COC3)[C@@H]12,-6.2963
Cn1cnn(C)c1=O,-25.2305
Cc1ccc[nH]1,14.8256
CC1=C[C@H]2[C@@H](O)C[C@H]2C1,-15.933
NC(=N)c1n[nH]nc1N,59.0168
C[C@H]1O[C@]21[C@H]1C[C@@H]2C=C1,46.5404
C[C@@]12CO[C@@H]([C@H]1O)C2=O,-72.2438
CC(C)C[C@H]1OC[C@H]1C,-53.0744
Cn1cc(C=O)nc1O,-50.9035
O[C@]12C[C@H]1N1C[C@H]1C2=O,2.9785
O=C1CC[C@@H]2C[C@H]1C=C2,-12.4266
CCC#CC(=O)C,-0.457
CCC#C[C@@]1(C)CO1,20.5365
ON=C(CC1CC1)C#C,74.7329
CC1(C)[N][C]2O[C@@H]3[C@H]2[C@H]13,99.6538
C[C@H]1C=CC(=O)C21CC2,-5.8171
NC(=O)CC1(CC1)C#C,24.177
CO[C@H]1COC[C@H]2N[C@@H]12,-40.7355
C[C@H]1CC(=O)[C@@H](O1)C#C,-14.4629
O[C@@H]([C@H]1CO1)C(=O)C#N,-44.5296
O=CO[C@]12C[C@H]1[C@H]1N[C@@H]21,29.4462
C1CC21C[C@H]1O[C@H]1CO2,-27.7973
Oc1c(NC=N)onn1,10.253
N#C[C@H]1C[C@H]2CN2C1,62.4754
C[C@H]1O[C@]1(CCO)C=O,-97.8781
O[C@H]1CO[C@]21CO[C]2[NH],-57.4989
CC[C@@]12C[C@@](C)(C1)[C@H]2O,-10.9611
O[C@@H](C#C)[C@H]1C[C]([NH])O1,10.0223
C[C@H]1OCC(=O)[C@H]2C[C@@H]12,-57.1554
C1O[C@]21[C@H]1[C@@H]3[C@H]1[C@H]1[C@@H]3[C@@H]21,83.9637
OCCN1N=NO[C@@H]1[NH],-0.7333
CO[C@@H](C=O)C#CCO,-47.2702
OCC#CCO[CH][NH],-4.4813
C[C@@]12CN3[C@@H]1C1(CC1)[C@@H]23,126.2138
CC[C@]12CC[C@H]1[C@H]2OC,-11.5686
C[C@H]1[C@H]2[C@@H]3C[C@H]2[C@]13C,70.3965
CC1(CC#C)CC(=O)C1,27.215
Cc1ccc(CC=O)[nH]1,-17.3535
C[C@H]1OC(C)(C)[C@]21CN2,-11.6416
[NH][C@H]1OC2=C(CNC2)O1,-13.7713
CC[C@@H](CC#CC)C#N,53.8431
C[C@H]1[C@H]2O[C@@]3(C)CN1[C@@H]23,31.6169
C[C@H]1C[C@@H](CO)[C@H]1C,-45.3844
CC(=NO)CO[CH][NH],-30.9229
C[C@H]1C[C@@H]2C[C@H]1OCC2,-49.6207
Cc1cc(C=O)n[nH]1,0.5176
OC[C@H]1C[C@@H]2[C@H]1O[C]2[NH],-27.0609
N#C[C@H]1C[C@]21C[C@H]1CN21,110.695
C1N[C@]21C=C[C@H]1CC[C@@H]21,70.5982
C(C1CC1)n1ccnn1,69.834
C[C@]12CC3(CC3)[C@H]1O2,24.5619
Cn1nnc(=O)nc1N,27.7112
O[C@@H](C#C)C#CC#N,112.2859
CCC(C)(C)CC(=O)C,-78.648
O[C@H]1[C@H]2[C@@H]3O[C@@]2(C#N)[C@H]13,64.532
C[C@H]1C[C@@H](C)C(=O)CN1,-50.7336
C[C@H]1C[C@H]1[C@@](C)(O)C#C,22.0263
OCCOCC#CC#N,4.8635
O=C[C@]12OC[C@H]1[C@H]2C#N,22.0076
C[C@]12N[C@H]1[C@@]1(O)[C@@H](O)[C@@H]21,15.606
O=C1CC=C[C@H]2CN2C1,24.6106
C[C@H]1C[C@]21CC[C]([NH])O2,-17.0779
CN=C1O[C@@]2(C)CN[C@@H]12,18.1866
CNC(=O)CO[CH][NH],-72.1954
Nc1noc(N)c1C#N,36.5536
CC[C@H]1C[C@@H](CC#C)O1,17.5992
N[C]1C=C([NH])OC(=O)O1,-96.0158
CO[C@H]1[C@H]2[C@@H](O)[C@@H]1C2=O,-46.5203
Nc1coc(CO)c1N,-45.8363
N#C[C@H]1O[C@]21CCOC2,-12.5085
C[C@H]1C[C@@]2(C)N[C@H]2[C@H]1O,-27.8709
C1[C@H]2[C@H]3[C@@H]1N1[C@H]3C=C[C@H]21,108.7162
C[C@]12C[C@H]1OC(=O)[C@H]2O,-99.5311
OC1(CC1)[C@H]1[C@H]2C[C@@H]1O2,16.993
C[C@@H](CC=O)C(=O)C=O,-98.6852
O=C1[C@H]2O[C@H]2C21CC2,11.5554
CC#CCC(=O)C(C)C,-10.918
O[C@H]1[C@H]2[C@@H]3C[C@]3(O)[C@@H]12,-3.7557
CCC[C@@H](O)COC,-107.6853
CN1[C@H]2C[C@H]3O[C@H]3[C@@]12C,21.8879
C[C@@]12N=CO[C@H]3[C@@H]1C[C@@H]23,35.3197
CC[C@@]1(O)[C@H]2[C@H]3C[C@@H]1N23,33.148
[NH][C]1O[C@@H]2C[C@H]1CC2=O,-45.4985
C[C@@H](O)C[C@H]1CC[C@H]1C,-54.4562
OC[C@H]1CC21CC(=O)C2,-36.58
CC#Cc1cnc(C)[nH]1,60.0845
CC[C@H]1OC(=O)[C@H]1C#C,-20.0879
NC(=O)CCC#C,-1.0835
CC1=C[C@H]2[C@H]3O[C@@H](C1)[C@@H]23,27.3826
CO[C@H]1[C@@H](OC)[C@H]1C#N,-20.698
CCNC(=O)C[C@H]1CN1,-31.8672
CC1(C)C(=O)COC1=O,-125.1918
O=C1C[C@H]2O[C@H]2[C@H]2N[C@@H]12,-4.9024
C1O[C@]21[C@H]1C[C@@H]2COC1,-23.0904
O=C(C#C)[C@@]12C[C@@H](C1)O2,65.7773
NC(=O)[C@H]1CC21CCC2,-15.9095
C[C@H]1[C@H]2C[C@H](O2)[C@]21CN2,25.8789
O=COCC1=NCCO1,-99.4485
C[C@H]1[C@@H](O)[C@H]2CO[C@@H]12,-41.1538
O=C[C@]12CN3[C@@H]4[C@H]3[C@H]1[C@H]24,73.5926
CO[C@H]1C[C@@H](C#N)[C@H]1C,-5.2518
N#CC1CCCCCC1,6.5014
O=Cc1n[nH]nc1,25.4049
CN1C[C@@]23C[C@@H](O2)[C@@]13C,91.5145
CC[C@@](O)(C#C)C#CC,55.1505
O=C1C=CC2=CCC[C@@H]12,9.142
O[C@H]1CCCC1=O,-83.1475
C[C@H]1C[C@H]2[C@H]3OC[C@@H]1[C@@H]23,-12.2546
C1CC21[C@H]1[C@@H]3C[C@H]1[C@H]23,115.3963
[NH][C]1NC(=O)[C@H]2OC[C@@H]12,-34.284
C[C@@]12N[C@@H](C=C1)[C@H]2O,28.1046
Nc1ccc(F)c(F)c1,-77.9825
CC[C@@H](C)C1(C)COC1,-49.0973
Oc1c(occ1)N1CC1,-11.0043
O[C@]12C[C@H]1[C@]1(N[C@@H]21)C#N,96.2372
CO[C@H]1[C@H]2[C@@H]3O[C@H]2[C@H]13,29.7
C1COCC=CCO1,-49.2839
Nc1cc(=O)c(O)c[nH]1,-47.8055
CCC[C@@H](COC)C=O,-94.7925
O[C@@]12[C@H]3C[C@@H]1[C@H]3CC2=O,-13.5241
NC(=O)[C@H]1C[C@@H](CO)C1,-78.4369
O=C[C@H]1C[C@H]2[C@H]3O[C@H]3[C@@H]12,14.2507
C[C@]12C[C@H]1[C@H]1OC[C@H]1O2,-28.7229
NC(=O)O[C@@H](CO)C#N,-104.6546
